column,family,signal,phase,window,metric,description,unit,dtype,non_null_count,non_null_pct,missing_count,missing_pct,n_unique,is_all_null,is_constant_non_null,is_mostly_missing,is_sparse_or_rare,zero_pct,min,p05,p25,median,p75,p95,max,mean,std,example_values,analysis_role,recommended_for_eda,candidate_model_feature,caution
calendarDate,identity/window metadata,metadata,metadata,not_windowed,calendarDate,"Identifier, UTC/local semantic-window timestamp, duration, or local offset metadata.",date,datetime64[us],473,100.0,0,0.0,473,False,False,False,False,,,,,,,,,,,2023-05-27 00:00:00; 2023-05-28 00:00:00; 2023-05-29 00:00:00,identifier,False,False,
local_utc_offset_minutes,identity/window metadata,metadata,metadata,not_windowed,local_utc_offset_minutes,"Identifier, UTC/local semantic-window timestamp, duration, or local offset metadata.",minutes,int64,473,100.0,0,0.0,7,False,False,False,False,0.0,60.0,60.0,60.0,120.0,120.0,180.0,420.0,108.32980972515857,58.138504699694835,120; 180; 300,identifier,False,False,
local_utc_offset_source,identity/window metadata,metadata,metadata,not_windowed,local_utc_offset_source,"Identifier, UTC/local semantic-window timestamp, duration, or local offset metadata.",metadata,str,473,100.0,0,0.0,2,False,False,False,False,,,,,,,,,,,start_end_agree; start_end_disagree_using_start,identifier,False,False,
next_sleep_start_local,identity/window metadata,metadata,metadata,not_windowed,next_sleep_start_local,"Identifier, UTC/local semantic-window timestamp, duration, or local offset metadata.",timestamp,datetime64[ms],473,100.0,0,0.0,473,False,False,False,False,,,,,,,,,,,2023-05-28 03:23:00; 2023-05-29 02:35:00; 2023-05-30 02:57:00,identifier,False,False,
next_sleep_start_utc,identity/window metadata,metadata,metadata,not_windowed,next_sleep_start_utc,"Identifier, UTC/local semantic-window timestamp, duration, or local offset metadata.",timestamp,"datetime64[ms, UTC]",473,100.0,0,0.0,473,False,False,False,False,,,,,,,,,,,2023-05-28 01:23:00+00:00; 2023-05-29 00:35:00+00:00; 2023-05-30 00:57:00+00:00,identifier,False,False,
sleep_duration_hours,identity/window metadata,metadata,sleep,sleep_phase,sleep_duration_hours,"Identifier, UTC/local semantic-window timestamp, duration, or local offset metadata.",hours,float64,473,100.0,0,0.0,297,False,False,False,False,0.0,3.1,5.113333333333333,7.366666666666666,8.55,9.65,11.123333333333331,13.720833333333333,8.436402396053559,1.8242990484993546,7.9; 7.55; 8.817,identifier,False,False,
sleep_end_local,identity/window metadata,metadata,sleep,sleep_phase,sleep_end_local,"Identifier, UTC/local semantic-window timestamp, duration, or local offset metadata.",timestamp,datetime64[ms],473,100.0,0,0.0,473,False,False,False,False,,,,,,,,,,,2023-05-27 10:42:00; 2023-05-28 10:55:59; 2023-05-29 11:24:00,identifier,False,False,
sleep_end_utc,identity/window metadata,metadata,sleep,sleep_phase,sleep_end_utc,"Identifier, UTC/local semantic-window timestamp, duration, or local offset metadata.",timestamp,"datetime64[ms, UTC]",473,100.0,0,0.0,473,False,False,False,False,,,,,,,,,,,2023-05-27 08:42:00+00:00; 2023-05-28 08:55:59+00:00; 2023-05-29 09:24:00+00:00,identifier,False,False,
sleep_start_local,identity/window metadata,metadata,sleep,sleep_phase,sleep_start_local,"Identifier, UTC/local semantic-window timestamp, duration, or local offset metadata.",timestamp,datetime64[ms],473,100.0,0,0.0,473,False,False,False,False,,,,,,,,,,,2023-05-27 02:48:00; 2023-05-28 03:23:00; 2023-05-29 02:35:00,identifier,False,False,
sleep_start_utc,identity/window metadata,metadata,sleep,sleep_phase,sleep_start_utc,"Identifier, UTC/local semantic-window timestamp, duration, or local offset metadata.",timestamp,"datetime64[ms, UTC]",473,100.0,0,0.0,473,False,False,False,False,,,,,,,,,,,2023-05-27 00:48:00+00:00; 2023-05-28 01:23:00+00:00; 2023-05-29 00:35:00+00:00,identifier,False,False,
wake_duration_hours,identity/window metadata,metadata,wake,wake_phase,wake_duration_hours,"Identifier, UTC/local semantic-window timestamp, duration, or local offset metadata.",hours,float64,473,100.0,0,0.0,329,False,False,False,False,0.0,7.033333333333333,12.314444444444446,14.433333333333334,15.683333333333334,17.3,64.11999999999998,3830.3,41.53773431994362,218.72750232421092,16.68; 15.65; 15.55,identifier,False,False,
sleep_hr_coverage_fraction,foundation coverage,hr,sleep,sleep_phase,coverage_fraction,"Packet 02 baseline count, coverage, or stress status diagnostic carried into the feature library.",fraction 0..1,float64,473,100.0,0,0.0,465,False,False,False,False,0.0,0.1386861313868613,0.5984713227142774,0.6519823788546255,0.6883116883116883,0.7183770883054893,0.7587307832832129,0.8373205741626795,0.6825282716538829,0.05974756879739743,0.6477; 0.6446; 0.6578,diagnostic,True,True,
sleep_hr_total_count,foundation coverage,hr,sleep,sleep_phase,total_count,"Packet 02 baseline count, coverage, or stress status diagnostic carried into the feature library.",count,int64,473,100.0,0,0.0,250,False,False,False,False,0.0,76.0,193.6,296.0,353.0,402.0,477.79999999999995,548.0,346.28541226215646,83.48506303011897,307; 292; 349,diagnostic,True,True,
sleep_hr_valid_count,foundation coverage,hr,sleep,sleep_phase,valid_count,"Packet 02 baseline count, coverage, or stress status diagnostic carried into the feature library.",count,int64,473,100.0,0,0.0,256,False,False,False,False,0.0,76.0,193.2,295.0,352.0,402.0,477.79999999999995,548.0,346.08245243128965,83.48325634248963,307; 292; 348,diagnostic,True,True,
sleep_stress_coverage_fraction,foundation coverage,stress,sleep,sleep_phase,coverage_fraction,"Packet 02 baseline count, coverage, or stress status diagnostic carried into the feature library.",fraction 0..1,float64,473,100.0,0,0.0,445,False,False,False,False,0.0,0.1478102189781022,0.8668691313644674,0.9425837320574163,0.9713156029691522,0.988950276243094,0.9983626517991605,1.0,0.9548881455852698,0.06467172094828585,0.9916; 0.9559; 0.9849,diagnostic,True,True,
sleep_stress_nonvalid_count,foundation coverage,stress,sleep,sleep_phase,nonvalid_count,"Packet 02 baseline count, coverage, or stress status diagnostic carried into the feature library.",count,int64,473,100.0,0,0.0,78,False,False,False,False,7.822410147991543,0.0,0.0,3.0,11.0,25.0,59.0,106.0,17.613107822410146,19.430485339582095,4; 20; 8,diagnostic,True,True,
sleep_stress_nonvalid_fraction,foundation coverage,stress,sleep,sleep_phase,nonvalid_fraction,"Packet 02 baseline count, coverage, or stress status diagnostic carried into the feature library.",fraction 0..1,float64,473,100.0,0,0.0,427,False,False,False,False,7.822410147991543,0.0,0.0,0.007434944237918215,0.022821576763485476,0.047839506172839504,0.1086364725617062,0.20866141732283464,0.03508405687440054,0.03827935700078157,0.008439; 0.04415; 0.01512,diagnostic,True,True,
sleep_stress_status_value_count,foundation coverage,stress,sleep,sleep_phase,status_value_count,"Packet 02 baseline count, coverage, or stress status diagnostic carried into the feature library.",count,int64,473,100.0,0,0.0,1,False,True,False,True,100.0,0.0,0.0,0.0,0.0,0.0,0.0,0.0,0.0,0.0,0,diagnostic,True,False,constant among non-null values; sparse or rare-event style feature
sleep_stress_status_value_fraction,foundation coverage,stress,sleep,sleep_phase,status_value_fraction,"Packet 02 baseline count, coverage, or stress status diagnostic carried into the feature library.",fraction 0..1,float64,473,100.0,0,0.0,1,False,True,False,True,100.0,0.0,0.0,0.0,0.0,0.0,0.0,0.0,0.0,0.0,0,diagnostic,True,False,constant among non-null values; sparse or rare-event style feature
sleep_stress_total_count,foundation coverage,stress,sleep,sleep_phase,total_count,"Packet 02 baseline count, coverage, or stress status diagnostic carried into the feature library.",count,int64,473,100.0,0,0.0,283,False,False,False,False,0.0,88.0,300.8,439.0,506.0,576.0,658.4,821.0,500.3911205073996,110.49336450575458,474; 453; 529,diagnostic,True,True,
sleep_stress_unmeasurable_count,foundation coverage,stress,sleep,sleep_phase,unmeasurable_count,"Packet 02 baseline count, coverage, or stress status diagnostic carried into the feature library.",count,int64,473,100.0,0,0.0,78,False,False,False,False,7.822410147991543,0.0,0.0,3.0,11.0,25.0,59.0,106.0,17.613107822410146,19.430485339582095,4; 20; 8,diagnostic,True,True,
sleep_stress_unmeasurable_fraction,foundation coverage,stress,sleep,sleep_phase,unmeasurable_fraction,"Packet 02 baseline count, coverage, or stress status diagnostic carried into the feature library.",fraction 0..1,float64,473,100.0,0,0.0,427,False,False,False,False,7.822410147991543,0.0,0.0,0.007434944237918215,0.022821576763485476,0.047839506172839504,0.1086364725617062,0.20866141732283464,0.03508405687440054,0.03827935700078157,0.008439; 0.04415; 0.01512,diagnostic,True,True,
sleep_stress_valid_count,foundation coverage,stress,sleep,sleep_phase,valid_count,"Packet 02 baseline count, coverage, or stress status diagnostic carried into the feature library.",count,int64,473,100.0,0,0.0,279,False,False,False,False,0.0,81.0,286.6,420.0,489.0,558.0,635.4,766.0,482.77801268498945,107.56815717643339,470; 433; 521,diagnostic,True,True,
wake_hr_coverage_fraction,foundation coverage,hr,wake,wake_phase,coverage_fraction,"Packet 02 baseline count, coverage, or stress status diagnostic carried into the feature library.",fraction 0..1,float64,473,100.0,0,0.0,468,False,False,False,False,0.0,0.0019798275156863256,0.2820885033132523,0.8376550169109357,0.8729096989966555,0.8896982310093653,0.9084858258887593,0.9297619047619048,0.7983888101919713,0.19483655553499754,0.8901; 0.771; 0.851,diagnostic,True,True,
wake_hr_total_count,foundation coverage,hr,wake,wake_phase,total_count,"Packet 02 baseline count, coverage, or stress status diagnostic carried into the feature library.",count,int64,473,100.0,0,0.0,316,False,False,False,False,0.0,138.0,584.6,736.0,810.0,897.0,1380.6,7631.0,872.7505285412262,433.41677221875483,891; 732; 794,diagnostic,True,True,
wake_hr_valid_count,foundation coverage,hr,wake,wake_phase,valid_count,"Packet 02 baseline count, coverage, or stress status diagnostic carried into the feature library.",count,int64,473,100.0,0,0.0,316,False,False,False,False,0.0,107.0,566.0,736.0,810.0,895.0,1330.5999999999995,7538.0,863.7293868921776,417.25948589047806,891; 724; 794,diagnostic,True,True,
wake_stress_coverage_fraction,foundation coverage,stress,wake,wake_phase,coverage_fraction,"Packet 02 baseline count, coverage, or stress status diagnostic carried into the feature library.",fraction 0..1,float64,473,100.0,0,0.0,467,False,False,False,False,0.0,0.0015055391657746566,0.2268462860634515,0.6259220231822972,0.7274725274725274,0.8051948051948052,0.9054950590590459,0.9663032705649157,0.6819696898601216,0.1920464924002469,0.6424; 0.607; 0.701,diagnostic,True,True,
wake_stress_nonvalid_count,foundation coverage,stress,wake,wake_phase,nonvalid_count,"Packet 02 baseline count, coverage, or stress status diagnostic carried into the feature library.",count,int64,473,100.0,0,0.0,306,False,False,False,False,0.0,28.0,76.0,164.0,233.0,326.0,794.5999999999996,19704.0,372.95137420718817,1073.0739645359586,334; 354; 268,diagnostic,True,True,
wake_stress_nonvalid_fraction,foundation coverage,stress,wake,wake_phase,nonvalid_fraction,"Packet 02 baseline count, coverage, or stress status diagnostic carried into the feature library.",fraction 0..1,float64,473,100.0,0,0.0,472,False,False,False,False,0.0,0.03369672943508424,0.09116176137452733,0.183187946074544,0.25216450216450215,0.3369098712446352,0.5895994805953272,0.933883586965867,0.27752962149985694,0.1452724663607953,0.3419; 0.3831; 0.2907,diagnostic,True,True,
wake_stress_status_value_count,foundation coverage,stress,wake,wake_phase,status_value_count,"Packet 02 baseline count, coverage, or stress status diagnostic carried into the feature library.",count,int64,473,100.0,0,0.0,1,False,True,False,True,100.0,0.0,0.0,0.0,0.0,0.0,0.0,0.0,0.0,0.0,0,diagnostic,True,False,constant among non-null values; sparse or rare-event style feature
wake_stress_status_value_fraction,foundation coverage,stress,wake,wake_phase,status_value_fraction,"Packet 02 baseline count, coverage, or stress status diagnostic carried into the feature library.",fraction 0..1,float64,473,100.0,0,0.0,1,False,True,False,True,100.0,0.0,0.0,0.0,0.0,0.0,0.0,0.0,0.0,0.0,0,diagnostic,True,False,constant among non-null values; sparse or rare-event style feature
wake_stress_total_count,foundation coverage,stress,wake,wake_phase,total_count,"Packet 02 baseline count, coverage, or stress status diagnostic carried into the feature library.",count,int64,473,100.0,0,0.0,309,False,False,False,False,0.0,345.0,707.4,838.0,925.0,1020.0,2047.3999999999987,21172.0,1113.6849894291754,1227.983768394617,977; 924; 922,diagnostic,True,True,
wake_stress_unmeasurable_count,foundation coverage,stress,wake,wake_phase,unmeasurable_count,"Packet 02 baseline count, coverage, or stress status diagnostic carried into the feature library.",count,int64,473,100.0,0,0.0,306,False,False,False,False,0.0,28.0,76.0,164.0,233.0,326.0,794.5999999999996,19704.0,372.95137420718817,1073.0739645359586,334; 354; 268,diagnostic,True,True,
wake_stress_unmeasurable_fraction,foundation coverage,stress,wake,wake_phase,unmeasurable_fraction,"Packet 02 baseline count, coverage, or stress status diagnostic carried into the feature library.",fraction 0..1,float64,473,100.0,0,0.0,472,False,False,False,False,0.0,0.03369672943508424,0.09116176137452733,0.183187946074544,0.25216450216450215,0.3369098712446352,0.5895994805953272,0.933883586965867,0.27752962149985694,0.1452724663607953,0.3419; 0.3831; 0.2907,diagnostic,True,True,
wake_stress_valid_count,foundation coverage,stress,wake,wake_phase,valid_count,"Packet 02 baseline count, coverage, or stress status diagnostic carried into the feature library.",count,int64,473,100.0,0,0.0,337,False,False,False,False,0.0,105.0,391.0,606.0,690.0,791.0,1092.9999999999995,7282.0,740.7336152219873,408.6957143979717,643; 570; 654,diagnostic,True,True,
sleep_hr_coefficient_of_variation,distribution/shape,hr,sleep,sleep_phase,coefficient_of_variation,coefficient of variation for hr in sleep.,bpm,float64,473,100.0,0,0.0,473,False,False,False,False,0.0,0.04633667035311954,0.08017168545896823,0.09691190069827905,0.10843288043862236,0.12306460795807699,0.14607850380292267,0.2628741400322448,0.11049757790908057,0.021711835825407477,0.08601; 0.1421; 0.1209,feature,True,True,
sleep_hr_histogram_entropy,distribution/shape,hr,sleep,sleep_phase,histogram_entropy,Distribution entropy over fixed maximum-heart-rate zone bins derived from the configured max HR.,bits,float64,473,100.0,0,0.0,21,False,False,False,True,95.77167019027483,-0.0,-0.0,0.0,0.0,0.0,0.0,0.5127951990577375,0.0036143422305943734,0.03161210106985684,-0; 0.0284; 0.03894,feature,True,True,sparse or rare-event style feature
sleep_hr_iqr,distribution/shape,hr,sleep,sleep_phase,iqr,iqr for hr in sleep.,bpm,float64,473,100.0,0,0.0,27,False,False,False,False,0.0,3.0,5.0,6.0,7.0,8.0,11.0,17.0,7.273784355179704,1.9708740326160443,5; 7; 6,feature,True,True,
sleep_hr_kurtosis,distribution/shape,hr,sleep,sleep_phase,kurtosis,kurtosis for hr in sleep.,bpm,float64,473,100.0,0,0.0,473,False,False,False,False,0.0,-1.068969681013388,-0.380549647932849,0.4302939249014499,1.1913930725586357,2.861703622380468,7.471151324715596,20.589743446288644,2.1178327407583404,2.8256535226513533,1.216; 8.716; 14.65,feature,True,True,
sleep_hr_mad,distribution/shape,hr,sleep,sleep_phase,mad,mad for hr in sleep.,bpm,float64,473,100.0,0,0.0,10,False,False,False,False,0.0,2.0,2.0,3.0,3.0,4.0,5.0,7.5,3.4873150105708244,0.9583547058401561,3; 2; 4.5,feature,True,True,
sleep_hr_max,distribution/shape,hr,sleep,sleep_phase,max,max for hr in sleep.,bpm,float64,473,100.0,0,0.0,46,False,False,False,False,0.0,56.0,64.0,69.0,74.0,81.0,94.0,120.0,76.1754756871036,9.560803030260947,67; 90; 96,feature,True,True,
sleep_hr_mean,distribution/shape,hr,sleep,sleep_phase,mean,mean for hr in sleep.,bpm,float64,473,100.0,0,0.0,473,False,False,False,False,0.0,42.415162454873645,46.1093978250284,48.83388704318937,51.23218997361477,53.59615384615385,58.44018164998738,78.72448979591837,51.65749491598816,4.1312227417237954,48.87; 49.35; 48.18,feature,True,True,
sleep_hr_median,distribution/shape,hr,sleep,sleep_phase,median,median for hr in sleep.,bpm,float64,473,100.0,0,0.0,33,False,False,False,False,0.0,42.0,45.0,48.0,50.0,53.0,57.0,75.0,50.63742071881607,4.126582636564968,48; 47; 45,feature,True,True,
sleep_hr_min,distribution/shape,hr,sleep,sleep_phase,min,min for hr in sleep.,bpm,float64,473,100.0,0,0.0,23,False,False,False,False,0.0,34.0,38.0,40.0,42.0,44.0,47.39999999999998,66.0,42.15644820295983,3.4292680180316406,41; 40; 39,feature,True,True,
sleep_hr_p05,distribution/shape,hr,sleep,sleep_phase,p05,p05 for hr in sleep.,bpm,float64,473,100.0,0,0.0,49,False,False,False,False,0.0,36.0,39.7,42.0,44.0,46.0,50.0,67.0,44.460359408033824,3.628650160182264,43; 42; 40,feature,True,True,
sleep_hr_p10,distribution/shape,hr,sleep,sleep_phase,p10,p10 for hr in sleep.,bpm,float64,473,100.0,0,0.0,41,False,False,False,False,0.0,37.0,40.0,43.0,45.0,47.0,51.0,68.5,45.418816067653275,3.7180044594744723,44; 43; 41,feature,True,True,
sleep_hr_p25,distribution/shape,hr,sleep,sleep_phase,p25,p25 for hr in sleep.,bpm,float64,473,100.0,0,0.0,35,False,False,False,False,0.0,39.0,42.0,45.0,47.0,49.0,54.0,71.0,47.48097251585624,3.865799451175348,46; 45; 44,feature,True,True,
sleep_hr_p75,distribution/shape,hr,sleep,sleep_phase,p75,p75 for hr in sleep.,bpm,float64,473,100.0,0,0.0,42,False,False,False,False,0.0,45.0,49.0,52.0,54.0,57.0,63.0,84.0,54.754756871035944,4.621778758700667,51; 52; 50,feature,True,True,
sleep_hr_p90,distribution/shape,hr,sleep,sleep_phase,p90,p90 for hr in sleep.,bpm,float64,473,100.0,0,0.0,81,False,False,False,False,0.0,47.0,53.0,56.0,58.400000000000034,62.0,68.0,96.0,59.186680761099375,5.140155328884845,55; 57; 56,feature,True,True,
sleep_hr_p95,distribution/shape,hr,sleep,sleep_phase,p95,p95 for hr in sleep.,bpm,float64,473,100.0,0,0.0,131,False,False,False,False,0.0,50.0,55.0,59.0,61.44999999999999,65.0,72.0,101.5,62.22241014799154,5.7013819126055205,57; 60; 57.65,feature,True,True,
sleep_hr_range,distribution/shape,hr,sleep,sleep_phase,range,range for hr in sleep.,bpm,float64,473,100.0,0,0.0,48,False,False,False,False,0.0,17.0,23.0,28.0,32.0,39.0,51.0,71.0,34.01902748414376,8.918094387865185,26; 50; 55,feature,True,True,
sleep_hr_skewness,distribution/shape,hr,sleep,sleep_phase,skewness,skewness for hr in sleep.,bpm,float64,473,100.0,0,0.0,473,False,False,False,False,0.0,-0.026789996801687126,0.402556219011804,0.7699882579558992,0.9986266784342757,1.3481811854879162,2.071364380653606,3.655877667501346,1.1007208204190855,0.5251287951513888,0.9825; 2.366; 2.744,feature,True,True,
sleep_hr_std,distribution/shape,hr,sleep,sleep_phase,std,std for hr in sleep.,bpm,float64,473,100.0,0,0.0,473,False,False,False,False,0.0,2.665206167323028,4.07500838123102,4.893147634388369,5.490761875607532,6.415217365796385,7.832431985950632,15.387496487893662,5.712400900762034,1.2636918510572843,4.203; 7.014; 5.824,feature,True,True,
sleep_hr_trimmed_mean,distribution/shape,hr,sleep,sleep_phase,trimmed_mean,trimmed mean for hr in sleep.,bpm,float64,473,100.0,0,0.0,472,False,False,False,False,0.0,42.08071748878924,45.58025655976676,48.29042904290429,50.73029045643153,53.101190476190474,57.97421686746988,77.38216560509554,51.10059394829668,4.1216338341597645,48.46; 48.36; 47.35,feature,True,True,
sleep_stress_coefficient_of_variation,distribution/shape,stress,sleep,sleep_phase,coefficient_of_variation,coefficient of variation for stress in sleep.,stress points,float64,473,100.0,0,0.0,473,False,False,False,False,0.0,0.2067642966051624,0.4106285900056396,0.5736029179726693,0.6965008883929991,0.8557552815599649,1.1004593999879448,1.4543981593549176,0.7220423867918058,0.21388892047128388,1.119; 1.086; 1.059,feature,True,True,
sleep_stress_histogram_entropy,distribution/shape,stress,sleep,sleep_phase,histogram_entropy,Distribution entropy over fixed Garmin-like stress-state bins across valid stress values from 0 to 100.,bits,float64,473,100.0,0,0.0,468,False,False,False,False,1.0570824524312896,-0.0,0.06487279447085693,0.218540675917055,0.4128398530420611,0.7196962778434154,1.167090701130628,1.741143490301878,0.5053820915672858,0.36417018396042544,0.09268; 0.348; 0.281,feature,True,True,
sleep_stress_iqr,distribution/shape,stress,sleep,sleep_phase,iqr,iqr for stress in sleep.,stress points,float64,473,100.0,0,0.0,48,False,False,False,False,0.0,4.0,6.0,9.0,11.0,13.0,18.0,37.5,11.263742071881607,4.279396698438493,7; 11; 10,feature,True,True,
sleep_stress_kurtosis,distribution/shape,stress,sleep,sleep_phase,kurtosis,kurtosis for stress in sleep.,stress points,float64,473,100.0,0,0.0,473,False,False,False,False,0.0,-1.346535220655059,-0.12710912940159255,1.9469944112146114,3.9884086337317495,6.872006077859783,16.45080755010927,43.92848907994528,5.45108225462322,5.532413826729391,8.291; 14.97; 4.379,feature,True,True,
sleep_stress_mad,distribution/shape,stress,sleep,sleep_phase,mad,mad for stress in sleep.,stress points,float64,473,100.0,0,0.0,21,False,False,False,False,0.0,1.0,3.0,4.0,5.0,6.0,8.0,17.5,5.283298097251586,1.9300878262002157,3; 6; 5,feature,True,True,
sleep_stress_max,distribution/shape,stress,sleep,sleep_phase,max,max for stress in sleep.,stress points,float64,473,100.0,0,0.0,73,False,False,False,False,0.0,19.0,36.0,53.0,66.0,75.0,89.0,97.0,64.03594080338266,15.929043839651657,51; 89; 54,feature,True,True,
sleep_stress_mean,distribution/shape,stress,sleep,sleep_phase,mean,mean for stress in sleep.,stress points,float64,473,100.0,0,0.0,472,False,False,False,False,0.0,3.246520874751491,6.44779147126186,10.151898734177216,13.333333333333334,17.805785123966942,24.190650648914126,57.12189054726368,14.551721539600434,6.565919114818763,5.536; 9.316; 7.866,feature,True,True,
sleep_stress_median,distribution/shape,stress,sleep,sleep_phase,median,median for stress in sleep.,stress points,float64,473,100.0,0,0.0,41,False,False,False,False,0.0,1.0,4.0,8.5,12.0,16.0,22.0,59.5,12.608879492600423,6.468110537410998,4; 7; 6,feature,True,True,
sleep_stress_min,distribution/shape,stress,sleep,sleep_phase,min,min for stress in sleep.,stress points,float64,473,100.0,0,0.0,17,False,False,False,False,43.76321353065539,0.0,0.0,0.0,1.0,2.0,7.0,27.0,1.6469344608879493,2.8006485412344366,0; 1; 5,feature,True,True,
sleep_stress_p05,distribution/shape,stress,sleep,sleep_phase,p05,p05 for stress in sleep.,stress points,float64,473,100.0,0,0.0,50,False,False,False,False,14.587737843551796,0.0,0.0,1.0,2.0,5.0,11.0,30.0,3.6192389006342496,3.98393972621083,0; 1; 3,feature,True,True,
sleep_stress_p10,distribution/shape,stress,sleep,sleep_phase,p10,p10 for stress in sleep.,stress points,float64,473,100.0,0,0.0,38,False,False,False,False,7.6109936575052854,0.0,0.0,1.0,4.0,7.0,12.699999999999989,31.0,4.74186046511628,4.433418918171082,0; 2; 1,feature,True,True,
sleep_stress_p25,distribution/shape,stress,sleep,sleep_phase,p25,p25 for stress in sleep.,stress points,float64,473,100.0,0,0.0,41,False,False,False,False,1.0570824524312896,0.0,1.0,4.0,7.0,11.0,16.0,42.0,7.715116279069767,5.458240355387151,1; 2; 5,feature,True,True,
sleep_stress_p75,distribution/shape,stress,sleep,sleep_phase,p75,p75 for stress in sleep.,stress points,float64,473,100.0,0,0.0,56,False,False,False,False,0.0,5.0,9.0,14.0,18.0,22.0,31.0,72.0,18.978858350951374,7.914118647133619,8; 13; 11,feature,True,True,
sleep_stress_p90,distribution/shape,stress,sleep,sleep_phase,p90,p90 for stress in sleep.,stress points,float64,473,100.0,0,0.0,105,False,False,False,False,0.0,9.0,15.0,19.0,23.69999999999999,30.0,46.47999999999997,81.0,26.24334038054968,10.401445411245799,14; 19; 16,feature,True,True,
sleep_stress_p95,distribution/shape,stress,sleep,sleep_phase,p95,p95 for stress in sleep.,stress points,float64,473,100.0,0,0.0,197,False,False,False,False,0.0,11.0,18.0,23.0,29.0,38.64999999999998,57.039999999999985,84.0,32.09915433403804,12.708135236438013,17; 26; 25,feature,True,True,
sleep_stress_range,distribution/shape,stress,sleep,sleep_phase,range,range for stress in sleep.,stress points,float64,473,100.0,0,0.0,73,False,False,False,False,0.0,19.0,34.6,52.0,64.0,74.0,86.39999999999998,97.0,62.38900634249472,15.399982347603963,51; 89; 54,feature,True,True,
sleep_stress_skewness,distribution/shape,stress,sleep,sleep_phase,skewness,skewness for stress in sleep.,stress points,float64,473,100.0,0,0.0,473,False,False,False,False,0.0,-0.19134711859130807,0.6583150984158027,1.155713839534269,1.5875015964154058,2.0341340707580313,3.0208246342352396,5.124248502716271,1.6712046503842053,0.7483664636304844,2.184; 2.922; 1.805,feature,True,True,
sleep_stress_std,distribution/shape,stress,sleep,sleep_phase,std,std for stress in sleep.,stress points,float64,473,100.0,0,0.0,473,False,False,False,False,0.0,3.885393816897755,5.985512506662595,7.365727774693012,8.75699063711515,11.3711337800348,15.835399297234849,21.234895902725587,9.620712941784479,3.08878260266815,6.194; 10.12; 8.329,feature,True,True,
sleep_stress_trimmed_mean,distribution/shape,stress,sleep,sleep_phase,trimmed_mean,trimmed mean for stress in sleep.,stress points,float64,473,100.0,0,0.0,472,False,False,False,False,0.0,2.5583126550868487,5.347309783850477,9.138823529411765,12.279778393351801,16.37772397094431,22.637253063837562,57.267080745341616,13.361945013105231,6.447039935425563,4.511; 7.813; 6.47,feature,True,True,
wake_hr_coefficient_of_variation,distribution/shape,hr,wake,wake_phase,coefficient_of_variation,coefficient of variation for hr in wake.,bpm,float64,473,100.0,0,0.0,473,False,False,False,False,0.0,0.09605808971102214,0.12710292156477573,0.16601650787426972,0.18980880589831492,0.21867806994347752,0.2580375785061594,0.32221442160867947,0.19218466002406623,0.04007778934302674,0.224; 0.2836; 0.2548,feature,True,True,
wake_hr_histogram_entropy,distribution/shape,hr,wake,wake_phase,histogram_entropy,Distribution entropy over fixed maximum-heart-rate zone bins derived from the configured max HR.,bits,float64,473,100.0,0,0.0,468,False,False,False,False,1.0570824524312896,-0.0,0.08734084092152682,0.34135141839119687,0.582803220546582,0.8538820104478984,1.230867137247435,2.102719125897853,0.6137399929880454,0.35659320499507,0.8392; 1.058; 0.5694,feature,True,True,
wake_hr_iqr,distribution/shape,hr,wake,wake_phase,iqr,iqr for hr in wake.,bpm,float64,473,100.0,0,0.0,62,False,False,False,False,0.0,6.0,11.0,15.0,18.0,22.0,29.0,43.0,18.88477801268499,5.428074854026233,24; 33.25; 21,feature,True,True,
wake_hr_kurtosis,distribution/shape,hr,wake,wake_phase,kurtosis,kurtosis for hr in wake.,bpm,float64,473,100.0,0,0.0,473,False,False,False,False,0.0,-0.9513948562925423,-0.5735863787801033,0.09433556367776585,0.8166336349930856,1.9007471237846953,4.338638940360862,7.164857936687852,1.1581723913162878,1.4733656141518328,1.042; 1.215; 0.2552,feature,True,True,
wake_hr_mad,distribution/shape,hr,wake,wake_phase,mad,mad for hr in wake.,bpm,float64,473,100.0,0,0.0,24,False,False,False,False,0.0,3.0,6.0,7.0,9.0,11.0,14.0,22.0,9.079281183932347,2.638460437276847,11; 16.5; 10.5,feature,True,True,
wake_hr_max,distribution/shape,hr,wake,wake_phase,max,max for hr in wake.,bpm,float64,473,100.0,0,0.0,87,False,False,False,False,0.0,85.0,104.6,122.0,136.0,150.0,166.0,183.0,135.73784355179703,19.219742569572574,160; 176; 121,feature,True,True,
wake_hr_mean,distribution/shape,hr,wake,wake_phase,mean,mean for hr in wake.,bpm,float64,473,100.0,0,0.0,473,False,False,False,False,0.0,56.89219330855018,66.03150463595914,71.50574712643679,77.0398773006135,82.61563517915309,89.80394450944341,112.24971231300346,77.21560995647707,7.510783694010557,79.44; 79.26; 69.78,feature,True,True,
wake_hr_median,distribution/shape,hr,wake,wake_phase,median,median for hr in wake.,bpm,float64,473,100.0,0,0.0,49,False,False,False,False,0.0,56.0,63.0,69.0,75.0,81.0,88.0,111.0,75.02325581395348,7.953384826792814,76; 75.5; 65,feature,True,True,
wake_hr_min,distribution/shape,hr,wake,wake_phase,min,min for hr in wake.,bpm,float64,473,100.0,0,0.0,27,False,False,False,False,0.0,31.0,40.0,45.0,48.0,51.0,56.0,64.0,47.80126849894292,4.8069099397558,48; 43; 46,feature,True,True,
wake_hr_p05,distribution/shape,hr,wake,wake_phase,p05,p05 for hr in wake.,bpm,float64,473,100.0,0,0.0,77,False,False,False,False,0.0,43.0,48.0,53.0,57.0,62.0,67.0,79.0,57.29450317124736,5.931892465342881,54; 53; 50,feature,True,True,
wake_hr_p10,distribution/shape,hr,wake,wake_phase,p10,p10 for hr in wake.,bpm,float64,473,100.0,0,0.0,58,False,False,False,False,0.0,44.0,51.0,56.0,60.0,65.0,70.39999999999998,86.0,60.37653276955602,6.352840504961878,58; 55; 51,feature,True,True,
wake_hr_p25,distribution/shape,hr,wake,wake_phase,p25,p25 for hr in wake.,bpm,float64,473,100.0,0,0.0,50,False,False,False,False,0.0,49.0,56.0,61.0,66.0,72.0,78.0,96.0,66.57188160676533,7.045335077471315,67; 60; 56,feature,True,True,
wake_hr_p75,distribution/shape,hr,wake,wake_phase,p75,p75 for hr in wake.,bpm,float64,473,100.0,0,0.0,72,False,False,False,False,0.0,60.0,71.0,79.0,85.0,91.0,101.0,124.0,85.45665961945032,9.074522511995665,91; 93.25; 77,feature,True,True,
wake_hr_p90,distribution/shape,hr,wake,wake_phase,p90,p90 for hr in wake.,bpm,float64,473,100.0,0,0.0,124,False,False,False,False,0.0,66.0,81.0,90.0,97.0,104.0,115.32000000000001,145.0,97.07061310782241,10.6488583912249,105; 107; 97,feature,True,True,
wake_hr_p95,distribution/shape,hr,wake,wake_phase,p95,p95 for hr in wake.,bpm,float64,473,100.0,0,0.0,163,False,False,False,False,0.0,70.0,87.0,96.0,104.0,112.0,125.60999999999993,154.0,104.86754756871034,12.095663818217655,111; 120.9; 108.3,feature,True,True,
wake_hr_range,distribution/shape,hr,wake,wake_phase,range,range for hr in wake.,bpm,float64,473,100.0,0,0.0,84,False,False,False,False,0.0,38.0,55.0,74.0,88.0,101.0,119.0,138.0,87.93657505285412,19.375236328182122,112; 133; 75,feature,True,True,
wake_hr_skewness,distribution/shape,hr,wake,wake_phase,skewness,skewness for hr in wake.,bpm,float64,473,100.0,0,0.0,473,False,False,False,False,0.0,-0.5023362555839956,0.014022810845296945,0.485129865809371,0.8156590714095898,1.1643200703707612,1.7523249849764795,2.328351328914128,0.8412095834798485,0.4948132140686799,0.8537; 0.9944; 1.029,feature,True,True,
wake_hr_std,distribution/shape,hr,wake,wake_phase,std,std for hr in wake.,bpm,float64,473,100.0,0,0.0,473,False,False,False,False,0.0,5.980252627101918,9.649569114499291,12.639047730588015,14.678951532545634,17.016096716266333,20.835662112715855,27.238629879038648,14.842291110300597,3.4096831301960333,17.8; 22.48; 17.78,feature,True,True,
wake_hr_trimmed_mean,distribution/shape,hr,wake,wake_phase,trimmed_mean,trimmed mean for hr in wake.,bpm,float64,473,100.0,0,0.0,473,False,False,False,False,0.0,56.12673879443586,64.65520323056916,70.27138157894737,75.68308702791461,81.40254237288136,88.99100848449199,111.29842180774749,76.00182780124268,7.654308083757742,78.16; 76.89; 67.44,feature,True,True,
wake_stress_coefficient_of_variation,distribution/shape,stress,wake,wake_phase,coefficient_of_variation,coefficient of variation for stress in wake.,stress points,float64,473,100.0,0,0.0,473,False,False,False,False,0.0,0.15056427198564246,0.24397393765219963,0.34041001603398585,0.40427924474630017,0.4921138606193982,0.6190662330456608,0.7867878720548703,0.4191220923054573,0.11511567356454047,0.4524; 0.5918; 0.6045,feature,True,True,
wake_stress_histogram_entropy,distribution/shape,stress,wake,wake_phase,histogram_entropy,Distribution entropy over fixed Garmin-like stress-state bins across valid stress values from 0 to 100.,bits,float64,473,100.0,0,0.0,473,False,False,False,False,0.0,0.4982323592098741,1.3803967054848474,1.6672027699227137,1.7958177892017324,1.9055048473373786,1.9624019903480507,1.9979059494242404,1.7519780638748168,0.20533396098056383,1.966; 1.952; 1.573,feature,True,True,
wake_stress_iqr,distribution/shape,stress,wake,wake_phase,iqr,iqr for stress in wake.,stress points,float64,473,100.0,0,0.0,94,False,False,False,False,0.0,11.0,18.6,30.0,35.0,41.5,51.0,66.0,35.38530655391121,9.592485759466081,42; 55; 25,feature,True,True,
wake_stress_kurtosis,distribution/shape,stress,wake,wake_phase,kurtosis,kurtosis for stress in wake.,stress points,float64,473,100.0,0,0.0,473,False,False,False,False,0.0,-1.623175192124649,-1.3681431343941814,-1.1642232977741966,-0.9337840920563667,-0.4953432605189323,1.0534774213213232,10.206476610951901,-0.6177091053360415,1.104840075839162,-1.139; -1.397; 0.1482,feature,True,True,
wake_stress_mad,distribution/shape,stress,wake,wake_phase,mad,mad for stress in wake.,stress points,float64,473,100.0,0,0.0,43,False,False,False,False,0.0,4.0,8.0,13.0,16.0,19.0,23.19999999999999,33.5,15.832980972515855,4.7163306536684955,21; 18.5; 10,feature,True,True,
wake_stress_max,distribution/shape,stress,wake,wake_phase,max,max for stress in wake.,stress points,float64,473,100.0,0,0.0,14,False,False,False,False,0.0,84.0,93.0,97.0,99.0,99.0,99.0,100.0,97.60253699788584,2.315165990515956,98; 99; 97,feature,True,True,
wake_stress_mean,distribution/shape,stress,wake,wake_phase,mean,mean for stress in wake.,stress points,float64,473,100.0,0,0.0,473,False,False,False,False,0.0,24.955459770114942,35.99897561897562,46.595419847328245,55.3618925831202,63.526205450733755,74.02834870118261,86.1016393442623,55.09631658324818,11.674446794812456,53.86; 48.7; 31.39,feature,True,True,
wake_stress_median,distribution/shape,stress,wake,wake_phase,median,median for stress in wake.,stress points,float64,473,100.0,0,0.0,85,False,False,False,False,0.0,20.0,28.6,42.0,56.5,69.0,81.0,90.0,55.332980972515855,16.360972066782573,54; 36.5; 25,feature,True,True,
wake_stress_min,distribution/shape,stress,wake,wake_phase,min,min for stress in wake.,stress points,float64,473,100.0,0,0.0,26,False,False,False,False,4.862579281183932,0.0,1.0,4.0,9.0,13.0,19.0,25.0,8.91754756871036,5.804384206371859,6; 1; 0,feature,True,True,
wake_stress_p05,distribution/shape,stress,wake,wake_phase,p05,p05 for stress in wake.,stress points,float64,473,100.0,0,0.0,113,False,False,False,False,0.0,1.0,8.600000000000001,16.0,20.0,25.0,36.579999999999984,58.0,21.23784355179704,8.572448689473942,17; 15; 9,feature,True,True,
wake_stress_p10,distribution/shape,stress,wake,wake_phase,p10,p10 for stress in wake.,stress points,float64,473,100.0,0,0.0,92,False,False,False,False,0.0,2.0,12.0,19.0,24.0,30.200000000000003,45.0,78.0,25.997674418604653,10.392907754308078,21; 18; 12,feature,True,True,
wake_stress_p25,distribution/shape,stress,wake,wake_phase,p25,p25 for stress in wake.,stress points,float64,473,100.0,0,0.0,94,False,False,False,False,0.0,9.0,19.0,27.0,35.0,46.0,65.39999999999998,82.0,37.45771670190275,14.223945383426273,33; 23; 17,feature,True,True,
wake_stress_p75,distribution/shape,stress,wake,wake_phase,p75,p75 for stress in wake.,stress points,float64,473,100.0,0,0.0,87,False,False,False,False,0.0,30.0,48.0,66.0,75.0,82.0,90.0,96.0,72.84302325581395,12.737990818760426,75; 78; 42,feature,True,True,
wake_stress_p90,distribution/shape,stress,wake,wake_phase,p90,p90 for stress in wake.,stress points,float64,473,100.0,0,0.0,92,False,False,False,False,0.0,43.0,67.0,79.0,85.0,90.0,95.0,98.0,83.89978858350952,8.655513094672505,89; 92; 61,feature,True,True,
wake_stress_p95,distribution/shape,stress,wake,wake_phase,p95,p95 for stress in wake.,stress points,float64,473,100.0,0,0.0,100,False,False,False,False,0.0,56.0,76.35999999999994,84.19999999999993,90.0,93.0,97.0,99.0,88.47949260042284,6.689868973935369,93; 94; 67,feature,True,True,
wake_stress_range,distribution/shape,stress,wake,wake_phase,range,range for stress in wake.,stress points,float64,473,100.0,0,0.0,27,False,False,False,False,0.0,70.0,78.6,85.0,89.0,93.0,98.0,99.0,88.68498942917547,5.928407161222386,92; 98; 96,feature,True,True,
wake_stress_skewness,distribution/shape,stress,wake,wake_phase,skewness,skewness for stress in wake.,stress points,float64,473,100.0,0,0.0,473,False,False,False,False,0.0,-2.974966001691844,-1.1255879506717883,-0.4700457759087425,-0.022441018923003205,0.3591282300045679,0.9969476660573364,1.7377047466556796,-0.06084670861192499,0.6590117961983454,0.04954; 0.3861; 0.9431,feature,True,True,
wake_stress_std,distribution/shape,stress,wake,wake_phase,std,std for stress in wake.,stress points,float64,473,100.0,0,0.0,473,False,False,False,False,0.0,12.336256527013662,16.550307960003188,19.689707697236326,22.00183712517916,23.954056544307818,27.37008946453374,33.39734447086038,21.93351534127954,3.2772073862128535,24.36; 28.82; 18.97,feature,True,True,
wake_stress_trimmed_mean,distribution/shape,stress,wake,wake_phase,trimmed_mean,trimmed mean for stress in wake.,stress points,float64,473,100.0,0,0.0,473,False,False,False,False,0.0,22.336917562724015,33.14190929853181,45.3515625,55.650283553875234,64.74934725848564,77.01223603073711,89.06122448979592,55.183691492946025,13.170341556347601,53.69; 47.32; 29.36,feature,True,True,
sleep_stress_frac_high_76_100,stress state fractions,stress,sleep,sleep_phase,frac_high_76_100,Share of valid numeric stress minutes in a fixed Garmin-like stress state.,fraction 0..1,float64,473,100.0,0,0.0,112,False,False,False,False,75.8985200845666,0.0,0.0,0.0,0.0,0.0,0.011786527274260165,0.1890547263681592,0.00238315545145502,0.010853973203388559,0; 0.002309; 0.005848,feature,True,True,
sleep_stress_frac_low_26_50,stress state fractions,stress,sleep,sleep_phase,frac_low_26_50,Share of valid numeric stress minutes in a fixed Garmin-like stress state.,fraction 0..1,float64,473,100.0,0,0.0,461,False,False,False,False,1.2684989429175475,0.0,0.006901943265579631,0.026402640264026403,0.06532663316582915,0.13976377952755906,0.29579034301746765,0.7654320987654321,0.10009002729222063,0.10269217481652745,0.008511; 0.04157; 0.04415,feature,True,True,
sleep_stress_frac_medium_51_75,stress state fractions,stress,sleep,sleep_phase,frac_medium_51_75,Share of valid numeric stress minutes in a fixed Garmin-like stress state.,fraction 0..1,float64,473,100.0,0,0.0,352,False,False,False,False,22.198731501057082,0.0,0.0,0.0017271157167530224,0.006134969325153374,0.020134228187919462,0.07089248434237995,0.4517684887459807,0.01986704334157704,0.04730899602795074,0.002128; 0.009238; 0.001919,feature,True,True,
sleep_stress_frac_medium_or_high_51_100,stress state fractions,stress,sleep,sleep_phase,frac_medium_or_high_51_100,Share of valid numeric stress minutes in a fixed Garmin-like stress state.,fraction 0..1,float64,473,100.0,0,0.0,356,False,False,False,False,21.353065539112052,0.0,0.0,0.0019120458891013384,0.00641025641025641,0.020202020202020204,0.080337619668045,0.6119402985074627,0.02225019879303206,0.054655308675780036,0.002128; 0.01155; 0.001919,feature,True,True,
sleep_stress_frac_resting_0_25,stress state fractions,stress,sleep,sleep_phase,frac_resting_0_25,Share of valid numeric stress minutes in a fixed Garmin-like stress state.,fraction 0..1,float64,473,100.0,0,0.0,462,False,False,False,False,0.21141649048625794,0.0,0.6233001435942751,0.8398268398268398,0.9264705882352942,0.9688109161793372,0.9923362088655411,1.0,0.8776597739147475,0.14031841296766287,0.9894; 0.9469; 0.9539,feature,True,True,
wake_stress_frac_high_76_100,stress state fractions,stress,wake,wake_phase,frac_high_76_100,Share of valid numeric stress minutes in a fixed Garmin-like stress state.,fraction 0..1,float64,473,100.0,0,0.0,472,False,False,False,False,0.0,0.0027397260273972603,0.059001512859304085,0.13720316622691292,0.24107142857142858,0.37209302325581395,0.6062441418305684,0.9245901639344263,0.27244067784284554,0.17323053480071898,0.2348; 0.2702; 0.02294,feature,True,True,
wake_stress_frac_low_26_50,stress state fractions,stress,wake,wake_phase,frac_low_26_50,Share of valid numeric stress minutes in a fixed Garmin-like stress state.,fraction 0..1,float64,473,100.0,0,0.0,471,False,False,False,False,0.0,0.013114754098360656,0.10454964981812259,0.2002551020408163,0.27785419532324623,0.3574257425742574,0.4585525502374596,0.6493150684931507,0.2791366596774264,0.10980570335688405,0.2955; 0.2561; 0.292,feature,True,True,
wake_stress_frac_medium_51_75,stress state fractions,stress,wake,wake_phase,frac_medium_51_75,Share of valid numeric stress minutes in a fixed Garmin-like stress state.,fraction 0..1,float64,473,100.0,0,0.0,471,False,False,False,False,0.0,0.028481012658227847,0.13537533377685024,0.22008862629246675,0.2876447876447876,0.3514376996805112,0.4410628209416255,0.5710872162485066,0.2865376146435579,0.09540224294593079,0.3002; 0.1509; 0.1713,feature,True,True,
wake_stress_frac_medium_or_high_51_100,stress state fractions,stress,wake,wake_phase,frac_medium_or_high_51_100,Share of valid numeric stress minutes in a fixed Garmin-like stress state.,fraction 0..1,float64,473,100.0,0,0.0,473,False,False,False,False,0.0,0.0713224368499257,0.23473698276246047,0.413589364844904,0.5719602977667494,0.706140350877193,0.8608595957001871,0.9726840855106889,0.5589782924864035,0.19622467501954838,0.535; 0.4211; 0.1942,feature,True,True,
wake_stress_frac_resting_0_25,stress state fractions,stress,wake,wake_phase,frac_resting_0_25,Share of valid numeric stress minutes in a fixed Garmin-like stress state.,fraction 0..1,float64,473,100.0,0,0.0,472,False,False,False,False,0.0,0.0011876484560570072,0.011789047772311372,0.05450733752620545,0.1263001485884101,0.23515981735159816,0.4334213780276187,0.6954022988505747,0.16188504783617008,0.13654047820747756,0.1695; 0.3228; 0.5138,feature,True,True,
sleep_hr_frac_above_mhr,HR MHR zones,hr,sleep,sleep_phase,frac_above_mhr,Share of valid HR minutes in a fixed maximum-heart-rate zone derived from the configured max HR.,fraction 0..1,float64,473,100.0,0,0.0,1,False,True,False,True,100.0,0.0,0.0,0.0,0.0,0.0,0.0,0.0,0.0,0.0,0,feature,True,False,constant among non-null values; sparse or rare-event style feature
sleep_hr_frac_below_zone1,HR MHR zones,hr,sleep,sleep_phase,frac_below_zone1,Share of valid HR minutes in a fixed maximum-heart-rate zone derived from the configured max HR.,fraction 0..1,float64,473,100.0,0,0.0,21,False,False,False,False,0.0,0.8954081632653061,1.0,1.0,1.0,1.0,1.0,1.0,0.9994130182500315,0.00605667698635052,1; 0.9971; 0.9958,feature,True,True,
sleep_hr_frac_zone1_50_60,HR MHR zones,hr,sleep,sleep_phase,frac_zone1_50_60,Share of valid HR minutes in a fixed maximum-heart-rate zone derived from the configured max HR.,fraction 0..1,float64,473,100.0,0,0.0,21,False,False,False,True,95.77167019027483,0.0,0.0,0.0,0.0,0.0,0.0,0.09948979591836735,0.0005761951943314661,0.005873205675327606,0; 0.002874; 0.004167,feature,True,True,sparse or rare-event style feature
sleep_hr_frac_zone1_plus,HR MHR zones,hr,sleep,sleep_phase,frac_zone1_plus,Share of valid HR minutes in a fixed maximum-heart-rate zone derived from the configured max HR.,fraction 0..1,float64,473,100.0,0,0.0,21,False,False,False,True,95.77167019027483,0.0,0.0,0.0,0.0,0.0,0.0,0.10459183673469388,0.0005869817499685202,0.006056676986350522,0; 0.002874; 0.004167,feature,True,True,sparse or rare-event style feature
sleep_hr_frac_zone2_60_70,HR MHR zones,hr,sleep,sleep_phase,frac_zone2_60_70,Share of valid HR minutes in a fixed maximum-heart-rate zone derived from the configured max HR.,fraction 0..1,float64,473,100.0,0,0.0,2,False,False,False,True,99.78858350951374,0.0,0.0,0.0,0.0,0.0,0.0,0.00510204081632653,1.0786555637053976e-05,0.00023434397228287124,0; 0.005102,feature,True,True,sparse or rare-event style feature
sleep_hr_frac_zone2_plus,HR MHR zones,hr,sleep,sleep_phase,frac_zone2_plus,Share of valid HR minutes in a fixed maximum-heart-rate zone derived from the configured max HR.,fraction 0..1,float64,473,100.0,0,0.0,2,False,False,False,True,99.78858350951374,0.0,0.0,0.0,0.0,0.0,0.0,0.00510204081632653,1.0786555637053976e-05,0.00023434397228287124,0; 0.005102,feature,True,True,sparse or rare-event style feature
sleep_hr_frac_zone3_70_80,HR MHR zones,hr,sleep,sleep_phase,frac_zone3_70_80,Share of valid HR minutes in a fixed maximum-heart-rate zone derived from the configured max HR.,fraction 0..1,float64,473,100.0,0,0.0,1,False,True,False,True,100.0,0.0,0.0,0.0,0.0,0.0,0.0,0.0,0.0,0.0,0,feature,True,False,constant among non-null values; sparse or rare-event style feature
sleep_hr_frac_zone3_plus,HR MHR zones,hr,sleep,sleep_phase,frac_zone3_plus,Share of valid HR minutes in a fixed maximum-heart-rate zone derived from the configured max HR.,fraction 0..1,float64,473,100.0,0,0.0,1,False,True,False,True,100.0,0.0,0.0,0.0,0.0,0.0,0.0,0.0,0.0,0.0,0,feature,True,False,constant among non-null values; sparse or rare-event style feature
sleep_hr_frac_zone4_80_90,HR MHR zones,hr,sleep,sleep_phase,frac_zone4_80_90,Share of valid HR minutes in a fixed maximum-heart-rate zone derived from the configured max HR.,fraction 0..1,float64,473,100.0,0,0.0,1,False,True,False,True,100.0,0.0,0.0,0.0,0.0,0.0,0.0,0.0,0.0,0.0,0,feature,True,False,constant among non-null values; sparse or rare-event style feature
sleep_hr_frac_zone5_90_100,HR MHR zones,hr,sleep,sleep_phase,frac_zone5_90_100,Share of valid HR minutes in a fixed maximum-heart-rate zone derived from the configured max HR.,fraction 0..1,float64,473,100.0,0,0.0,1,False,True,False,True,100.0,0.0,0.0,0.0,0.0,0.0,0.0,0.0,0.0,0.0,0,feature,True,False,constant among non-null values; sparse or rare-event style feature
wake_hr_frac_above_mhr,HR MHR zones,hr,wake,wake_phase,frac_above_mhr,Share of valid HR minutes in a fixed maximum-heart-rate zone derived from the configured max HR.,fraction 0..1,float64,473,100.0,0,0.0,1,False,True,False,True,100.0,0.0,0.0,0.0,0.0,0.0,0.0,0.0,0.0,0.0,0,feature,True,False,constant among non-null values; sparse or rare-event style feature
wake_hr_frac_below_zone1,HR MHR zones,hr,wake,wake_phase,frac_below_zone1,Share of valid HR minutes in a fixed maximum-heart-rate zone derived from the configured max HR.,fraction 0..1,float64,473,100.0,0,0.0,467,False,False,False,False,0.0,0.24050632911392406,0.6684141141238892,0.8119858989424207,0.8873762376237624,0.9438202247191011,0.9890011905883562,1.0,0.866081968990253,0.10347538766018768,0.8182; 0.779; 0.8892,feature,True,True,
wake_hr_frac_zone1_50_60,HR MHR zones,hr,wake,wake_phase,frac_zone1_50_60,Share of valid HR minutes in a fixed maximum-heart-rate zone derived from the configured max HR.,fraction 0..1,float64,473,100.0,0,0.0,465,False,False,False,False,1.0570824524312896,0.0,0.010781043463127405,0.04784688995215311,0.08831521739130435,0.14739884393063585,0.2584831190791876,0.3621566632756867,0.10558558233042473,0.07579553308689795,0.1504; 0.1506; 0.09446,feature,True,True,
wake_hr_frac_zone1_plus,HR MHR zones,hr,wake,wake_phase,frac_zone1_plus,Share of valid HR minutes in a fixed maximum-heart-rate zone derived from the configured max HR.,fraction 0..1,float64,473,100.0,0,0.0,467,False,False,False,False,1.0570824524312896,0.0,0.010998809411643783,0.056179775280898875,0.11262376237623763,0.18801410105757932,0.3315858858761107,0.759493670886076,0.13391803100974703,0.10347538766018768,0.1818; 0.221; 0.1108,feature,True,True,
wake_hr_frac_zone2_60_70,HR MHR zones,hr,wake,wake_phase,frac_zone2_60_70,Share of valid HR minutes in a fixed maximum-heart-rate zone derived from the configured max HR.,fraction 0..1,float64,473,100.0,0,0.0,398,False,False,False,False,15.433403805496829,0.0,0.0,0.003430531732418525,0.013683010262257697,0.02922077922077922,0.07423181170159411,0.2646720368239356,0.02228570123458116,0.027810039953950677,0.02245; 0.04558; 0.01637,feature,True,True,
wake_hr_frac_zone2_plus,HR MHR zones,hr,wake,wake_phase,frac_zone2_plus,Share of valid HR minutes in a fixed maximum-heart-rate zone derived from the configured max HR.,fraction 0..1,float64,473,100.0,0,0.0,394,False,False,False,False,15.433403805496829,0.0,0.0,0.0036855036855036856,0.016722408026755852,0.03717472118959108,0.09871751496888195,0.4188722669735328,0.028332448679322286,0.038402415480383194,0.03143; 0.07044; 0.01637,feature,True,True,
wake_hr_frac_zone3_70_80,HR MHR zones,hr,wake,wake_phase,frac_zone3_70_80,Share of valid HR minutes in a fixed maximum-heart-rate zone derived from the configured max HR.,fraction 0..1,float64,473,100.0,0,0.0,244,False,False,False,False,47.35729386892177,0.0,0.0,0.0,0.0011037527593818985,0.0063532401524777635,0.021965801630106172,0.10241657077100115,0.004865021967256493,0.009726213310426892,0.006734; 0.01657; 0,feature,True,True,
wake_hr_frac_zone3_plus,HR MHR zones,hr,wake,wake_phase,frac_zone3_plus,Share of valid HR minutes in a fixed maximum-heart-rate zone derived from the configured max HR.,fraction 0..1,float64,473,100.0,0,0.0,245,False,False,False,False,47.35729386892177,0.0,0.0,0.0,0.0011037527593818985,0.007,0.026793866371577976,0.15420023014959724,0.00604674744474112,0.012913939888686058,0.008979; 0.02486; 0,feature,True,True,
wake_hr_frac_zone4_80_90,HR MHR zones,hr,wake,wake_phase,frac_zone4_80_90,Share of valid HR minutes in a fixed maximum-heart-rate zone derived from the configured max HR.,fraction 0..1,float64,473,100.0,0,0.0,95,False,False,False,False,80.12684989429175,0.0,0.0,0.0,0.0,0.0,0.005797174613591807,0.04948216340621404,0.0010776754659089299,0.004013545737604512,0.002245; 0.005525; 0,feature,True,True,
wake_hr_frac_zone5_90_100,HR MHR zones,hr,wake,wake_phase,frac_zone5_90_100,Share of valid HR minutes in a fixed maximum-heart-rate zone derived from the configured max HR.,fraction 0..1,float64,473,100.0,0,0.0,11,False,False,False,True,97.88583509513742,0.0,0.0,0.0,0.0,0.0,0.0,0.01929260450160772,0.00010405001157569702,0.0010859068692890281,0; 0.002762; 0.006441,feature,True,True,sparse or rare-event style feature
sleep_hr_diff_gap_break_count,variability/gaps,hr,sleep,sleep_phase,diff_gap_break_count,Gap-aware minute-to-minute variability diagnostic; gaps beyond the configured threshold break segments.,count,int64,473,100.0,0,0.0,45,False,False,False,False,0.0,1.0,18.0,26.0,31.0,37.0,44.0,63.0,31.32135306553911,8.224795483688018,39; 36; 38,feature,True,True,
sleep_hr_diff_valid_pair_count,variability/gaps,hr,sleep,sleep_phase,diff_valid_pair_count,Gap-aware minute-to-minute variability diagnostic; gaps beyond the configured threshold break segments.,count,int64,473,100.0,0,0.0,240,False,False,False,False,0.0,74.0,172.0,264.0,318.0,368.0,439.5999999999999,497.0,313.7610993657505,79.05972271162857,267; 255; 309,feature,True,True,
sleep_hr_longest_observed_gap_minutes,variability/gaps,hr,sleep,sleep_phase,longest_observed_gap_minutes,Gap-aware minute-to-minute variability diagnostic; gaps beyond the configured threshold break segments.,minutes,float64,473,100.0,0,0.0,30,False,False,False,False,0.0,3.0,6.600000000000001,9.0,12.0,16.0,18.0,438.0,13.53276955602537,20.216572758641806,10; 15; 14,feature,True,True,
sleep_hr_max_abs_jump,variability/gaps,hr,sleep,sleep_phase,max_abs_jump,Gap-aware minute-to-minute variability diagnostic; gaps beyond the configured threshold break segments.,bpm,float64,473,100.0,0,0.0,27,False,False,False,False,0.0,9.0,13.0,16.0,19.0,23.0,28.0,37.0,19.659619450317123,4.851319807237537,13; 31; 37,feature,True,True,
sleep_hr_mean_abs_diff,variability/gaps,hr,sleep,sleep_phase,mean_abs_diff,Gap-aware minute-to-minute variability diagnostic; gaps beyond the configured threshold break segments.,bpm,float64,473,100.0,0,0.0,468,False,False,False,False,0.0,1.8819444444444444,2.3494556223325493,2.6835443037974684,2.929919137466307,3.1875,3.6514513032442806,4.295503211991434,2.9483545275878593,0.3926539373489054,2.345; 3.078; 3.013,feature,True,True,
sleep_hr_median_abs_diff,variability/gaps,hr,sleep,sleep_phase,median_abs_diff,Gap-aware minute-to-minute variability diagnostic; gaps beyond the configured threshold break segments.,bpm,float64,473,100.0,0,0.0,5,False,False,False,False,0.0,1.0,1.0,2.0,2.0,2.0,2.0,3.0,1.8699788583509513,0.3494293136229309,1; 2; 1.5,feature,True,True,
sleep_hr_roughness,variability/gaps,hr,sleep,sleep_phase,roughness,Gap-aware minute-to-minute variability diagnostic; gaps beyond the configured threshold break segments.,bpm,float64,473,100.0,0,0.0,473,False,False,False,False,0.0,5.159722222222222,10.307172011661807,13.812688821752266,17.012820512820515,20.75170068027211,27.813238545600726,35.49514563106796,17.72674878689203,5.431329670837374,9.775; 26.8; 22.53,feature,True,True,
sleep_hr_std_diff,variability/gaps,hr,sleep,sleep_phase,std_diff,Gap-aware minute-to-minute variability diagnostic; gaps beyond the configured threshold break segments.,bpm,float64,473,100.0,0,0.0,473,False,False,False,False,0.0,2.2712367973212686,3.209832111813931,3.71495084691575,4.122667092783798,4.552943843697595,5.272620531530551,5.95758249135462,4.160118594437245,0.6357032160918683,3.122; 5.176; 4.74,feature,True,True,
sleep_stress_diff_gap_break_count,variability/gaps,stress,sleep,sleep_phase,diff_gap_break_count,Gap-aware minute-to-minute variability diagnostic; gaps beyond the configured threshold break segments.,count,int64,473,100.0,0,0.0,14,False,False,False,False,20.29598308668076,0.0,0.0,1.0,2.0,3.0,7.0,14.0,2.3382663847780125,2.2971060838212916,1; 3; 2,feature,True,True,
sleep_stress_diff_valid_pair_count,variability/gaps,stress,sleep,sleep_phase,diff_valid_pair_count,Gap-aware minute-to-minute variability diagnostic; gaps beyond the configured threshold break segments.,count,int64,473,100.0,0,0.0,273,False,False,False,False,0.0,79.0,281.2,418.0,485.0,557.0,633.4,758.0,479.4397463002114,107.31395260850263,468; 429; 518,feature,True,True,
sleep_stress_longest_observed_gap_minutes,variability/gaps,stress,sleep,sleep_phase,longest_observed_gap_minutes,Gap-aware minute-to-minute variability diagnostic; gaps beyond the configured threshold break segments.,minutes,float64,473,100.0,0,0.0,48,False,False,False,False,0.0,1.0,1.0,3.0,6.0,14.0,34.39999999999998,439.0,11.0169133192389,22.534158458862983,3; 13; 4,feature,True,True,
sleep_stress_max_abs_jump,variability/gaps,stress,sleep,sleep_phase,max_abs_jump,Gap-aware minute-to-minute variability diagnostic; gaps beyond the configured threshold break segments.,stress points,float64,473,100.0,0,0.0,61,False,False,False,False,0.0,10.0,20.0,29.0,39.0,48.0,63.0,81.0,39.33615221987315,13.057811914796408,33; 44; 34,feature,True,True,
sleep_stress_mean_abs_diff,variability/gaps,stress,sleep,sleep_phase,mean_abs_diff,Gap-aware minute-to-minute variability diagnostic; gaps beyond the configured threshold break segments.,stress points,float64,473,100.0,0,0.0,472,False,False,False,False,0.0,1.6187624750499001,2.382131084378612,2.8583196046128503,3.2379182156133828,3.7156308851224105,4.763642090966363,8.835443037974683,3.3671921728028402,0.7862273121547553,2.338; 3.063; 2.365,feature,True,True,
sleep_stress_median_abs_diff,variability/gaps,stress,sleep,sleep_phase,median_abs_diff,Gap-aware minute-to-minute variability diagnostic; gaps beyond the configured threshold break segments.,stress points,float64,473,100.0,0,0.0,6,False,False,False,False,0.0,1.0,1.0,2.0,2.0,2.0,3.0,7.0,1.9355179704016914,0.5636698276688318,1; 2; 3,feature,True,True,
sleep_stress_roughness,variability/gaps,stress,sleep,sleep_phase,roughness,Gap-aware minute-to-minute variability diagnostic; gaps beyond the configured threshold break segments.,stress points,float64,473,100.0,0,0.0,473,False,False,False,False,0.0,6.378048780487805,14.624693590114973,22.50467289719626,30.69825918762089,42.22996515679443,67.44674530489219,138.37974683544303,34.54051968796443,17.21126036772966,19.56; 36.04; 17.26,feature,True,True,
sleep_stress_std_diff,variability/gaps,stress,sleep,sleep_phase,std_diff,Gap-aware minute-to-minute variability diagnostic; gaps beyond the configured threshold break segments.,stress points,float64,473,100.0,0,0.0,473,False,False,False,False,0.0,2.5251395141129693,3.8236745262267853,4.742913216991353,5.5406006394931655,6.498300809752279,8.212251186661582,11.754662385897829,5.717274457734442,1.3582408565786872,4.423; 5.994; 4.152,feature,True,True,
wake_hr_diff_gap_break_count,variability/gaps,hr,wake,wake_phase,diff_gap_break_count,Gap-aware minute-to-minute variability diagnostic; gaps beyond the configured threshold break segments.,count,int64,473,100.0,0,0.0,50,False,False,False,False,0.0,1.0,6.0,10.0,14.0,18.0,32.39999999999998,256.0,16.41860465116279,14.831336196026154,12; 13; 24,feature,True,True,
wake_hr_diff_valid_pair_count,variability/gaps,hr,wake,wake_phase,diff_valid_pair_count,Gap-aware minute-to-minute variability diagnostic; gaps beyond the configured threshold break segments.,count,int64,473,100.0,0,0.0,315,False,False,False,False,0.0,101.0,554.2,722.0,794.0,879.0,1304.3999999999999,7281.0,846.3107822410147,404.2346285456699,878; 710; 769,feature,True,True,
wake_hr_longest_observed_gap_minutes,variability/gaps,hr,wake,wake_phase,longest_observed_gap_minutes,Gap-aware minute-to-minute variability diagnostic; gaps beyond the configured threshold break segments.,minutes,float64,473,100.0,0,0.0,117,False,False,False,False,0.0,3.0,3.0,4.0,5.0,16.0,2057.5999999999935,228816.0,1358.7040169133193,11954.444851048049,4; 125; 5,feature,True,True,
wake_hr_max_abs_jump,variability/gaps,hr,wake,wake_phase,max_abs_jump,Gap-aware minute-to-minute variability diagnostic; gaps beyond the configured threshold break segments.,bpm,float64,473,100.0,0,0.0,39,False,False,False,False,0.0,17.0,23.0,27.0,31.0,35.0,43.39999999999998,70.0,32.07822410147992,6.795425912823323,38; 39; 35,feature,True,True,
wake_hr_mean_abs_diff,variability/gaps,hr,wake,wake_phase,mean_abs_diff,Gap-aware minute-to-minute variability diagnostic; gaps beyond the configured threshold break segments.,bpm,float64,473,100.0,0,0.0,472,False,False,False,False,0.0,2.888535031847134,3.6727425623192005,4.058637083993661,4.384615384615385,4.623853211009174,5.071059619537371,6.0467032967032965,4.369104295194974,0.4288579299054741,5.017; 5.023; 3.956,feature,True,True,
wake_hr_median_abs_diff,variability/gaps,hr,wake,wake_phase,median_abs_diff,Gap-aware minute-to-minute variability diagnostic; gaps beyond the configured threshold break segments.,bpm,float64,473,100.0,0,0.0,6,False,False,False,False,0.0,2.0,2.3000000000000007,3.0,3.0,3.0,4.0,5.0,3.033826638477801,0.3734270005003035,4; 3; 2,feature,True,True,
wake_hr_roughness,variability/gaps,hr,wake,wake_phase,roughness,Gap-aware minute-to-minute variability diagnostic; gaps beyond the configured threshold break segments.,bpm,float64,473,100.0,0,0.0,473,False,False,False,False,0.0,16.308917197452228,24.85234990597543,31.41130091984231,36.08062418725618,40.892361111111114,49.407705584402585,65.80378250591016,36.329278633122776,7.291529036020897,45.27; 53.44; 30.82,feature,True,True,
wake_hr_std_diff,variability/gaps,hr,wake,wake_phase,std_diff,Gap-aware minute-to-minute variability diagnostic; gaps beyond the configured threshold break segments.,bpm,float64,473,100.0,0,0.0,473,False,False,False,False,0.0,4.037514506273972,4.985167830454467,5.604556384509196,6.006604567634056,6.394625439720262,7.028828734344335,8.111936184060541,5.997179728325704,0.601673787781491,6.728; 7.31; 5.552,feature,True,True,
wake_stress_diff_gap_break_count,variability/gaps,stress,wake,wake_phase,diff_gap_break_count,Gap-aware minute-to-minute variability diagnostic; gaps beyond the configured threshold break segments.,count,int64,473,100.0,0,0.0,70,False,False,False,False,0.0,2.0,12.0,23.0,31.0,39.0,58.0,222.0,32.704016913319236,16.821068182959774,30; 32; 18,feature,True,True,
wake_stress_diff_valid_pair_count,variability/gaps,stress,wake,wake_phase,diff_valid_pair_count,Gap-aware minute-to-minute variability diagnostic; gaps beyond the configured threshold break segments.,count,int64,473,100.0,0,0.0,337,False,False,False,False,0.0,97.0,371.8,566.0,657.0,762.0,1063.9999999999998,7059.0,707.029598308668,398.4508203108541,612; 537; 635,feature,True,True,
wake_stress_longest_observed_gap_minutes,variability/gaps,stress,wake,wake_phase,longest_observed_gap_minutes,Gap-aware minute-to-minute variability diagnostic; gaps beyond the configured threshold break segments.,minutes,float64,473,100.0,0,0.0,190,False,False,False,False,0.0,4.0,10.0,28.0,48.0,88.0,2065.1999999999935,228816.0,1415.7758985200846,11993.133229130795,118; 128; 195,feature,True,True,
wake_stress_max_abs_jump,variability/gaps,stress,wake,wake_phase,max_abs_jump,Gap-aware minute-to-minute variability diagnostic; gaps beyond the configured threshold break segments.,stress points,float64,473,100.0,0,0.0,50,False,False,False,False,0.0,23.0,40.0,47.0,53.0,59.0,69.0,84.0,53.520084566596196,8.882609943078798,55; 74; 56,feature,True,True,
wake_stress_mean_abs_diff,variability/gaps,stress,wake,wake_phase,mean_abs_diff,Gap-aware minute-to-minute variability diagnostic; gaps beyond the configured threshold break segments.,stress points,float64,473,100.0,0,0.0,472,False,False,False,False,0.0,2.5390070921985815,5.632556332556332,6.808988764044944,7.604580152671756,8.434256055363322,9.355853890473792,10.259765625,7.568041962039121,1.18523889027619,9.511; 7.322; 6.734,feature,True,True,
wake_stress_median_abs_diff,variability/gaps,stress,wake,wake_phase,median_abs_diff,Gap-aware minute-to-minute variability diagnostic; gaps beyond the configured threshold break segments.,stress points,float64,473,100.0,0,0.0,12,False,False,False,False,0.0,1.0,3.0,4.0,5.0,6.0,7.0,8.0,5.123678646934461,1.1416715603449596,6; 4; 5,feature,True,True,
wake_stress_roughness,variability/gaps,stress,wake,wake_phase,roughness,Gap-aware minute-to-minute variability diagnostic; gaps beyond the configured threshold break segments.,stress points,float64,473,100.0,0,0.0,473,False,False,False,False,0.0,21.93617021276596,72.47661660408845,98.4862385321101,119.43898573692552,138.0148975791434,167.81917950869993,190.90940766550523,119.1204900213619,28.87582402056784,177.3; 138; 106.2,feature,True,True,
wake_stress_std_diff,variability/gaps,stress,wake,wake_phase,std_diff,Gap-aware minute-to-minute variability diagnostic; gaps beyond the configured threshold break segments.,stress points,float64,473,100.0,0,0.0,473,False,False,False,False,0.0,4.682231689792974,8.511531020494246,9.923105123971968,10.917826072876055,11.736415885620136,12.950449787366862,13.801460581977352,10.823042057245976,1.368233955919077,13.31; 11.74; 10.3,feature,True,True,
sleep_hr_large_gap_count,missingness/coverage,hr,sleep,sleep_phase,large_gap_count,Missingness or paired coverage diagnostic for the semantic phase/window.,count,int64,473,100.0,0,0.0,32,False,False,False,False,0.21141649048625794,0.0,8.0,12.0,16.0,19.0,25.0,33.0,15.75475687103594,5.2287123629737895,25; 17; 20,diagnostic,True,True,
sleep_hr_longest_missing_gap_minutes,missingness/coverage,hr,sleep,sleep_phase,longest_missing_gap_minutes,Missingness or paired coverage diagnostic for the semantic phase/window.,minutes,float64,473,100.0,0,0.0,31,False,False,False,False,0.0,2.0,6.0,8.0,11.0,15.0,17.0,460.0,13.513742071881607,28.823812707900974,9; 14; 13,diagnostic,True,True,
sleep_hr_missing_gap_count,missingness/coverage,hr,sleep,sleep_phase,missing_gap_count,Missingness or paired coverage diagnostic for the semantic phase/window.,count,int64,473,100.0,0,0.0,89,False,False,False,False,0.0,12.0,50.0,70.0,82.0,93.0,109.0,139.0,80.84566596194503,18.33743693286644,83; 77; 93,diagnostic,True,True,
sleep_hr_small_gap_count,missingness/coverage,hr,sleep,sleep_phase,small_gap_count,Missingness or paired coverage diagnostic for the semantic phase/window.,count,int64,473,100.0,0,0.0,77,False,False,False,False,0.0,11.0,39.0,55.0,66.0,75.0,91.0,112.0,65.0909090909091,15.81507101680473,58; 60; 73,diagnostic,True,True,
sleep_stress_large_gap_count,missingness/coverage,stress,sleep,sleep_phase,large_gap_count,Missingness or paired coverage diagnostic for the semantic phase/window.,count,int64,473,100.0,0,0.0,11,False,False,False,False,31.501057082452434,0.0,0.0,0.0,1.0,2.0,5.0,10.0,1.5983086680761098,1.7422001635889692,0; 2; 1,diagnostic,True,True,
sleep_stress_longest_missing_gap_minutes,missingness/coverage,stress,sleep,sleep_phase,longest_missing_gap_minutes,Missingness or paired coverage diagnostic for the semantic phase/window.,minutes,float64,473,100.0,0,0.0,49,False,False,False,False,4.651162790697675,0.0,1.0,2.0,5.0,13.0,34.39999999999998,460.0,11.126849894291755,30.58694290254169,2; 12; 3,diagnostic,True,True,
sleep_stress_missing_gap_count,missingness/coverage,stress,sleep,sleep_phase,missing_gap_count,Missingness or paired coverage diagnostic for the semantic phase/window.,count,int64,473,100.0,0,0.0,43,False,False,False,False,4.651162790697675,0.0,1.0,2.0,5.0,9.0,23.399999999999977,147.0,8.080338266384778,13.837546369431534,3; 6; 5,diagnostic,True,True,
sleep_stress_small_gap_count,missingness/coverage,stress,sleep,sleep_phase,small_gap_count,Missingness or paired coverage diagnostic for the semantic phase/window.,count,int64,473,100.0,0,0.0,40,False,False,False,False,10.570824524312897,0.0,0.0,1.0,3.0,6.0,21.399999999999977,145.0,6.482029598308668,13.518767571114983,3; 4; 2,diagnostic,True,True,
wake_hr_large_gap_count,missingness/coverage,hr,wake,wake_phase,large_gap_count,Missingness or paired coverage diagnostic for the semantic phase/window.,count,int64,473,100.0,0,0.0,27,False,False,False,False,8.879492600422834,0.0,0.0,2.0,3.0,5.0,11.0,101.0,4.107822410147992,6.084239692561262,1; 3; 5,diagnostic,True,True,
wake_hr_longest_missing_gap_minutes,missingness/coverage,hr,wake,wake_phase,longest_missing_gap_minutes,Missingness or paired coverage diagnostic for the semantic phase/window.,minutes,float64,473,100.0,0,0.0,118,False,False,False,False,0.0,2.0,2.0,3.0,4.0,15.0,2056.5999999999935,228815.0,1358.1797040169133,11954.392312437829,3; 124; 4,diagnostic,True,True,
wake_hr_missing_gap_count,missingness/coverage,hr,wake,wake_phase,missing_gap_count,Missingness or paired coverage diagnostic for the semantic phase/window.,count,int64,473,100.0,0,0.0,120,False,False,False,False,0.0,12.0,59.2,79.0,91.0,105.0,154.9999999999999,1060.0,99.446088794926,58.424937391723304,97; 78; 108,diagnostic,True,True,
wake_hr_small_gap_count,missingness/coverage,hr,wake,wake_phase,small_gap_count,Missingness or paired coverage diagnostic for the semantic phase/window.,count,int64,473,100.0,0,0.0,119,False,False,False,False,0.0,9.0,54.6,77.0,88.0,102.0,141.39999999999998,959.0,95.33826638477801,53.011145610518646,96; 75; 103,diagnostic,True,True,
wake_stress_large_gap_count,missingness/coverage,stress,wake,wake_phase,large_gap_count,Missingness or paired coverage diagnostic for the semantic phase/window.,count,int64,473,100.0,0,0.0,54,False,False,False,False,0.0,1.0,6.0,14.0,20.0,26.0,40.0,157.0,21.520084566596193,12.1690053721578,17; 20; 8,diagnostic,True,True,
wake_stress_longest_missing_gap_minutes,missingness/coverage,stress,wake,wake_phase,longest_missing_gap_minutes,Missingness or paired coverage diagnostic for the semantic phase/window.,minutes,float64,473,100.0,0,0.0,191,False,False,False,False,0.0,3.0,9.0,28.0,47.0,88.0,2064.1999999999935,228815.0,1415.0401691331924,11993.103223902886,117; 127; 194,diagnostic,True,True,
wake_stress_missing_gap_count,missingness/coverage,stress,wake,wake_phase,missing_gap_count,Missingness or paired coverage diagnostic for the semantic phase/window.,count,int64,473,100.0,0,0.0,106,False,False,False,False,0.0,8.0,26.0,43.0,56.0,71.0,100.39999999999998,349.0,59.63424947145877,27.98088010585117,64; 68; 49,diagnostic,True,True,
wake_stress_small_gap_count,missingness/coverage,stress,wake,wake_phase,small_gap_count,Missingness or paired coverage diagnostic for the semantic phase/window.,count,int64,473,100.0,0,0.0,81,False,False,False,False,0.0,4.0,15.0,26.0,35.0,46.0,70.0,192.0,38.11416490486258,19.43024794192954,47; 48; 41,diagnostic,True,True,
sleep_hr_longest_below_zone1_episode_minutes,episodes/state structure,hr,sleep,sleep_phase,longest_below_zone1_episode_minutes,Contiguous state-run feature; gaps beyond the configured threshold break episodes.,minutes,float64,473,100.0,0,0.0,83,False,False,False,False,0.0,22.0,35.0,47.0,58.0,71.0,98.0,154.0,60.34038054968288,19.261755353692433,61; 55; 38,feature,True,True,
sleep_hr_state_transition_count,episodes/state structure,hr,sleep,sleep_phase,state_transition_count,Contiguous state-run feature; gaps beyond the configured threshold break episodes.,count,int64,473,100.0,0,0.0,4,False,False,False,True,95.77167019027483,0.0,0.0,0.0,0.0,0.0,0.0,30.0,0.15644820295983086,1.4716653156299744,0; 2; 30,feature,True,True,sparse or rare-event style feature
sleep_hr_transitions_per_valid_hour,episodes/state structure,hr,sleep,sleep_phase,transitions_per_valid_hour,Contiguous state-run feature; gaps beyond the configured threshold break episodes.,bpm,float64,473,100.0,0,0.0,21,False,False,False,True,95.77167019027483,0.0,0.0,0.0,0.0,0.0,0.0,4.591836734693878,0.02730357509021499,0.2395547167020446,0; 0.3448; 0.5,feature,True,True,sparse or rare-event style feature
sleep_hr_zone1_plus_episode_count,episodes/state structure,hr,sleep,sleep_phase,zone1_plus_episode_count,Contiguous state-run feature; gaps beyond the configured threshold break episodes.,count,int64,473,100.0,0,0.0,4,False,False,False,True,95.77167019027483,0.0,0.0,0.0,0.0,0.0,0.0,15.0,0.07822410147991543,0.7358326578149872,0; 1; 15,feature,True,True,sparse or rare-event style feature
sleep_hr_zone1_plus_fragmentation_index,episodes/state structure,hr,sleep,sleep_phase,zone1_plus_fragmentation_index,Contiguous state-run feature; gaps beyond the configured threshold break episodes.,bpm,float64,20,4.2283298097251585,453,95.77167019027483,6,False,False,True,True,0.0,0.2,0.2475,0.5,1.0,1.0,1.0,1.0,0.7550783972125436,0.3094441657055885,1; 0.5; 0.3659,feature,True,False,mostly missing; inspect before EDA/modeling
sleep_hr_zone1_plus_max_duration_minutes,episodes/state structure,hr,sleep,sleep_phase,zone1_plus_max_duration_minutes,Contiguous state-run feature; gaps beyond the configured threshold break episodes.,minutes,float64,20,4.2283298097251585,453,95.77167019027483,6,False,False,True,True,0.0,1.0,1.0,1.0,1.0,2.0,6.050000000000001,7.0,2.1,1.8138357147217055,1; 2; 7,feature,True,False,mostly missing; inspect before EDA/modeling
sleep_hr_zone1_plus_mean_duration_minutes,episodes/state structure,hr,sleep,sleep_phase,zone1_plus_mean_duration_minutes,Contiguous state-run feature; gaps beyond the configured threshold break episodes.,minutes,float64,20,4.2283298097251585,453,95.77167019027483,6,False,False,True,True,0.0,1.0,1.0,1.0,1.0,2.0,4.050000000000001,5.0,1.7616666666666667,1.1543769363215428,1; 2; 2.733,feature,True,False,mostly missing; inspect before EDA/modeling
sleep_hr_zone1_plus_median_duration_minutes,episodes/state structure,hr,sleep,sleep_phase,zone1_plus_median_duration_minutes,Contiguous state-run feature; gaps beyond the configured threshold break episodes.,minutes,float64,20,4.2283298097251585,453,95.77167019027483,5,False,False,True,True,0.0,1.0,1.0,1.0,1.0,2.0,4.050000000000001,5.0,1.725,1.1344051304538427,1; 2; 5,feature,True,False,mostly missing; inspect before EDA/modeling
sleep_hr_zone1_plus_time_since_last_minutes,episodes/state structure,hr,sleep,sleep_phase,zone1_plus_time_since_last_minutes,Contiguous state-run feature; gaps beyond the configured threshold break episodes.,minutes,float64,20,4.2283298097251585,453,95.77167019027483,20,False,False,True,True,0.0,27.0,106.80000000000001,173.5,307.5,401.5,525.6,613.0,298.2258333333333,157.01991597626858,201; 292; 520,feature,True,False,mostly missing; inspect before EDA/modeling
sleep_hr_zone1_plus_time_to_first_minutes,episodes/state structure,hr,sleep,sleep_phase,zone1_plus_time_to_first_minutes,Contiguous state-run feature; gaps beyond the configured threshold break episodes.,minutes,float64,20,4.2283298097251585,453,95.77167019027483,20,False,False,True,True,0.0,23.0,50.550000000000004,116.0,264.0,335.25,440.50000000000006,526.0,243.45,145.4085537373919,328; 104; 91,feature,True,False,mostly missing; inspect before EDA/modeling
sleep_hr_zone1_plus_total_minutes,episodes/state structure,hr,sleep,sleep_phase,zone1_plus_total_minutes,Contiguous state-run feature; gaps beyond the configured threshold break episodes.,minutes,int64,473,100.0,0,0.0,7,False,False,False,True,95.77167019027483,0.0,0.0,0.0,0.0,0.0,0.0,41.0,0.17758985200845667,2.020551100399639,0; 1; 2,feature,True,True,sparse or rare-event style feature
sleep_hr_zone2_plus_episode_count,episodes/state structure,hr,sleep,sleep_phase,zone2_plus_episode_count,Contiguous state-run feature; gaps beyond the configured threshold break episodes.,count,int64,473,100.0,0,0.0,2,False,False,False,True,99.78858350951374,0.0,0.0,0.0,0.0,0.0,0.0,1.0,0.0021141649048625794,0.045931418567442775,0; 1,feature,True,True,sparse or rare-event style feature
sleep_hr_zone2_plus_fragmentation_index,episodes/state structure,hr,sleep,sleep_phase,zone2_plus_fragmentation_index,Contiguous state-run feature; gaps beyond the configured threshold break episodes.,bpm,float64,1,0.21141649048625794,472,99.78858350951374,1,False,True,True,True,0.0,0.5,0.5,0.5,0.5,0.5,0.5,0.5,0.5,0.0,0.5,feature,True,False,constant among non-null values; mostly missing; inspect before EDA/modeling
sleep_hr_zone2_plus_max_duration_minutes,episodes/state structure,hr,sleep,sleep_phase,zone2_plus_max_duration_minutes,Contiguous state-run feature; gaps beyond the configured threshold break episodes.,minutes,float64,1,0.21141649048625794,472,99.78858350951374,1,False,True,True,True,0.0,2.0,2.0,2.0,2.0,2.0,2.0,2.0,2.0,0.0,2,feature,True,False,constant among non-null values; mostly missing; inspect before EDA/modeling
sleep_hr_zone2_plus_mean_duration_minutes,episodes/state structure,hr,sleep,sleep_phase,zone2_plus_mean_duration_minutes,Contiguous state-run feature; gaps beyond the configured threshold break episodes.,minutes,float64,1,0.21141649048625794,472,99.78858350951374,1,False,True,True,True,0.0,2.0,2.0,2.0,2.0,2.0,2.0,2.0,2.0,0.0,2,feature,True,False,constant among non-null values; mostly missing; inspect before EDA/modeling
sleep_hr_zone2_plus_median_duration_minutes,episodes/state structure,hr,sleep,sleep_phase,zone2_plus_median_duration_minutes,Contiguous state-run feature; gaps beyond the configured threshold break episodes.,minutes,float64,1,0.21141649048625794,472,99.78858350951374,1,False,True,True,True,0.0,2.0,2.0,2.0,2.0,2.0,2.0,2.0,2.0,0.0,2,feature,True,False,constant among non-null values; mostly missing; inspect before EDA/modeling
sleep_hr_zone2_plus_time_since_last_minutes,episodes/state structure,hr,sleep,sleep_phase,zone2_plus_time_since_last_minutes,Contiguous state-run feature; gaps beyond the configured threshold break episodes.,minutes,float64,1,0.21141649048625794,472,99.78858350951374,1,False,True,True,True,0.0,119.0,119.0,119.0,119.0,119.0,119.0,119.0,119.0,0.0,119,feature,True,False,constant among non-null values; mostly missing; inspect before EDA/modeling
sleep_hr_zone2_plus_time_to_first_minutes,episodes/state structure,hr,sleep,sleep_phase,zone2_plus_time_to_first_minutes,Contiguous state-run feature; gaps beyond the configured threshold break episodes.,minutes,float64,1,0.21141649048625794,472,99.78858350951374,1,False,True,True,True,0.0,389.0,389.0,389.0,389.0,389.0,389.0,389.0,389.0,0.0,389,feature,True,False,constant among non-null values; mostly missing; inspect before EDA/modeling
sleep_hr_zone2_plus_total_minutes,episodes/state structure,hr,sleep,sleep_phase,zone2_plus_total_minutes,Contiguous state-run feature; gaps beyond the configured threshold break episodes.,minutes,int64,473,100.0,0,0.0,2,False,False,False,True,99.78858350951374,0.0,0.0,0.0,0.0,0.0,0.0,2.0,0.004228329809725159,0.09186283713488555,0; 2,feature,True,True,sparse or rare-event style feature
sleep_stress_elevated_episode_count,episodes/state structure,stress,sleep,sleep_phase,elevated_episode_count,Contiguous state-run feature; gaps beyond the configured threshold break episodes.,count,int64,473,100.0,0,0.0,28,False,False,False,False,21.353065539112052,0.0,0.0,1.0,2.0,5.0,13.399999999999977,48.0,3.7209302325581395,5.199439470256161,1; 3; 0,feature,True,True,
sleep_stress_elevated_fragmentation_index,episodes/state structure,stress,sleep,sleep_phase,elevated_fragmentation_index,Contiguous state-run feature; gaps beyond the configured threshold break episodes.,stress points,float64,372,78.64693446088795,101,21.353065539112052,96,False,False,False,False,0.0,0.08823529411764706,0.18181818181818182,0.4,0.6666666666666666,1.0,1.0,1.0,0.6560681278590519,0.2971522907228722,1; 0.6; 0.2308,feature,True,True,
sleep_stress_elevated_max_duration_minutes,episodes/state structure,stress,sleep,sleep_phase,elevated_max_duration_minutes,Contiguous state-run feature; gaps beyond the configured threshold break episodes.,minutes,float64,372,78.64693446088795,101,21.353065539112052,32,False,False,False,False,0.0,1.0,1.0,1.0,2.0,6.0,17.0,79.0,5.091397849462366,7.759297661293482,1; 3; 10,feature,True,True,
sleep_stress_elevated_mean_duration_minutes,episodes/state structure,stress,sleep,sleep_phase,elevated_mean_duration_minutes,Contiguous state-run feature; gaps beyond the configured threshold break episodes.,minutes,float64,372,78.64693446088795,101,21.353065539112052,96,False,False,False,False,0.0,1.0,1.0,1.0,1.5,2.5,5.5,11.333333333333334,2.1019172256391734,1.5468737460774618,1; 1.667; 4.333,feature,True,True,
sleep_stress_elevated_median_duration_minutes,episodes/state structure,stress,sleep,sleep_phase,elevated_median_duration_minutes,Contiguous state-run feature; gaps beyond the configured threshold break episodes.,minutes,float64,372,78.64693446088795,101,21.353065539112052,13,False,False,False,False,0.0,1.0,1.0,1.0,1.0,2.0,3.5,14.0,1.5887096774193548,1.2481950200933816,1; 2; 1.5,feature,True,True,
sleep_stress_elevated_time_since_last_minutes,episodes/state structure,stress,sleep,sleep_phase,elevated_time_since_last_minutes,Contiguous state-run feature; gaps beyond the configured threshold break episodes.,minutes,float64,372,78.64693446088795,101,21.353065539112052,273,False,False,False,False,0.0,0.8166666666666667,9.0,70.75,162.0,328.25,484.34999999999997,625.0,201.35094086021508,155.18126166160968,49; 126; 429,feature,True,True,
sleep_stress_elevated_time_to_first_minutes,episodes/state structure,stress,sleep,sleep_phase,elevated_time_to_first_minutes,Contiguous state-run feature; gaps beyond the configured threshold break episodes.,minutes,float64,372,78.64693446088795,101,21.353065539112052,203,False,False,False,False,7.526881720430108,0.0,0.0,42.0,82.5,152.5,408.34999999999997,596.0,121.5510752688172,122.42120605676202,425; 69; 100,feature,True,True,
sleep_stress_elevated_total_minutes,episodes/state structure,stress,sleep,sleep_phase,elevated_total_minutes,Contiguous state-run feature; gaps beyond the configured threshold break episodes.,minutes,int64,473,100.0,0,0.0,55,False,False,False,False,21.353065539112052,0.0,0.0,1.0,3.0,10.0,35.0,301.0,10.30232558139535,25.755139368560926,1; 5; 0,feature,True,True,
sleep_stress_high_episode_count,episodes/state structure,stress,sleep,sleep_phase,high_episode_count,Contiguous state-run feature; gaps beyond the configured threshold break episodes.,count,int64,473,100.0,0,0.0,10,False,False,False,False,75.8985200845666,0.0,0.0,0.0,0.0,0.0,3.0,25.0,0.5496828752642706,1.6328307515074139,0; 1; 2,feature,True,True,
sleep_stress_high_fragmentation_index,episodes/state structure,stress,sleep,sleep_phase,high_fragmentation_index,Contiguous state-run feature; gaps beyond the configured threshold break episodes.,stress points,float64,114,24.101479915433405,359,75.8985200845666,21,False,False,False,False,0.0,0.06382978723404255,0.30131578947368426,0.5,1.0,1.0,1.0,1.0,0.7676058146486036,0.2756860245065097,1; 0.5; 0.75,feature,True,True,
sleep_stress_high_max_duration_minutes,episodes/state structure,stress,sleep,sleep_phase,high_max_duration_minutes,Contiguous state-run feature; gaps beyond the configured threshold break episodes.,minutes,float64,114,24.101479915433405,359,75.8985200845666,11,False,False,False,False,0.0,1.0,1.0,1.0,1.0,3.0,6.0,42.0,2.5701754385964914,4.248775464963692,1; 2; 5,feature,True,True,
sleep_stress_high_mean_duration_minutes,episodes/state structure,stress,sleep,sleep_phase,high_mean_duration_minutes,Contiguous state-run feature; gaps beyond the configured threshold break episodes.,minutes,float64,114,24.101479915433405,359,75.8985200845666,21,False,False,False,False,0.0,1.0,1.0,1.0,1.0,2.0,3.3759999999999946,15.666666666666666,1.7865037593984965,2.0139082912380974,1; 2; 1.333,feature,True,True,
sleep_stress_high_median_duration_minutes,episodes/state structure,stress,sleep,sleep_phase,high_median_duration_minutes,Contiguous state-run feature; gaps beyond the configured threshold break episodes.,minutes,float64,114,24.101479915433405,359,75.8985200845666,8,False,False,False,False,0.0,1.0,1.0,1.0,1.0,1.5,3.0,15.0,1.530701754385965,1.5279344613127546,1; 2; 1.5,feature,True,True,
sleep_stress_high_time_since_last_minutes,episodes/state structure,stress,sleep,sleep_phase,high_time_since_last_minutes,Contiguous state-run feature; gaps beyond the configured threshold break episodes.,minutes,float64,114,24.101479915433405,359,75.8985200845666,108,False,False,False,False,0.0,7.0,26.3,159.25,331.3666666666667,453.75,552.4,638.0,308.608918128655,170.83020856049365,384; 202; 478,feature,True,True,
sleep_stress_high_time_to_first_minutes,episodes/state structure,stress,sleep,sleep_phase,high_time_to_first_minutes,Contiguous state-run feature; gaps beyond the configured threshold break episodes.,minutes,float64,114,24.101479915433405,359,75.8985200845666,95,False,False,False,False,3.508771929824561,0.0,11.65,57.0,91.0,172.75,444.09999999999985,626.0,143.06140350877192,136.3380914380773,69; 143; 40,feature,True,True,
sleep_stress_high_total_minutes,episodes/state structure,stress,sleep,sleep_phase,high_total_minutes,Contiguous state-run feature; gaps beyond the configured threshold break episodes.,minutes,int64,473,100.0,0,0.0,17,False,False,False,False,75.8985200845666,0.0,0.0,0.0,0.0,0.0,6.0,76.0,1.0782241014799154,4.652877831026198,0; 1; 2,feature,True,True,
sleep_stress_longest_low_episode_minutes,episodes/state structure,stress,sleep,sleep_phase,longest_low_episode_minutes,Contiguous state-run feature; gaps beyond the configured threshold break episodes.,minutes,float64,467,98.73150105708245,6,1.2684989429175475,55,False,False,False,False,0.0,1.0,1.0,3.0,7.0,15.0,41.0,88.0,12.049250535331906,13.051854023187103,2; 6; 19,feature,True,True,
sleep_stress_longest_recovery_episode_minutes,episodes/state structure,stress,sleep,sleep_phase,longest_recovery_episode_minutes,Contiguous state-run feature; gaps beyond the configured threshold break episodes.,minutes,float64,472,99.78858350951374,1,0.21141649048625794,222,False,False,False,False,0.0,4.0,60.55,92.0,125.5,183.0,307.1499999999999,559.0,146.65254237288136,80.25973483577691,199; 114; 155,feature,True,True,
sleep_stress_state_transition_count,episodes/state structure,stress,sleep,sleep_phase,state_transition_count,Contiguous state-run feature; gaps beyond the configured threshold break episodes.,count,int64,473,100.0,0,0.0,96,False,False,False,False,1.0570824524312896,0.0,4.600000000000001,14.0,27.0,47.0,84.39999999999998,144.0,33.215644820295985,24.86819394829807,7; 21; 8,feature,True,True,
sleep_stress_transitions_per_valid_hour,episodes/state structure,stress,sleep,sleep_phase,transitions_per_valid_hour,Contiguous state-run feature; gaps beyond the configured threshold break episodes.,stress points,float64,473,100.0,0,0.0,461,False,False,False,False,1.0570824524312896,0.0,0.637620633218579,1.8532818532818534,3.374340949033392,5.897435897435898,10.274294670846391,18.51851851851852,4.223193162062163,3.158879923051568,0.8936; 2.91; 0.9213,feature,True,True,
wake_hr_longest_below_zone1_episode_minutes,episodes/state structure,hr,wake,wake_phase,longest_below_zone1_episode_minutes,Contiguous state-run feature; gaps beyond the configured threshold break episodes.,minutes,float64,473,100.0,0,0.0,172,False,False,False,False,0.0,20.0,57.0,85.0,111.0,146.0,214.5999999999999,362.0,121.2431289640592,52.44626849053874,104; 99; 105,feature,True,True,
wake_hr_state_transition_count,episodes/state structure,hr,wake,wake_phase,state_transition_count,Contiguous state-run feature; gaps beyond the configured threshold break episodes.,count,int64,473,100.0,0,0.0,141,False,False,False,False,1.0570824524312896,0.0,8.0,30.0,51.0,83.0,145.0,439.0,60.99365750528541,46.11523806465793,77; 92; 48,feature,True,True,
wake_hr_transitions_per_valid_hour,episodes/state structure,hr,wake,wake_phase,transitions_per_valid_hour,Contiguous state-run feature; gaps beyond the configured threshold break episodes.,bpm,float64,473,100.0,0,0.0,463,False,False,False,False,1.0570824524312896,0.0,0.6802801431422802,2.192448233861145,3.7762237762237763,5.81913499344692,8.790147166266568,16.01841196777906,4.189358275051853,2.566563324382676,5.185; 7.624; 3.627,feature,True,True,
wake_hr_zone1_plus_episode_count,episodes/state structure,hr,wake,wake_phase,zone1_plus_episode_count,Contiguous state-run feature; gaps beyond the configured threshold break episodes.,count,int64,473,100.0,0,0.0,70,False,False,False,False,1.0570824524312896,0.0,4.0,12.0,20.0,32.0,54.0,179.0,23.86046511627907,17.925898133291586,26; 35; 15,feature,True,True,
wake_hr_zone1_plus_fragmentation_index,episodes/state structure,hr,wake,wake_phase,zone1_plus_fragmentation_index,Contiguous state-run feature; gaps beyond the configured threshold break episodes.,bpm,float64,468,98.94291754756871,5,1.0570824524312896,388,False,False,False,False,0.0,0.04040404040404041,0.10984497635645687,0.17003036437246963,0.23567323481116584,0.30795817086139665,0.6216346153846152,1.0,0.2755997223052108,0.17031369511805866,0.1605; 0.2188; 0.1705,feature,True,True,
wake_hr_zone1_plus_max_duration_minutes,episodes/state structure,hr,wake,wake_phase,zone1_plus_max_duration_minutes,Contiguous state-run feature; gaps beyond the configured threshold break episodes.,minutes,float64,468,98.94291754756871,5,1.0570824524312896,82,False,False,False,False,0.0,1.0,3.0,13.0,23.0,37.0,67.0,158.0,27.358974358974358,21.37014513805568,37; 52; 50,feature,True,True,
wake_hr_zone1_plus_mean_duration_minutes,episodes/state structure,hr,wake,wake_phase,zone1_plus_mean_duration_minutes,Contiguous state-run feature; gaps beyond the configured threshold break episodes.,minutes,float64,468,98.94291754756871,5,1.0570824524312896,388,False,False,False,False,0.0,1.0,1.6087500000000001,3.2472014925373136,4.243163340724316,5.881302521008404,9.103830645161288,24.75,4.754911100193295,2.5152150315811324,6.231; 4.571; 5.867,feature,True,True,
wake_hr_zone1_plus_median_duration_minutes,episodes/state structure,hr,wake,wake_phase,zone1_plus_median_duration_minutes,Contiguous state-run feature; gaps beyond the configured threshold break episodes.,minutes,float64,468,98.94291754756871,5,1.0570824524312896,14,False,False,False,False,0.0,1.0,1.0,2.0,2.0,2.0,4.0,14.0,2.1666666666666665,1.2570315052249903,2; 3; 6,feature,True,True,
wake_hr_zone1_plus_time_since_last_minutes,episodes/state structure,hr,wake,wake_phase,zone1_plus_time_since_last_minutes,Contiguous state-run feature; gaps beyond the configured threshold break episodes.,minutes,float64,468,98.94291754756871,5,1.0570824524312896,260,False,False,False,False,0.0,5.0,14.350000000000001,49.0,98.0,225.0,502.1999999999998,3013.0,176.52136752136752,265.5159015725301,60; 10; 424,feature,True,True,
wake_hr_zone1_plus_time_to_first_minutes,episodes/state structure,hr,wake,wake_phase,zone1_plus_time_to_first_minutes,Contiguous state-run feature; gaps beyond the configured threshold break episodes.,minutes,float64,468,98.94291754756871,5,1.0570824524312896,181,False,False,False,False,0.0,1.0,3.0,9.0,24.0,70.0,284.65,757.0,69.66958689458689,117.4576608612058,63; 32.02; 206,feature,True,True,
wake_hr_zone1_plus_total_minutes,episodes/state structure,hr,wake,wake_phase,zone1_plus_total_minutes,Contiguous state-run feature; gaps beyond the configured threshold break episodes.,minutes,int64,473,100.0,0,0.0,231,False,False,False,False,1.0570824524312896,0.0,7.600000000000001,46.0,91.0,165.0,317.79999999999995,906.0,117.97251585623678,107.95250543951424,162; 160; 88,feature,True,True,
wake_hr_zone2_plus_episode_count,episodes/state structure,hr,wake,wake_phase,zone2_plus_episode_count,Contiguous state-run feature; gaps beyond the configured threshold break episodes.,count,int64,473,100.0,0,0.0,32,False,False,False,False,15.433403805496829,0.0,0.0,2.0,4.0,8.0,19.0,47.0,6.1543340380549685,6.636712171441377,11; 8; 9,feature,True,True,
wake_hr_zone2_plus_fragmentation_index,episodes/state structure,hr,wake,wake_phase,zone2_plus_fragmentation_index,Contiguous state-run feature; gaps beyond the configured threshold break episodes.,bpm,float64,400,84.56659619450318,73,15.433403805496829,181,False,False,False,False,0.0,0.03571428571428571,0.11988235294117647,0.20539164032314716,0.3086080586080586,0.5,1.0,1.0,0.3899931878874087,0.256447725426249,0.3929; 0.1569; 0.6923,feature,True,True,
wake_hr_zone2_plus_max_duration_minutes,episodes/state structure,hr,wake,wake_phase,zone2_plus_max_duration_minutes,Contiguous state-run feature; gaps beyond the configured threshold break episodes.,minutes,float64,400,84.56659619450318,73,15.433403805496829,43,False,False,False,False,0.0,1.0,1.0,3.75,8.0,15.0,29.0,57.0,10.575,9.438187061083289,10; 29; 3,feature,True,True,
wake_hr_zone2_plus_mean_duration_minutes,episodes/state structure,hr,wake,wake_phase,zone2_plus_mean_duration_minutes,Contiguous state-run feature; gaps beyond the configured threshold break episodes.,minutes,float64,400,84.56659619450318,73,15.433403805496829,181,False,False,False,False,0.0,1.0,1.0,2.0,3.2403846153846154,4.8687499999999995,8.34166666666666,28.0,3.817092810260967,2.6678284940719497,2.545; 6.375; 1.444,feature,True,True,
wake_hr_zone2_plus_median_duration_minutes,episodes/state structure,hr,wake,wake_phase,zone2_plus_median_duration_minutes,Contiguous state-run feature; gaps beyond the configured threshold break episodes.,minutes,float64,400,84.56659619450318,73,15.433403805496829,23,False,False,False,False,0.0,1.0,1.0,1.0,2.0,3.0,6.5,28.0,2.63375,2.436490496082429,2; 1; 1.5,feature,True,True,
wake_hr_zone2_plus_time_since_last_minutes,episodes/state structure,hr,wake,wake_phase,zone2_plus_time_since_last_minutes,Contiguous state-run feature; gaps beyond the configured threshold break episodes.,minutes,float64,400,84.56659619450318,73,15.433403805496829,338,False,False,False,False,0.0,22.0,73.95,209.75,377.5,616.25,973.5999999999995,229683.0,1043.755,11454.774275819449,193; 401; 554,feature,True,True,
wake_hr_zone2_plus_time_to_first_minutes,episodes/state structure,hr,wake,wake_phase,zone2_plus_time_to_first_minutes,Contiguous state-run feature; gaps beyond the configured threshold break episodes.,minutes,float64,400,84.56659619450318,73,15.433403805496829,259,False,False,False,False,0.0,3.0,12.950000000000003,37.0,106.5,293.25,579.1999999999998,6353.0,221.57641666666663,442.08006568310896,252; 115; 286,feature,True,True,
wake_hr_zone2_plus_total_minutes,episodes/state structure,hr,wake,wake_phase,zone2_plus_total_minutes,Contiguous state-run feature; gaps beyond the configured threshold break episodes.,minutes,int64,473,100.0,0,0.0,96,False,False,False,False,15.433403805496829,0.0,0.0,3.0,14.0,31.0,83.39999999999998,364.0,24.6046511627907,33.90781775957543,28; 51; 13,feature,True,True,
wake_stress_elevated_episode_count,episodes/state structure,stress,wake,wake_phase,elevated_episode_count,Contiguous state-run feature; gaps beyond the configured threshold break episodes.,count,int64,473,100.0,0,0.0,102,False,False,False,False,0.0,6.0,34.0,51.0,64.0,77.0,111.39999999999998,541.0,67.18604651162791,32.610249750801906,80; 47; 34,feature,True,True,
wake_stress_elevated_fragmentation_index,episodes/state structure,stress,wake,wake_phase,elevated_fragmentation_index,Contiguous state-run feature; gaps beyond the configured threshold break episodes.,stress points,float64,473,100.0,0,0.0,460,False,False,False,False,0.0,0.033268101761252444,0.08391960327334537,0.13493975903614458,0.17438692098092642,0.23394495412844038,0.3411936607845341,0.5392156862745098,0.1902610481501724,0.08029579317500825,0.2326; 0.1958; 0.2677,feature,True,True,
wake_stress_elevated_max_duration_minutes,episodes/state structure,stress,wake,wake_phase,elevated_max_duration_minutes,Contiguous state-run feature; gaps beyond the configured threshold break episodes.,minutes,float64,473,100.0,0,0.0,133,False,False,False,False,0.0,6.0,17.0,33.0,52.0,77.0,130.0,281.0,60.701902748414376,37.80379323360148,58; 45; 14,feature,True,True,
wake_stress_elevated_mean_duration_minutes,episodes/state structure,stress,wake,wake_phase,elevated_mean_duration_minutes,Contiguous state-run feature; gaps beyond the configured threshold break episodes.,minutes,float64,473,100.0,0,0.0,460,False,False,False,False,0.0,1.8545454545454545,2.9308880308880307,4.2745098039215685,5.734375,7.410714285714286,11.926310483870951,30.058823529411764,6.315155685505432,3.084890004727853,4.3; 5.106; 3.735,feature,True,True,
wake_stress_elevated_median_duration_minutes,episodes/state structure,stress,wake,wake_phase,elevated_median_duration_minutes,Contiguous state-run feature; gaps beyond the configured threshold break episodes.,minutes,float64,473,100.0,0,0.0,17,False,False,False,False,0.0,1.0,1.0,2.0,2.0,3.0,4.399999999999977,12.5,2.516913319238901,1.2332297388082032,2; 3; 1,feature,True,True,
wake_stress_elevated_time_since_last_minutes,episodes/state structure,stress,wake,wake_phase,elevated_time_since_last_minutes,Contiguous state-run feature; gaps beyond the configured threshold break episodes.,minutes,float64,473,100.0,0,0.0,85,False,False,False,False,0.0,1.0,1.0,7.0,14.0,29.0,87.79999999999995,197.0,22.99154334038055,27.37879174019526,5; 9; 197,feature,True,True,
wake_stress_elevated_time_to_first_minutes,episodes/state structure,stress,wake,wake_phase,elevated_time_to_first_minutes,Contiguous state-run feature; gaps beyond the configured threshold break episodes.,minutes,float64,473,100.0,0,0.0,82,False,False,False,False,4.439746300211417,0.0,1.0,2.0,3.0,11.0,46.0,519.5333333333333,12.357082452431289,32.8810414846512,57; 3.017; 29,feature,True,True,
wake_stress_elevated_total_minutes,episodes/state structure,stress,wake,wake_phase,elevated_total_minutes,Contiguous state-run feature; gaps beyond the configured threshold break episodes.,minutes,int64,473,100.0,0,0.0,330,False,False,False,False,0.0,13.0,159.20000000000002,265.0,374.0,496.0,735.0,3166.0,405.83720930232556,238.13508374044395,344; 240; 127,feature,True,True,
wake_stress_high_episode_count,episodes/state structure,stress,wake,wake_phase,high_episode_count,Contiguous state-run feature; gaps beyond the configured threshold break episodes.,count,int64,473,100.0,0,0.0,112,False,False,False,False,0.0,1.0,18.0,33.0,46.0,63.0,100.0,425.0,51.68287526427061,30.99650226771113,40; 32; 8,feature,True,True,
wake_stress_high_fragmentation_index,episodes/state structure,stress,wake,wake_phase,high_fragmentation_index,Contiguous state-run feature; gaps beyond the configured threshold break episodes.,stress points,float64,473,100.0,0,0.0,430,False,False,False,False,0.0,0.07142857142857142,0.15024801532986587,0.23109243697478993,0.312,0.41414141414141414,0.5477855477855477,1.0,0.33016123120960733,0.13805725894234594,0.2649; 0.2078; 0.5333,feature,True,True,
wake_stress_high_max_duration_minutes,episodes/state structure,stress,wake,wake_phase,high_max_duration_minutes,Contiguous state-run feature; gaps beyond the configured threshold break episodes.,minutes,float64,473,100.0,0,0.0,88,False,False,False,False,0.0,1.0,6.0,12.0,22.0,37.0,76.39999999999998,182.0,28.887949260042284,25.386694810162222,46; 23; 4,feature,True,True,
wake_stress_high_mean_duration_minutes,episodes/state structure,stress,wake,wake_phase,high_mean_duration_minutes,Contiguous state-run feature; gaps beyond the configured threshold break episodes.,minutes,float64,473,100.0,0,0.0,430,False,False,False,False,0.0,1.0,1.8255813953488371,2.4146341463414633,3.2051282051282053,4.327272727272727,6.655782312925169,14.0,3.6473328333622446,1.793203742200196,3.775; 4.812; 1.875,feature,True,True,
wake_stress_high_median_duration_minutes,episodes/state structure,stress,wake,wake_phase,high_median_duration_minutes,Contiguous state-run feature; gaps beyond the configured threshold break episodes.,minutes,float64,473,100.0,0,0.0,10,False,False,False,False,0.0,1.0,1.0,1.0,2.0,2.0,3.0,7.0,1.7315010570824525,0.7017053136826514,2; 2.5; 1.5,feature,True,True,
wake_stress_high_time_since_last_minutes,episodes/state structure,stress,wake,wake_phase,high_time_since_last_minutes,Contiguous state-run feature; gaps beyond the configured threshold break episodes.,minutes,float64,473,100.0,0,0.0,160,False,False,False,False,0.0,1.0,7.0,18.0,41.0,81.0,242.79999999999995,1795.0,79.29175475687103,170.14217247288184,55; 46; 375,feature,True,True,
wake_stress_high_time_to_first_minutes,episodes/state structure,stress,wake,wake_phase,high_time_to_first_minutes,Contiguous state-run feature; gaps beyond the configured threshold break episodes.,minutes,float64,473,100.0,0,0.0,125,False,False,False,False,0.42283298097251587,0.0,1.0,4.0,11.0,32.333333333333336,118.59999999999991,522.5333333333333,30.238689217758985,55.52839732968817,57; 44.02; 29,feature,True,True,
wake_stress_high_total_minutes,episodes/state structure,stress,wake,wake_phase,high_total_minutes,Contiguous state-run feature; gaps beyond the configured threshold break episodes.,minutes,int64,473,100.0,0,0.0,282,False,False,False,False,0.0,1.0,39.0,92.0,159.0,251.0,476.39999999999986,1325.0,195.62367864693445,150.73023811581618,151; 154; 15,feature,True,True,
wake_stress_longest_low_episode_minutes,episodes/state structure,stress,wake,wake_phase,longest_low_episode_minutes,Contiguous state-run feature; gaps beyond the configured threshold break episodes.,minutes,float64,473,100.0,0,0.0,41,False,False,False,False,0.0,2.0,8.0,12.0,16.0,20.0,31.399999999999977,55.0,16.906976744186046,7.3765967528969805,8; 17; 11,feature,True,True,
wake_stress_longest_recovery_episode_minutes,episodes/state structure,stress,wake,wake_phase,longest_recovery_episode_minutes,Contiguous state-run feature; gaps beyond the configured threshold break episodes.,minutes,float64,473,100.0,0,0.0,88,False,False,False,False,0.0,1.0,3.0,8.0,16.0,28.0,81.39999999999998,346.0,25.209302325581394,33.27018864657652,27; 30; 113,feature,True,True,
wake_stress_state_transition_count,episodes/state structure,stress,wake,wake_phase,state_transition_count,Contiguous state-run feature; gaps beyond the configured threshold break episodes.,count,int64,473,100.0,0,0.0,208,False,False,False,False,0.0,12.0,97.4,157.0,193.0,234.0,321.19999999999993,1733.0,202.3107822410148,102.81843554113213,231; 150; 197,feature,True,True,
wake_stress_transitions_per_valid_hour,episodes/state structure,stress,wake,wake_phase,transitions_per_valid_hour,Contiguous state-run feature; gaps beyond the configured threshold break episodes.,stress points,float64,473,100.0,0,0.0,467,False,False,False,False,0.0,2.360655737704918,11.06457242582897,14.680851063829788,16.82758620689655,18.867924528301888,21.064678356391607,23.947655398037078,16.531423348055224,3.199592879239775,21.56; 15.79; 13.76,feature,True,True,
evening_deactivation_hr,recovery/deactivation,hr,wake/evening,not_windowed,evening_deactivation_hr,Sleep recovery or pre-sleep deactivation summary; positive deactivation means lower values closer to sleep.,bpm,float64,457,96.61733615221986,16,3.382663847780127,457,False,False,False,False,0.0,-21.643251475347412,-4.656685471502811,3.0101010101010104,9.043396226415084,15.584200317404338,26.266114114114103,56.89151548469856,9.38114056685172,9.82392848589875,15.3; 19.02; 9.484,feature,True,True,
evening_deactivation_stress,recovery/deactivation,stress,wake/evening,not_windowed,evening_deactivation_stress,Sleep recovery or pre-sleep deactivation summary; positive deactivation means lower values closer to sleep.,stress points,float64,457,96.61733615221986,16,3.382663847780127,457,False,False,False,False,0.0,-44.75088652482269,-12.230402023868447,6.188573883161514,17.535520918785892,29.65300970873787,46.507666987481976,62.86455525606469,17.675246858179722,17.93019232351423,29.65; 28.76; 16.81,feature,True,True,
pre_sleep_2h_hr_mean,recovery/deactivation,hr,wake/pre-sleep,pre_sleep_2h,mean,Sleep recovery or pre-sleep deactivation summary; positive deactivation means lower values closer to sleep.,bpm,float64,473,100.0,0,0.0,470,False,False,False,False,0.0,44.705263157894734,56.52258503401361,63.73831775700935,69.17307692307692,75.13761467889908,85.60370609087978,105.77173913043478,69.95503372053184,8.77572420803,76.58; 61.4; 51.22,feature,True,True,
pre_sleep_2h_stress_high_fraction,recovery/deactivation,stress,wake/pre-sleep,pre_sleep_2h,high_fraction,Sleep recovery or pre-sleep deactivation summary; positive deactivation means lower values closer to sleep.,fraction 0..1,float64,473,100.0,0,0.0,322,False,False,False,False,13.31923890063425,0.0,0.0,0.01098901098901099,0.06481481481481481,0.23404255319148937,0.6585459797785266,1.0,0.16626184096298646,0.21698291889029903,0.2455; 0.009091; 0,feature,True,True,
pre_sleep_2h_stress_mean,recovery/deactivation,stress,wake/pre-sleep,pre_sleep_2h,mean,Sleep recovery or pre-sleep deactivation summary; positive deactivation means lower values closer to sleep.,stress points,float64,473,100.0,0,0.0,471,False,False,False,False,0.0,10.336134453781513,21.73261381475667,32.826530612244895,45.08695652173913,57.794642857142854,76.97255441008018,89.63265306122449,46.44920416757366,17.030042427087242,57.61; 29.45; 13.61,feature,True,True,
pre_sleep_4h_hr_mean,recovery/deactivation,hr,wake/pre-sleep,pre_sleep_4h,mean,Sleep recovery or pre-sleep deactivation summary; positive deactivation means lower values closer to sleep.,bpm,float64,473,100.0,0,0.0,471,False,False,False,False,0.0,48.17989417989418,59.858403361344536,66.815,72.47342995169082,79.30622009569377,88.57753508827305,110.31067961165049,73.10944928397258,9.148290448027376,81.61; 62.81; 55.84,feature,True,True,
pre_sleep_4h_stress_high_fraction,recovery/deactivation,stress,wake/pre-sleep,pre_sleep_4h,high_fraction,Sleep recovery or pre-sleep deactivation summary; positive deactivation means lower values closer to sleep.,fraction 0..1,float64,473,100.0,0,0.0,427,False,False,False,False,5.2854122621564485,0.0,0.0,0.04784688995215311,0.1534090909090909,0.3463203463203463,0.7503929727230694,1.0,0.23351587411355632,0.2338465820559105,0.4319; 0.04202; 0,feature,True,True,
pre_sleep_4h_stress_mean,recovery/deactivation,stress,wake/pre-sleep,pre_sleep_4h,mean,Sleep recovery or pre-sleep deactivation summary; positive deactivation means lower values closer to sleep.,stress points,float64,473,100.0,0,0.0,473,False,False,False,False,0.0,14.956521739130435,26.844534224225,40.223350253807105,51.713592233009706,63.757894736842104,80.12392435151055,89.88288288288288,51.983722774684466,16.281146839766578,66.13; 31.13; 20.14,feature,True,True,
sleep_hr_drop_from_start_to_min_rolling_30m,recovery/deactivation,hr,sleep,sleep_phase,drop_from_start_to_min_rolling_30m,Sleep recovery or pre-sleep deactivation summary; positive deactivation means lower values closer to sleep.,bpm,float64,473,100.0,0,0.0,472,False,False,False,False,0.0,0.05494505494506541,2.8606811145510838,6.834928229665074,9.39903846153846,13.220108695652172,18.590753968253967,31.48470588235294,10.105263511721843,4.842813496541954,2.961; 5.4; 4.885,feature,True,True,
sleep_hr_first_60m_mean,recovery/deactivation,hr,sleep,sleep_phase,first_60m_mean,Sleep recovery or pre-sleep deactivation summary; positive deactivation means lower values closer to sleep.,bpm,float64,473,100.0,0,0.0,452,False,False,False,False,0.0,41.542857142857144,47.0,50.80555555555556,54.51851851851852,58.29032258064516,64.75964912280702,77.75,54.862661349027015,5.694558485325135,48.35; 47.4; 47.78,feature,True,True,
sleep_hr_first_60m_minus_last_60m,recovery/deactivation,hr,sleep,sleep_phase,first_60m_minus_last_60m,Sleep recovery or pre-sleep deactivation summary; positive deactivation means lower values closer to sleep.,bpm,float64,472,99.78858350951374,1,0.21141649048625794,472,False,False,False,False,0.0,-26.991919191919195,-3.5535058243088846,0.9877188029361932,4.37418871959369,8.074146332391017,12.807046674398531,25.97222222222222,4.441756646872881,5.405376719937847,-1.841; 0.4; 0.9969,feature,True,True,
sleep_hr_last_60m_mean,recovery/deactivation,hr,sleep,sleep_phase,last_60m_mean,Sleep recovery or pre-sleep deactivation summary; positive deactivation means lower values closer to sleep.,bpm,float64,472,99.78858350951374,1,0.21141649048625794,459,False,False,False,False,0.0,41.55263157894737,44.95009428032684,47.66099033816425,49.94747340425532,52.24386304909561,57.19605882352941,77.43636363636364,50.3724145778936,4.067691628029712,50.19; 47; 46.78,feature,True,True,
sleep_hr_q1_mean,recovery/deactivation,hr,sleep,sleep_phase,q1_mean,Sleep recovery or pre-sleep deactivation summary; positive deactivation means lower values closer to sleep.,bpm,float64,473,100.0,0,0.0,468,False,False,False,False,0.0,40.5,46.691770186335404,50.6551724137931,53.775,57.74561403508772,64.38965517241378,75.36842105263158,54.46348131537896,5.419389316739441,50.29; 50.66; 50.53,feature,True,True,
sleep_hr_q1_minus_q4,recovery/deactivation,hr,sleep,sleep_phase,q1_minus_q4,Sleep recovery or pre-sleep deactivation summary; positive deactivation means lower values closer to sleep.,bpm,float64,472,99.78858350951374,1,0.21141649048625794,472,False,False,False,False,0.0,-14.979699248120305,-2.5812999225206124,1.1895666261043267,3.953518081761004,7.071829195347286,12.040255615291946,19.512444801284623,4.150300505687216,4.6057502586550925,2.168; 3.993; 4.334,feature,True,True,
sleep_hr_q4_mean,recovery/deactivation,hr,sleep,sleep_phase,q4_mean,Sleep recovery or pre-sleep deactivation summary; positive deactivation means lower values closer to sleep.,bpm,float64,472,99.78858350951374,1,0.21141649048625794,466,False,False,False,False,0.0,41.267605633802816,44.82506085686466,47.87914746543779,49.899888765294776,52.11998612074948,56.83833151581243,77.57,50.26889068312976,3.9279752130282497,48.12; 46.66; 46.19,feature,True,True,
sleep_stress_drop_from_start_to_min_rolling_30m,recovery/deactivation,stress,sleep,sleep_phase,drop_from_start_to_min_rolling_30m,Sleep recovery or pre-sleep deactivation summary; positive deactivation means lower values closer to sleep.,stress points,float64,470,99.36575052854123,3,0.6342494714587738,438,False,False,False,False,0.0,0.5416666666666666,3.201609195402299,10.700000000000001,15.44074074074074,21.098850574712642,34.62869047619043,58.53333333333333,16.65741877075382,9.432331206971481,0.5417; 7.8; 10.27,feature,True,True,
sleep_stress_first_60m_mean,recovery/deactivation,stress,sleep,sleep_phase,first_60m_mean,Sleep recovery or pre-sleep deactivation summary; positive deactivation means lower values closer to sleep.,stress points,float64,472,99.78858350951374,1,0.21141649048625794,445,False,False,False,False,0.0,1.5166666666666666,6.84292372881356,14.304166666666667,19.284121320249778,25.542528735632185,38.60166666666665,65.71666666666667,20.665986651960008,10.316990410193391,3.3; 6.333; 10.93,feature,True,True,
sleep_stress_first_60m_minus_last_60m,recovery/deactivation,stress,sleep,sleep_phase,first_60m_minus_last_60m,Sleep recovery or pre-sleep deactivation summary; positive deactivation means lower values closer to sleep.,stress points,float64,471,99.57716701902748,2,0.42283298097251587,470,False,False,False,False,0.0,-31.49035087719298,-5.087643678160919,2.8338267187161135,8.566666666666668,14.2715861848417,26.167543859649125,53.22380952380952,9.08554388740004,9.829967257358001,-6.476; 0.6045; 6.45,feature,True,True,
sleep_stress_last_60m_mean,recovery/deactivation,stress,sleep,sleep_phase,last_60m_mean,Sleep recovery or pre-sleep deactivation summary; positive deactivation means lower values closer to sleep.,stress points,float64,472,99.78858350951374,1,0.21141649048625794,429,False,False,False,False,0.0,1.4833333333333334,3.9291666666666667,7.341666666666667,10.43330194601381,14.654166666666667,22.20593220338983,46.152542372881356,11.52718769237288,5.932600522924812,9.776; 5.729; 4.483,feature,True,True,
sleep_stress_q1_mean,recovery/deactivation,stress,sleep,sleep_phase,q1_mean,Sleep recovery or pre-sleep deactivation summary; positive deactivation means lower values closer to sleep.,stress points,float64,473,100.0,0,0.0,471,False,False,False,False,0.0,2.0934579439252334,7.4151384615384615,13.39047619047619,17.963636363636365,24.923664122137403,37.28114590273149,67.25233644859813,19.907781638339547,9.751752554886592,5.857; 10.07; 15.12,feature,True,True,
sleep_stress_q1_minus_q4,recovery/deactivation,stress,sleep,sleep_phase,q1_minus_q4,Sleep recovery or pre-sleep deactivation summary; positive deactivation means lower values closer to sleep.,stress points,float64,472,99.78858350951374,1,0.21141649048625794,472,False,False,False,False,0.0,-18.828399629972246,-3.547432816404779,2.4118783348434514,7.579660857982917,13.11625344352617,24.244245734688672,42.215302113199535,8.372396611593613,8.727837953314774,-0.2635; 5.63; 11.06,feature,True,True,
sleep_stress_q4_mean,recovery/deactivation,stress,sleep,sleep_phase,q4_mean,Sleep recovery or pre-sleep deactivation summary; positive deactivation means lower values closer to sleep.,stress points,float64,472,99.78858350951374,1,0.21141649048625794,471,False,False,False,False,0.0,2.6842105263157894,4.475780431594385,7.735714285714286,10.618657718120804,14.25953947368421,20.239460317460313,44.5045045045045,11.48381906924189,5.528600790570948,6.121; 4.441; 4.061,feature,True,True,
sleep_stress_time_to_low_stress_minutes,recovery/deactivation,stress,sleep,sleep_phase,time_to_low_stress_minutes,Sleep recovery or pre-sleep deactivation summary; positive deactivation means lower values closer to sleep.,minutes,float64,472,99.78858350951374,1,0.21141649048625794,68,False,False,False,False,55.50847457627118,0.0,0.0,0.0,0.0,5.0,70.44999999999999,521.0,12.951271186440678,42.784538016663674,0; 1; 9,feature,True,True,
sleep_stress_time_to_stable_low_stress_minutes,recovery/deactivation,stress,sleep,sleep_phase,time_to_stable_low_stress_minutes,Sleep recovery or pre-sleep deactivation summary; positive deactivation means lower values closer to sleep.,minutes,float64,469,99.15433403805497,4,0.8456659619450317,117,False,False,False,False,0.0,29.0,29.0,29.0,29.0,67.0,212.99999999999983,581.0,64.39445628997868,74.23457354606266,29; 46; 79,feature,True,True,
sleep_q1_hr_coverage_fraction,relative windows,hr,sleep,sleep_q1,hr_coverage_fraction,Compact summary for a relative quarter of the sleep or wake phase.,fraction 0..1,float64,473,100.0,0,0.0,456,False,False,False,False,0.0,0.24107142857142858,0.47779831972104564,0.5692883895131086,0.6326194398682042,0.6851549755301795,0.7490972035694033,0.8408408408408409,0.6237296397179674,0.0882592968720028,0.6076; 0.5122; 0.5293,feature,True,True,
sleep_q1_hr_mean,relative windows,hr,sleep,sleep_q1,hr_mean,Compact summary for a relative quarter of the sleep or wake phase.,bpm,float64,473,100.0,0,0.0,468,False,False,False,False,0.0,40.5,46.691770186335404,50.6551724137931,53.775,57.74561403508772,64.38965517241378,75.36842105263158,54.46348131537896,5.419389316739441,50.29; 50.66; 50.53,feature,True,True,
sleep_q1_hr_p90,relative windows,hr,sleep,sleep_q1,hr_p90,Compact summary for a relative quarter of the sleep or wake phase.,bpm,float64,473,100.0,0,0.0,172,False,False,False,False,0.0,43.0,51.0,55.9,60.0,64.5,72.08,83.0,60.3970401691332,6.490284796234292,55; 56.3; 60.1,feature,True,True,
sleep_q1_hr_std,relative windows,hr,sleep,sleep_q1,hr_std,Compact summary for a relative quarter of the sleep or wake phase.,bpm,float64,473,100.0,0,0.0,473,False,False,False,False,0.0,0.9634312595527794,2.3087775254443823,3.5238852784055874,4.532412871739433,5.659546697020554,7.610892517432774,11.480172320924344,4.680546248581469,1.6199117917076715,3.853; 8.637; 5.414,feature,True,True,
sleep_q1_hr_valid_count,relative windows,hr,sleep,sleep_q1,hr_valid_count,Compact summary for a relative quarter of the sleep or wake phase.,count,int64,473,100.0,0,0.0,97,False,False,False,False,0.0,26.0,43.0,66.0,80.0,93.0,111.0,134.0,79.07610993657505,20.77388892281229,72; 58; 70,feature,True,True,
sleep_q1_stress_coverage_fraction,relative windows,stress,sleep,sleep_q1,stress_coverage_fraction,Compact summary for a relative quarter of the sleep or wake phase.,fraction 0..1,float64,473,100.0,0,0.0,270,False,False,False,False,0.0,0.23214285714285715,0.8077203394860228,0.9627594049085568,0.9908814589665653,1.0,1.0,1.0,0.9601775398087632,0.08245706798336638,1; 0.989; 0.9943,feature,True,True,
sleep_q1_stress_high_fraction,relative windows,stress,sleep,sleep_q1,stress_high_fraction,Compact summary for a relative quarter of the sleep or wake phase.,fraction 0..1,float64,473,100.0,0,0.0,68,False,False,False,False,85.20084566596195,0.0,0.0,0.0,0.0,0.0,0.02889409402710389,0.2336448598130841,0.004233354240873906,0.016477165960779087,0; 0.008929; 0.00641,feature,True,True,
sleep_q1_stress_mean,relative windows,stress,sleep,sleep_q1,stress_mean,Compact summary for a relative quarter of the sleep or wake phase.,stress points,float64,473,100.0,0,0.0,471,False,False,False,False,0.0,2.0934579439252334,7.4151384615384615,13.39047619047619,17.963636363636365,24.923664122137403,37.28114590273149,67.25233644859813,19.907781638339547,9.751752554886592,5.857; 10.07; 15.12,feature,True,True,
sleep_q1_stress_medium_or_high_fraction,relative windows,stress,sleep,sleep_q1,stress_medium_or_high_fraction,Compact summary for a relative quarter of the sleep or wake phase.,fraction 0..1,float64,473,100.0,0,0.0,214,False,False,False,False,47.35729386892177,0.0,0.0,0.0,0.006802721088435374,0.03225806451612903,0.19678041256988618,0.8878504672897196,0.04145174613082138,0.10658844576597366,0; 0.02679; 0.007519,feature,True,True,
sleep_q1_stress_p90,relative windows,stress,sleep,sleep_q1,stress_p90,Compact summary for a relative quarter of the sleep or wake phase.,stress points,float64,473,100.0,0,0.0,215,False,False,False,False,0.0,5.0,14.240000000000004,20.400000000000006,26.0,35.3,61.080000000000034,83.0,29.897674418604655,14.063214835342254,11; 15; 30,feature,True,True,
sleep_q1_stress_std,relative windows,stress,sleep,sleep_q1,stress_std,Compact summary for a relative quarter of the sleep or wake phase.,stress points,float64,473,100.0,0,0.0,473,False,False,False,False,0.0,1.8040073015499047,3.6294830045543773,5.766323689222527,7.580789361731321,10.372949604432375,15.392718025134204,22.856225253764375,8.330382556066251,3.6003491633618574,5.38; 11.01; 8.833,feature,True,True,
sleep_q1_stress_valid_count,relative windows,stress,sleep,sleep_q1,stress_valid_count,Compact summary for a relative quarter of the sleep or wake phase.,count,int64,473,100.0,0,0.0,119,False,False,False,False,0.0,26.0,71.2,105.0,124.0,139.0,162.0,203.0,121.61099365750529,27.851403600575654,119; 112; 133,feature,True,True,
sleep_q2_hr_coverage_fraction,relative windows,hr,sleep,sleep_q2,hr_coverage_fraction,Compact summary for a relative quarter of the sleep or wake phase.,fraction 0..1,float64,473,100.0,0,0.0,464,False,False,False,False,0.42283298097251587,0.0,0.4781327199931851,0.6051282051282051,0.6667676920745568,0.7202995936362913,0.7958617997267226,0.9760765550239234,0.6551355030144791,0.10378638033273696,0.557; 0.7329; 0.5444,feature,True,True,
sleep_q2_hr_mean,relative windows,hr,sleep,sleep_q2,hr_mean,Compact summary for a relative quarter of the sleep or wake phase.,bpm,float64,471,99.57716701902748,2,0.42283298097251587,469,False,False,False,False,0.0,40.21739130434783,44.66982493266641,48.53864220183486,51.23300970873787,54.1062928600242,60.28125,77.8252427184466,51.62547307576502,4.819833293103168,48.45; 53.05; 46.03,feature,True,True,
sleep_q2_hr_p90,relative windows,hr,sleep,sleep_q2,hr_p90,Compact summary for a relative quarter of the sleep or wake phase.,bpm,float64,471,99.57716701902748,2,0.42283298097251587,158,False,False,False,False,0.0,43.0,50.0,55.0,58.0,61.25,68.4,95.8,58.35053078556263,5.765255285594525,52.5; 59; 52,feature,True,True,
sleep_q2_hr_std,relative windows,hr,sleep,sleep_q2,hr_std,Compact summary for a relative quarter of the sleep or wake phase.,bpm,float64,471,99.57716701902748,2,0.42283298097251587,471,False,False,False,False,0.0,1.2916201254534763,2.9837577932836443,4.026143077487548,4.877116803368867,5.666666623420474,7.36011602907408,11.853370556513138,4.952791468629034,1.3774724656181345,3.163; 5.607; 3.586,feature,True,True,
sleep_q2_hr_valid_count,relative windows,hr,sleep,sleep_q2,hr_valid_count,Compact summary for a relative quarter of the sleep or wake phase.,count,int64,473,100.0,0,0.0,101,False,False,False,False,0.42283298097251587,0.0,46.0,68.0,84.0,98.0,119.39999999999998,135.0,82.9830866807611,22.61404569679741,66; 83; 72,feature,True,True,
sleep_q2_stress_coverage_fraction,relative windows,stress,sleep,sleep_q2,stress_coverage_fraction,Compact summary for a relative quarter of the sleep or wake phase.,fraction 0..1,float64,473,100.0,0,0.0,350,False,False,False,False,0.42283298097251587,0.0,0.7306601200218221,0.9337748344370861,0.984375,0.9978118161925602,1.0,1.0,0.9445226300892937,0.10399150382603958,0.9958; 0.883; 0.983,feature,True,True,
sleep_q2_stress_high_fraction,relative windows,stress,sleep,sleep_q2,stress_high_fraction,Compact summary for a relative quarter of the sleep or wake phase.,fraction 0..1,float64,471,99.57716701902748,2,0.42283298097251587,31,False,False,False,False,92.99363057324841,0.0,0.0,0.0,0.0,0.0,0.00816340130614421,0.16831683168316833,0.0017613260746201986,0.011064983239391212,0; 0.02326; 0.006452,feature,True,True,
sleep_q2_stress_mean,relative windows,stress,sleep,sleep_q2,stress_mean,Compact summary for a relative quarter of the sleep or wake phase.,stress points,float64,471,99.57716701902748,2,0.42283298097251587,470,False,False,False,False,0.0,1.6122448979591837,4.500444444444444,8.618187859991139,13.732758620689655,18.835239085239085,29.07829496584872,58.24752475247525,14.673251318692943,8.250091989174932,3.636; 17.15; 3.646,feature,True,True,
sleep_q2_stress_medium_or_high_fraction,relative windows,stress,sleep,sleep_q2,stress_medium_or_high_fraction,Compact summary for a relative quarter of the sleep or wake phase.,fraction 0..1,float64,471,99.57716701902748,2,0.42283298097251587,168,False,False,False,False,59.447983014862,0.0,0.0,0.0,0.0,0.017649501661129566,0.10896118721461187,0.7142857142857143,0.023494584136316922,0.07155420257390953,0; 0.01; 0.01266,feature,True,True,
sleep_q2_stress_p90,relative windows,stress,sleep,sleep_q2,stress_p90,Compact summary for a relative quarter of the sleep or wake phase.,stress points,float64,471,99.57716701902748,2,0.42283298097251587,206,False,False,False,False,0.0,4.0,11.0,18.0,23.0,31.0,51.25,78.0,25.610615711252656,12.322978977242215,11.3; 27.1; 9,feature,True,True,
sleep_q2_stress_std,relative windows,stress,sleep,sleep_q2,stress_std,Compact summary for a relative quarter of the sleep or wake phase.,stress points,float64,471,99.57716701902748,2,0.42283298097251587,471,False,False,False,False,0.0,1.562524468779671,4.23556959774422,5.970056050416281,7.600471022463911,10.202341747759494,15.464372467729184,22.749696141657783,8.388034842497392,3.38411151139093,4.883; 9.184; 5.07,feature,True,True,
sleep_q2_stress_valid_count,relative windows,stress,sleep,sleep_q2,stress_valid_count,Compact summary for a relative quarter of the sleep or wake phase.,count,int64,473,100.0,0,0.0,125,False,False,False,False,0.42283298097251587,0.0,67.0,105.0,122.0,139.0,159.39999999999998,203.0,119.3784355179704,28.511162460822366,118; 100; 130,feature,True,True,
sleep_q3_hr_coverage_fraction,relative windows,hr,sleep,sleep_q3,hr_coverage_fraction,Compact summary for a relative quarter of the sleep or wake phase.,fraction 0..1,float64,473,100.0,0,0.0,448,False,False,False,False,0.42283298097251587,0.0,0.5517682348466246,0.6486486486486487,0.7132867132867133,0.7615894039735099,0.8180403606698153,0.9458128078817734,0.7003181947627213,0.09456951537889749,0.6751; 0.7064; 0.7788,feature,True,True,
sleep_q3_hr_mean,relative windows,hr,sleep,sleep_q3,hr_mean,Compact summary for a relative quarter of the sleep or wake phase.,bpm,float64,471,99.57716701902748,2,0.42283298097251587,463,False,False,False,False,0.0,40.208333333333336,44.54168485377564,47.59187045604759,49.86813186813187,52.236458940011644,57.41883116883117,83.6574074074074,50.309784950173864,4.262614307309657,48.75; 46.96; 50.08,feature,True,True,
sleep_q3_hr_p90,relative windows,hr,sleep,sleep_q3,hr_p90,Compact summary for a relative quarter of the sleep or wake phase.,bpm,float64,471,99.57716701902748,2,0.42283298097251587,154,False,False,False,False,0.0,44.0,50.0,53.550000000000004,56.0,59.0,66.0,100.3,56.8755838641189,5.534153601193953,54.1; 52; 57,feature,True,True,
sleep_q3_hr_std,relative windows,hr,sleep,sleep_q3,hr_std,Compact summary for a relative quarter of the sleep or wake phase.,bpm,float64,471,99.57716701902748,2,0.42283298097251587,471,False,False,False,False,0.0,1.9861109430746036,3.097954053861973,3.98238989161679,4.652196039557887,5.458870506549353,7.263682559098148,15.719911040396546,4.879721812995275,1.5591792396372255,4.22; 6.363; 7.531,feature,True,True,
sleep_q3_hr_valid_count,relative windows,hr,sleep,sleep_q3,hr_valid_count,Compact summary for a relative quarter of the sleep or wake phase.,count,int64,473,100.0,0,0.0,100,False,False,False,False,0.42283298097251587,0.0,47.6,74.0,89.0,105.0,125.39999999999998,150.0,88.75264270613108,23.377048211430143,80; 103; 57,feature,True,True,
sleep_q3_stress_coverage_fraction,relative windows,stress,sleep,sleep_q3,stress_coverage_fraction,Compact summary for a relative quarter of the sleep or wake phase.,fraction 0..1,float64,473,100.0,0,0.0,324,False,False,False,False,0.42283298097251587,0.0,0.8105606845043195,0.9463955637707948,0.9866666666666667,1.0,1.0,1.0,0.9547662437939156,0.08926062403403623,0.9873; 0.9713; 0.9603,feature,True,True,
sleep_q3_stress_high_fraction,relative windows,stress,sleep,sleep_q3,stress_high_fraction,Compact summary for a relative quarter of the sleep or wake phase.,fraction 0..1,float64,471,99.57716701902748,2,0.42283298097251587,23,False,False,False,False,94.90445859872611,0.0,0.0,0.0,0.0,0.0,0.0031645569620253164,0.3373493975903614,0.0025230996233897955,0.022348389003738596,0; 0.009804; 0.006369,feature,True,True,
sleep_q3_stress_mean,relative windows,stress,sleep,sleep_q3,stress_mean,Compact summary for a relative quarter of the sleep or wake phase.,stress points,float64,471,99.57716701902748,2,0.42283298097251587,468,False,False,False,False,0.0,1.5275590551181102,4.289037037037037,7.453167618753538,10.65979381443299,15.246510468594217,22.490306122448978,59.566265060240966,12.003576558408014,6.622593992483679,6.547; 6.345; 8.512,feature,True,True,
sleep_q3_stress_medium_or_high_fraction,relative windows,stress,sleep,sleep_q3,stress_medium_or_high_fraction,Compact summary for a relative quarter of the sleep or wake phase.,fraction 0..1,float64,471,99.57716701902748,2,0.42283298097251587,122,False,False,False,False,67.72823779193206,0.0,0.0,0.0,0.0,0.008097298714922634,0.058012820512820515,0.6385542168674698,0.01347564534030906,0.049300561747639304,0; 0.009091; 0.01205,feature,True,True,
sleep_q3_stress_p90,relative windows,stress,sleep,sleep_q3,stress_p90,Compact summary for a relative quarter of the sleep or wake phase.,stress points,float64,471,99.57716701902748,2,0.42283298097251587,183,False,False,False,False,0.0,4.0,10.0,15.900000000000006,19.0,24.0,39.4,83.0,21.598089171974525,10.646270469277002,15.4; 17; 20.4,feature,True,True,
sleep_q3_stress_std,relative windows,stress,sleep,sleep_q3,stress_std,Compact summary for a relative quarter of the sleep or wake phase.,stress points,float64,471,99.57716701902748,2,0.42283298097251587,471,False,False,False,False,0.0,2.4133055438728213,3.9610897106613563,5.533071788590382,6.732329357566259,8.739206593833744,13.560477884539463,28.268946448945233,7.589822768022552,3.346226664318048,6.286; 8.049; 8.543,feature,True,True,
sleep_q3_stress_valid_count,relative windows,stress,sleep,sleep_q3,stress_valid_count,Compact summary for a relative quarter of the sleep or wake phase.,count,int64,473,100.0,0,0.0,118,False,False,False,False,0.42283298097251587,0.0,68.0,105.0,123.0,139.0,159.0,193.0,120.68710359408034,27.881647003044428,117; 110; 127,feature,True,True,
sleep_q4_hr_coverage_fraction,relative windows,hr,sleep,sleep_q4,hr_coverage_fraction,Compact summary for a relative quarter of the sleep or wake phase.,fraction 0..1,float64,473,100.0,0,0.0,452,False,False,False,False,0.21141649048625794,0.0,0.6031901840490798,0.7112462006079028,0.7615526802218114,0.8075117370892019,0.8542682642547438,0.9196428571428571,0.7509297491203633,0.08456934667860842,0.7511; 0.627; 0.7788,feature,True,True,
sleep_q4_hr_mean,relative windows,hr,sleep,sleep_q4,hr_mean,Compact summary for a relative quarter of the sleep or wake phase.,bpm,float64,472,99.78858350951374,1,0.21141649048625794,466,False,False,False,False,0.0,41.267605633802816,44.82506085686466,47.87914746543779,49.899888765294776,52.11998612074948,56.83833151581243,77.57,50.26889068312976,3.9279752130282497,48.12; 46.66; 46.19,feature,True,True,
sleep_q4_hr_p90,relative windows,hr,sleep,sleep_q4,hr_p90,Compact summary for a relative quarter of the sleep or wake phase.,bpm,float64,472,99.78858350951374,1,0.21141649048625794,145,False,False,False,False,0.0,46.0,50.2,54.0,56.0,59.0,66.0,102.60000000000001,56.86864406779661,5.275405826666241,56; 54; 51,feature,True,True,
sleep_q4_hr_std,relative windows,hr,sleep,sleep_q4,hr_std,Compact summary for a relative quarter of the sleep or wake phase.,bpm,float64,472,99.78858350951374,1,0.21141649048625794,472,False,False,False,False,0.0,2.586253126466893,3.422786325374086,4.18140561484163,4.741408688929981,5.435333472581441,7.083433184122764,18.48744127142918,4.979210919821319,1.4011060922258884,4.813; 5.289; 3.804,feature,True,True,
sleep_q4_hr_valid_count,relative windows,hr,sleep,sleep_q4,hr_valid_count,Compact summary for a relative quarter of the sleep or wake phase.,count,int64,473,100.0,0,0.0,108,False,False,False,False,0.21141649048625794,0.0,54.6,80.0,97.0,111.0,133.0,160.0,95.27061310782241,24.00560899582559,89; 71; 103,feature,True,True,
sleep_q4_stress_coverage_fraction,relative windows,stress,sleep,sleep_q4,stress_coverage_fraction,Compact summary for a relative quarter of the sleep or wake phase.,fraction 0..1,float64,473,100.0,0,0.0,396,False,False,False,False,0.21141649048625794,0.0,0.8397968377176915,0.9520426287744227,0.9852216748768473,0.9942675466062912,1.0,1.0,0.9577879673438369,0.07469584975948194,0.9789; 0.9802; 0.9905,feature,True,True,
sleep_q4_stress_high_fraction,relative windows,stress,sleep,sleep_q4,stress_high_fraction,Compact summary for a relative quarter of the sleep or wake phase.,fraction 0..1,float64,472,99.78858350951374,1,0.21141649048625794,24,False,False,False,True,95.12711864406779,0.0,0.0,0.0,0.0,0.0,0.0,0.056074766355140186,0.000993545350917799,0.005622592165736041,0; 0.007937; 0.01389,feature,True,True,sparse or rare-event style feature
sleep_q4_stress_mean,relative windows,stress,sleep,sleep_q4,stress_mean,Compact summary for a relative quarter of the sleep or wake phase.,stress points,float64,472,99.78858350951374,1,0.21141649048625794,471,False,False,False,False,0.0,2.6842105263157894,4.475780431594385,7.735714285714286,10.618657718120804,14.25953947368421,20.239460317460313,44.5045045045045,11.48381906924189,5.528600790570948,6.121; 4.441; 4.061,feature,True,True,
sleep_q4_stress_medium_or_high_fraction,relative windows,stress,sleep,sleep_q4,stress_medium_or_high_fraction,Compact summary for a relative quarter of the sleep or wake phase.,fraction 0..1,float64,472,99.78858350951374,1,0.21141649048625794,112,False,False,False,False,68.64406779661016,0.0,0.0,0.0,0.0,0.007751937984496124,0.04510551395507146,0.2972972972972973,0.009174463644647152,0.028458395764926307,0.008621; 0; 0.1163,feature,True,True,
sleep_q4_stress_p90,relative windows,stress,sleep,sleep_q4,stress_p90,Compact summary for a relative quarter of the sleep or wake phase.,stress points,float64,472,99.78858350951374,1,0.21141649048625794,157,False,False,False,False,0.0,6.899999999999999,10.909999999999998,15.0,19.0,22.725,35.88999999999999,68.60000000000001,20.399152542372885,8.690921580930492,15.5; 11; 8,feature,True,True,
sleep_q4_stress_std,relative windows,stress,sleep,sleep_q4,stress_std,Compact summary for a relative quarter of the sleep or wake phase.,stress points,float64,472,99.78858350951374,1,0.21141649048625794,472,False,False,False,False,0.0,2.964321482429427,4.1987014064100565,5.5774570715789675,6.625036086467134,8.136099739457823,12.987614972582787,21.385000838661785,7.268034553572665,2.7439892641029315,7.516; 6.983; 3.798,feature,True,True,
sleep_q4_stress_valid_count,relative windows,stress,sleep,sleep_q4,stress_valid_count,Compact summary for a relative quarter of the sleep or wake phase.,count,int64,473,100.0,0,0.0,113,False,False,False,False,0.21141649048625794,0.0,71.0,106.0,123.0,139.0,162.0,202.0,121.1014799154334,27.57373850047002,116; 111; 131,feature,True,True,
wake_q1_hr_coverage_fraction,relative windows,hr,wake,wake_q1,hr_coverage_fraction,Compact summary for a relative quarter of the sleep or wake phase.,fraction 0..1,float64,473,100.0,0,0.0,463,False,False,False,False,0.0,0.0032547494104030144,0.2892754019375011,0.8663594470046083,0.8963963963963963,0.9142857142857143,0.9356153806201416,0.9644779332615716,0.8353360832652298,0.1885807261379611,0.9231; 0.8477; 0.8617,feature,True,True,
wake_q1_hr_mean,relative windows,hr,wake,wake_q1,hr_mean,Compact summary for a relative quarter of the sleep or wake phase.,bpm,float64,473,100.0,0,0.0,473,False,False,False,False,0.0,51.75,63.974241068355475,71.957805907173,78.02072538860104,85.321608040201,98.10445439045183,112.89519650655022,79.13058992001405,10.300818216858646,75.52; 83.03; 63.69,feature,True,True,
wake_q1_hr_p90,relative windows,hr,wake,wake_q1,hr_p90,Compact summary for a relative quarter of the sleep or wake phase.,bpm,float64,473,100.0,0,0.0,228,False,False,False,False,0.0,54.0,76.6,88.6,98.0,108.5,125.28000000000004,153.9,99.11585623678647,15.101629714654269,100; 126; 88,feature,True,True,
wake_q1_hr_std,relative windows,hr,wake,wake_q1,hr_std,Compact summary for a relative quarter of the sleep or wake phase.,bpm,float64,473,100.0,0,0.0,473,False,False,False,False,0.0,4.7762432936357,7.704053485445122,10.9020062195996,14.25078604801927,17.529565200092115,22.34265821125979,34.54562950289775,14.455719210883823,4.681490384088844,17.53; 23.92; 13.52,feature,True,True,
wake_q1_hr_valid_count,relative windows,hr,wake,wake_q1,hr_valid_count,Compact summary for a relative quarter of the sleep or wake phase.,count,int64,473,100.0,0,0.0,183,False,False,False,False,0.0,16.0,139.6,188.0,211.0,232.0,534.4,1992.0,244.27906976744185,175.1580691300737,231; 199; 201,feature,True,True,
wake_q1_stress_coverage_fraction,relative windows,stress,wake,wake_q1,stress_coverage_fraction,Compact summary for a relative quarter of the sleep or wake phase.,fraction 0..1,float64,473,100.0,0,0.0,472,False,False,False,False,0.0,0.0015664569354880819,0.20638266873118524,0.5491024287222809,0.6879823594266814,0.8145766345123259,0.9191642858408631,0.9791271347248577,0.6545472112320887,0.21176300542917517,0.5195; 0.6304; 0.6817,feature,True,True,
wake_q1_stress_high_fraction,relative windows,stress,wake,wake_q1,stress_high_fraction,Compact summary for a relative quarter of the sleep or wake phase.,fraction 0..1,float64,473,100.0,0,0.0,443,False,False,False,False,1.4799154334038054,0.0,0.026632882882882885,0.1050228310502283,0.22784810126582278,0.4088397790055249,0.7451612903225805,0.9873417721518988,0.2878235400773835,0.22784383384981508,0.1462; 0.06081; 0.01258,feature,True,True,
wake_q1_stress_mean,relative windows,stress,wake,wake_q1,stress_mean,Compact summary for a relative quarter of the sleep or wake phase.,stress points,float64,473,100.0,0,0.0,472,False,False,False,False,0.0,16.896428571428572,30.953504896804805,44.94660194174757,55.701149425287355,66.4393063583815,79.59936010891762,90.28395061728395,55.58289161285491,14.938847262759305,39.47; 44.5; 21.44,feature,True,True,
wake_q1_stress_medium_or_high_fraction,relative windows,stress,wake,wake_q1,stress_medium_or_high_fraction,Compact summary for a relative quarter of the sleep or wake phase.,fraction 0..1,float64,473,100.0,0,0.0,452,False,False,False,False,0.21141649048625794,0.0,0.16666666666666666,0.375,0.5862068965517241,0.7819148936170213,0.9584375110670397,1.0,0.5744545545757173,0.24786964097301997,0.3308; 0.3649; 0.03145,feature,True,True,
wake_q1_stress_p90,relative windows,stress,wake,wake_q1,stress_p90,Compact summary for a relative quarter of the sleep or wake phase.,stress points,float64,473,100.0,0,0.0,195,False,False,False,False,0.0,23.6,60.3,76.0,84.0,90.0,96.0,99.0,81.6615221987315,12.088146982540149,81; 71; 33,feature,True,True,
wake_q1_stress_std,relative windows,stress,wake,wake_q1,stress_std,Compact summary for a relative quarter of the sleep or wake phase.,stress points,float64,473,100.0,0,0.0,473,False,False,False,False,0.0,5.045887812535674,12.815742267181042,17.263793000173354,20.0749878393133,23.55735603665021,28.416291751837996,34.473746745569166,20.322078779104483,4.836825790809304,26.19; 19.93; 11.5,feature,True,True,
wake_q1_stress_valid_count,relative windows,stress,wake,wake_q1,stress_valid_count,Compact summary for a relative quarter of the sleep or wake phase.,count,int64,473,100.0,0,0.0,207,False,False,False,False,0.0,12.0,64.6,130.0,168.0,196.0,462.79999999999995,1563.0,192.58350951374206,155.98214344171816,130; 148; 159,feature,True,True,
wake_q2_hr_coverage_fraction,relative windows,hr,wake,wake_q2,hr_coverage_fraction,Compact summary for a relative quarter of the sleep or wake phase.,fraction 0..1,float64,473,100.0,0,0.0,432,False,False,False,False,6.976744186046512,0.0,0.0,0.8379772961816305,0.8791666666666667,0.9012345679012346,0.9283511008970272,0.9581749049429658,0.7832758516205172,0.2602525212341494,0.8991; 0.8818; 0.9046,feature,True,True,
wake_q2_hr_mean,relative windows,hr,wake,wake_q2,hr_mean,Compact summary for a relative quarter of the sleep or wake phase.,bpm,float64,439,92.81183932346723,34,7.188160676532769,439,False,False,False,False,0.0,47.016597510373444,59.857011667968806,68.82471300684571,77.32608695652173,85.79372924139764,97.49970334829489,140.0,77.81421109603663,12.48974109959025,89.16; 73.31; 88.45,feature,True,True,
wake_q2_hr_p90,relative windows,hr,wake,wake_q2,hr_p90,Compact summary for a relative quarter of the sleep or wake phase.,bpm,float64,439,92.81183932346723,34,7.188160676532769,214,False,False,False,False,0.0,53.0,70.0,81.5,94.0,104.95,122.0,160.7,94.43325740318907,16.819345248342646,116; 105.4; 113,feature,True,True,
wake_q2_hr_std,relative windows,hr,wake,wake_q2,hr_std,Compact summary for a relative quarter of the sleep or wake phase.,bpm,float64,439,92.81183932346723,34,7.188160676532769,439,False,False,False,False,0.0,1.3743685418725535,5.845212396035883,8.725054172710546,11.416500443072207,15.245416232586937,20.763357769715515,30.40532159029187,12.171907069249054,4.719655069422267,21.59; 26.12; 18.21,feature,True,True,
wake_q2_hr_valid_count,relative windows,hr,wake,wake_q2,hr_valid_count,Compact summary for a relative quarter of the sleep or wake phase.,count,int64,473,100.0,0,0.0,151,False,False,False,False,6.976744186046512,0.0,0.0,178.0,202.0,221.0,275.5999999999999,6241.0,205.0,288.8281931504651,225; 207; 211,feature,True,True,
wake_q2_stress_coverage_fraction,relative windows,stress,wake,wake_q2,stress_coverage_fraction,Compact summary for a relative quarter of the sleep or wake phase.,fraction 0..1,float64,473,100.0,0,0.0,437,False,False,False,False,7.822410147991543,0.0,0.0,0.49310846674086123,0.7120181405895691,0.8502939846223428,0.9486450533361221,0.9906606710480802,0.6348537574117626,0.27477510087374074,0.2877; 0.6177; 0.3215,feature,True,True,
wake_q2_stress_high_fraction,relative windows,stress,wake,wake_q2,stress_high_fraction,Compact summary for a relative quarter of the sleep or wake phase.,fraction 0..1,float64,436,92.17758985200845,37,7.822410147991543,401,False,False,False,False,5.73394495412844,0.0,0.0,0.054402829157961324,0.20833333333333334,0.45861486486486486,0.8571047008547008,1.0,0.2829394332603401,0.2689508491037633,0.2083; 0.03448; 0.01333,feature,True,True,
wake_q2_stress_mean,relative windows,stress,wake,wake_q2,stress_mean,Compact summary for a relative quarter of the sleep or wake phase.,stress points,float64,436,92.17758985200845,37,7.822410147991543,436,False,False,False,False,0.0,5.615141955835962,26.80289441500204,42.13338678918169,56.50108625371783,69.5780462184874,84.77631787869166,92.83478260869565,55.88926965120083,17.952762224333906,57.33; 27.19; 48.19,feature,True,True,
wake_q2_stress_medium_or_high_fraction,relative windows,stress,wake,wake_q2,stress_medium_or_high_fraction,Compact summary for a relative quarter of the sleep or wake phase.,fraction 0..1,float64,436,92.17758985200845,37,7.822410147991543,393,False,False,False,False,0.6880733944954129,0.0,0.06001765225066196,0.305386319579064,0.6055942995755003,0.845100105374078,1.0,1.0,0.5709640881348651,0.3083786852135572,0.6111; 0.06207; 0.52,feature,True,True,
wake_q2_stress_p90,relative windows,stress,wake,wake_q2,stress_p90,Compact summary for a relative quarter of the sleep or wake phase.,stress points,float64,436,92.17758985200845,37,7.822410147991543,195,False,False,False,False,0.0,12.400000000000034,42.0,70.0,82.45,89.92500000000001,96.0,99.0,77.48211009174311,16.396931385178906,84; 33; 65.6,feature,True,True,
wake_q2_stress_std,relative windows,stress,wake,wake_q2,stress_std,Compact summary for a relative quarter of the sleep or wake phase.,stress points,float64,436,92.17758985200845,37,7.822410147991543,436,False,False,False,False,0.0,3.3517719194479807,7.690279323990857,13.700776013543479,16.45240674227982,19.85612995233743,24.470574991610313,38.371401643670715,16.6201223148272,5.031331080180061,20.4; 14.53; 15.83,feature,True,True,
wake_q2_stress_valid_count,relative windows,stress,wake,wake_q2,stress_valid_count,Compact summary for a relative quarter of the sleep or wake phase.,count,int64,473,100.0,0,0.0,200,False,False,False,False,7.822410147991543,0.0,0.0,116.0,164.0,200.0,255.0,6234.0,170.92389006342495,292.35524330447,72; 145; 75,feature,True,True,
wake_q3_hr_coverage_fraction,relative windows,hr,wake,wake_q3,hr_coverage_fraction,Compact summary for a relative quarter of the sleep or wake phase.,fraction 0..1,float64,473,100.0,0,0.0,426,False,False,False,False,8.0338266384778,0.0,0.0,0.841248303934871,0.8771186440677966,0.900355871886121,0.9267387513079874,0.9590409590409591,0.7790534731632341,0.26438473241743937,0.8392; 0.8349; 0.8703,feature,True,True,
wake_q3_hr_mean,relative windows,hr,wake,wake_q3,hr_mean,Compact summary for a relative quarter of the sleep or wake phase.,bpm,float64,435,91.9661733615222,38,8.0338266384778,435,False,False,False,False,0.0,48.10648148148148,61.3108643777547,69.67201267201267,76.97126436781609,85.68116460637606,96.2502813111546,113.11504424778761,77.77698916828562,11.18942823408849,71.72; 91.95; 68.85,feature,True,True,
wake_q3_hr_p90,relative windows,hr,wake,wake_q3,hr_p90,Compact summary for a relative quarter of the sleep or wake phase.,bpm,float64,435,91.9661733615222,38,8.0338266384778,203,False,False,False,False,0.0,56.0,70.7,83.0,92.0,102.0,118.23999999999997,147.0,93.27218390804597,15.18612293224654,85; 104.5; 81,feature,True,True,
wake_q3_hr_std,relative windows,hr,wake,wake_q3,hr_std,Compact summary for a relative quarter of the sleep or wake phase.,bpm,float64,435,91.9661733615222,38,8.0338266384778,435,False,False,False,False,0.0,2.662705391138869,5.835826171156722,8.267237094075043,10.828504532790605,13.49893523768035,19.35733743638035,32.01362788025324,11.4404018034441,4.367506708604093,11.81; 9.645; 9.769,feature,True,True,
wake_q3_hr_valid_count,relative windows,hr,wake,wake_q3,hr_valid_count,Compact summary for a relative quarter of the sleep or wake phase.,count,int64,473,100.0,0,0.0,144,False,False,False,False,8.0338266384778,0.0,0.0,175.0,201.0,220.0,263.4,800.0,190.3340380549683,81.42789157530879,210; 196; 203,feature,True,True,
wake_q3_stress_coverage_fraction,relative windows,stress,wake,wake_q3,stress_coverage_fraction,Compact summary for a relative quarter of the sleep or wake phase.,fraction 0..1,float64,473,100.0,0,0.0,434,False,False,False,False,8.0338266384778,0.0,0.0,0.5428571428571428,0.7504990019960079,0.8711288711288712,0.9553696854749486,0.9961950882047734,0.6671063955555245,0.2760275903101341,0.8711; 0.673; 0.896,feature,True,True,
wake_q3_stress_high_fraction,relative windows,stress,wake,wake_q3,stress_high_fraction,Compact summary for a relative quarter of the sleep or wake phase.,fraction 0..1,float64,435,91.9661733615222,38,8.0338266384778,411,False,False,False,False,3.218390804597701,0.0,0.008884644766997709,0.08163643095149944,0.26459143968871596,0.5167225950782999,0.8774627735679079,1.0,0.327878235595602,0.28239732792085426,0.1147; 0.8544; 0.05742,feature,True,True,
wake_q3_stress_mean,relative windows,stress,wake,wake_q3,stress_mean,Compact summary for a relative quarter of the sleep or wake phase.,stress points,float64,435,91.9661733615222,38,8.0338266384778,434,False,False,False,False,0.0,9.988636363636363,28.679444250668528,45.65191387559808,60.476377952755904,72.88127853881278,85.61277796784125,92.12903225806451,59.13917329023398,17.753845521583955,49.75; 85.6; 44.54,feature,True,True,
wake_q3_stress_medium_or_high_fraction,relative windows,stress,wake,wake_q3,stress_medium_or_high_fraction,Compact summary for a relative quarter of the sleep or wake phase.,fraction 0..1,float64,435,91.9661733615222,38,8.0338266384778,392,False,False,False,False,0.45977011494252873,0.0,0.09893603519756325,0.3628040973111396,0.6990291262135923,0.8897775592259408,1.0,1.0,0.6261721755079938,0.30000874195373317,0.4862; 0.9873; 0.3636,feature,True,True,
wake_q3_stress_p90,relative windows,stress,wake,wake_q3,stress_p90,Compact summary for a relative quarter of the sleep or wake phase.,stress points,float64,435,91.9661733615222,38,8.0338266384778,167,False,False,False,False,0.0,20.0,50.0,73.45000000000002,84.0,91.0,96.0,99.0,80.12137931034484,14.92872500521766,77.3; 96; 69,feature,True,True,
wake_q3_stress_std,relative windows,stress,wake,wake_q3,stress_std,Compact summary for a relative quarter of the sleep or wake phase.,stress points,float64,435,91.9661733615222,38,8.0338266384778,435,False,False,False,False,0.0,4.0846929607674145,8.054778604115361,13.496647172229089,16.419676879234558,19.479629810704978,24.377659793896623,30.45592433389826,16.406867659219696,4.859997646641814,19.63; 10.12; 18.1,feature,True,True,
wake_q3_stress_valid_count,relative windows,stress,wake,wake_q3,stress_valid_count,Compact summary for a relative quarter of the sleep or wake phase.,count,int64,473,100.0,0,0.0,182,False,False,False,False,8.0338266384778,0.0,0.0,129.0,173.0,205.0,258.0,890.0,164.01268498942918,85.09753046416506,218; 158; 209,feature,True,True,
wake_q4_hr_coverage_fraction,relative windows,hr,wake,wake_q4,hr_coverage_fraction,Compact summary for a relative quarter of the sleep or wake phase.,fraction 0..1,float64,473,100.0,0,0.0,465,False,False,False,False,0.0,0.004664560652342289,0.3113566810662941,0.816414686825054,0.8518918918918919,0.8782707622298066,0.9111454311454311,0.9316770186335404,0.7958898327189037,0.18489715700109396,0.8991; 0.5197; 0.7674,feature,True,True,
wake_q4_hr_mean,relative windows,hr,wake,wake_q4,hr_mean,Compact summary for a relative quarter of the sleep or wake phase.,bpm,float64,473,100.0,0,0.0,473,False,False,False,False,0.0,50.014634146341464,59.96370777690495,66.51572327044025,72.37426900584795,79.24757281553399,88.94638789083403,107.91005291005291,73.26859034487885,9.259914606015515,80.96; 62.81; 55.66,feature,True,True,
wake_q4_hr_p90,relative windows,hr,wake,wake_q4,hr_p90,Compact summary for a relative quarter of the sleep or wake phase.,bpm,float64,473,100.0,0,0.0,183,False,False,False,False,0.0,59.0,69.48,78.60000000000002,86.0,95.0,108.08,136.0,87.65200845665963,12.465153169328174,100.6; 79.9; 65,feature,True,True,
wake_q4_hr_std,relative windows,hr,wake,wake_q4,hr_std,Compact summary for a relative quarter of the sleep or wake phase.,bpm,float64,473,100.0,0,0.0,473,False,False,False,False,0.0,3.9943901104637534,6.185852482262178,8.352158667204126,10.22534550164455,12.652555845420626,16.94863259938451,24.95176861972925,10.771281406805242,3.3692770856141667,13.21; 12.09; 6.72,feature,True,True,
wake_q4_hr_valid_count,relative windows,hr,wake,wake_q4,hr_valid_count,Compact summary for a relative quarter of the sleep or wake phase.,count,int64,473,100.0,0,0.0,176,False,False,False,False,0.0,8.0,133.4,181.0,200.0,223.0,494.19999999999993,860.0,224.11627906976744,114.77738914289313,225; 122; 179,feature,True,True,
wake_q4_stress_coverage_fraction,relative windows,stress,wake,wake_q4,stress_coverage_fraction,Compact summary for a relative quarter of the sleep or wake phase.,fraction 0..1,float64,473,100.0,0,0.0,467,False,False,False,False,0.0,0.004455699727610544,0.2770094044465774,0.7286973555337904,0.8378378378378378,0.8981132075471698,0.9545278828575293,0.9903121636167922,0.7713713952411108,0.206452577338463,0.8911; 0.5069; 0.9046,feature,True,True,
wake_q4_stress_high_fraction,relative windows,stress,wake,wake_q4,stress_high_fraction,Compact summary for a relative quarter of the sleep or wake phase.,fraction 0..1,float64,473,100.0,0,0.0,433,False,False,False,False,4.439746300211417,0.0,0.004093625498007968,0.04932735426008968,0.1527777777777778,0.3615023474178404,0.7537386018237079,1.0,0.23534770966483745,0.23679219421390163,0.4126; 0.04202; 0,feature,True,True,
wake_q4_stress_mean,relative windows,stress,wake,wake_q4,stress_mean,Compact summary for a relative quarter of the sleep or wake phase.,stress points,float64,473,100.0,0,0.0,473,False,False,False,False,0.0,16.94782608695652,26.28953895071542,39.59090909090909,51.552486187845304,64.39226519337016,80.49024482109228,90.26168224299066,52.07559661732347,16.421913052806598,65.13; 31.13; 19.89,feature,True,True,
wake_q4_stress_medium_or_high_fraction,relative windows,stress,wake,wake_q4,stress_medium_or_high_fraction,Compact summary for a relative quarter of the sleep or wake phase.,fraction 0..1,float64,473,100.0,0,0.0,462,False,False,False,False,0.0,0.011627906976744186,0.06193815174397699,0.25728155339805825,0.49583333333333335,0.740909090909091,0.9521700931295027,1.0,0.5016393595200508,0.28213862953262164,0.6771; 0.1765; 0.03318,feature,True,True,
wake_q4_stress_p90,relative windows,stress,wake,wake_q4,stress_p90,Compact summary for a relative quarter of the sleep or wake phase.,stress points,float64,473,100.0,0,0.0,197,False,False,False,False,0.0,27.0,43.12000000000001,68.0,80.0,88.0,96.0,99.0,76.04059196617335,15.911791779054228,93; 63.2; 33,feature,True,True,
wake_q4_stress_std,relative windows,stress,wake,wake_q4,stress_std,Compact summary for a relative quarter of the sleep or wake phase.,stress points,float64,473,100.0,0,0.0,473,False,False,False,False,0.0,6.441584602270517,11.141771846542653,15.368560633723014,18.399303815834237,20.98022420057922,25.38273469511216,33.17455726775761,18.335467136143365,4.41478379872448,23.08; 19.68; 11.13,feature,True,True,
wake_q4_stress_valid_count,relative windows,stress,wake,wake_q4,stress_valid_count,Compact summary for a relative quarter of the sleep or wake phase.,count,int64,473,100.0,0,0.0,196,False,False,False,False,0.0,9.0,109.6,168.0,197.0,226.0,437.99999999999966,830.0,213.2135306553911,99.54848843923541,223; 119; 211,feature,True,True,
first_2h_after_wake_hr_coverage_fraction,anchored windows,hr,wake,first_2h_after_wake,coverage_fraction,Compact summary for a fixed window anchored to wake or sleep boundaries.,fraction 0..1,float64,473,100.0,0,0.0,53,False,False,False,False,0.0,0.016666666666666666,0.6783333333333333,0.875,0.9,0.925,0.95,0.9666666666666667,0.8713354474982383,0.12791958782474866,0.9167; 0.8583; 0.875,feature,True,True,
first_2h_after_wake_hr_mean,anchored windows,hr,wake,first_2h_after_wake,mean,Compact summary for a fixed window anchored to wake or sleep boundaries.,bpm,float64,471,99.57716701902748,2,0.42283298097251587,471,False,False,False,False,0.0,45.5,59.695301640255764,71.29243765084473,78.80530973451327,86.075,100.9375,126.21238938053098,79.37537107712026,12.078315997796723,65.55; 74.81; 62.73,feature,True,True,
first_2h_after_wake_hr_p90,anchored windows,hr,wake,first_2h_after_wake,p90,Compact summary for a fixed window anchored to wake or sleep boundaries.,bpm,float64,471,99.57716701902748,2,0.42283298097251587,287,False,False,False,False,0.0,53.0,71.55000000000001,86.5,96.60000000000001,109.15,130.50000000000003,166.0,98.60552016985139,18.193290196358486,90.2; 95.4; 76.6,feature,True,True,
first_2h_after_wake_hr_std,anchored windows,hr,wake,first_2h_after_wake,std,Compact summary for a fixed window anchored to wake or sleep boundaries.,bpm,float64,471,99.57716701902748,2,0.42283298097251587,471,False,False,False,False,0.0,3.3817241825801605,7.1018987520732,9.60600941767958,12.746536396340757,17.037088611082446,23.39687087253491,34.54562950289775,13.79555823007535,5.296709950510688,14.62; 17.75; 9.267,feature,True,True,
first_2h_after_wake_hr_valid_count,anchored windows,hr,wake,first_2h_after_wake,valid_count,Compact summary for a fixed window anchored to wake or sleep boundaries.,count,int64,473,100.0,0,0.0,53,False,False,False,False,0.0,2.0,81.4,105.0,108.0,111.0,114.0,116.0,104.56025369978859,15.350350538969838,110; 103; 105,feature,True,True,
first_2h_after_wake_stress_coverage_fraction,anchored windows,stress,wake,first_2h_after_wake,coverage_fraction,Compact summary for a fixed window anchored to wake or sleep boundaries.,fraction 0..1,float64,473,100.0,0,0.0,103,False,False,False,False,0.0,0.008333333333333333,0.275,0.525,0.6833333333333333,0.825,0.9366666666666664,1.0,0.661169837914024,0.20437867375288118,0.725; 0.8083; 0.7667,feature,True,True,
first_2h_after_wake_stress_high_fraction,anchored windows,stress,wake,first_2h_after_wake,high_fraction,Compact summary for a fixed window anchored to wake or sleep boundaries.,fraction 0..1,float64,471,99.57716701902748,2,0.42283298097251587,396,False,False,False,False,4.670912951167728,0.0,0.008665966386554622,0.09220647773279353,0.22115384615384615,0.4422982081209929,0.8023334690001357,1.0,0.2919946292835953,0.24916274130285537,0.1034; 0.09278; 0.02174,feature,True,True,
first_2h_after_wake_stress_mean,anchored windows,stress,wake,first_2h_after_wake,mean,Compact summary for a fixed window anchored to wake or sleep boundaries.,stress points,float64,471,99.57716701902748,2,0.42283298097251587,471,False,False,False,False,0.0,8.275,25.725,43.334776334776336,55.36585365853659,68.57620614035088,82.61919191919192,95.6,55.04311080629297,17.203013111174073,32.41; 47.13; 25.04,feature,True,True,
first_2h_after_wake_stress_medium_or_high_fraction,anchored windows,stress,wake,first_2h_after_wake,medium_or_high_fraction,Compact summary for a fixed window anchored to wake or sleep boundaries.,fraction 0..1,float64,471,99.57716701902748,2,0.42283298097251587,391,False,False,False,False,1.48619957537155,0.0,0.0818452380952381,0.3438483192581553,0.5686274509803921,0.82953995157385,0.9698484848484848,1.0,0.5672493202482367,0.281190522278152,0.2299; 0.4639; 0.05435,feature,True,True,
first_2h_after_wake_stress_p90,anchored windows,stress,wake,first_2h_after_wake,p90,Compact summary for a fixed window anchored to wake or sleep boundaries.,stress points,float64,471,99.57716701902748,2,0.42283298097251587,251,False,False,False,False,0.0,17.0,45.400000000000006,74.4,84.0,90.0,96.05,99.0,79.91783439490446,15.474634418443122,76.2; 73.2; 39.7,feature,True,True,
first_2h_after_wake_stress_std,anchored windows,stress,wake,first_2h_after_wake,std,Compact summary for a fixed window anchored to wake or sleep boundaries.,stress points,float64,471,99.57716701902748,2,0.42283298097251587,471,False,False,False,False,0.0,3.2124668541830834,10.750022099363774,15.93837315390417,19.62899783635071,23.368801251336585,28.553345361521473,36.99486355822555,19.646014035561667,5.539184998605535,24.29; 21.74; 13.47,feature,True,True,
first_2h_after_wake_stress_valid_count,anchored windows,stress,wake,first_2h_after_wake,valid_count,Compact summary for a fixed window anchored to wake or sleep boundaries.,count,int64,473,100.0,0,0.0,103,False,False,False,False,0.0,1.0,33.0,63.0,82.0,99.0,112.39999999999998,120.0,79.34038054968288,24.525440850345746,87; 97; 92,feature,True,True,
first_30m_after_wake_hr_coverage_fraction,anchored windows,hr,wake,first_30m_after_wake,coverage_fraction,Compact summary for a fixed window anchored to wake or sleep boundaries.,fraction 0..1,float64,473,100.0,0,0.0,21,False,False,False,False,0.0,0.03333333333333333,0.7666666666666667,0.8666666666666667,0.9,0.9666666666666667,1.0,1.0,0.8925299506694857,0.11702848598983284,0.8667; 0.8333; 0.9,feature,True,True,
first_30m_after_wake_hr_mean,anchored windows,hr,wake,first_30m_after_wake,mean,Compact summary for a fixed window anchored to wake or sleep boundaries.,bpm,float64,468,98.94291754756871,5,1.0570824524312896,450,False,False,False,False,0.0,45.625,54.541666666666664,64.84903846153846,74.90444444444444,84.82799145299145,96.07884615384614,127.44444444444444,75.10015288756522,13.181594964288465,55.15; 64.85; 58.4,feature,True,True,
first_30m_after_wake_hr_p90,anchored windows,hr,wake,first_30m_after_wake,p90,Compact summary for a fixed window anchored to wake or sleep boundaries.,bpm,float64,468,98.94291754756871,5,1.0570824524312896,321,False,False,False,False,0.0,50.7,61.540000000000006,78.0,90.55,102.82500000000002,117.0,158.6,90.03611111111111,17.292543210543354,61; 73.5; 70.6,feature,True,True,
first_30m_after_wake_hr_std,anchored windows,hr,wake,first_30m_after_wake,std,Compact summary for a fixed window anchored to wake or sleep boundaries.,bpm,float64,468,98.94291754756871,5,1.0570824524312896,467,False,False,False,False,0.0,2.3396416183882374,5.100638120264372,8.227143239771365,11.000299578044967,14.818918470180133,20.83943938563958,30.896393084373827,11.857468315210948,4.970716899561001,9.16; 7.71; 8.114,feature,True,True,
first_30m_after_wake_hr_valid_count,anchored windows,hr,wake,first_30m_after_wake,valid_count,Compact summary for a fixed window anchored to wake or sleep boundaries.,count,int64,473,100.0,0,0.0,21,False,False,False,False,0.0,1.0,23.0,26.0,27.0,29.0,30.0,30.0,26.775898520084567,3.5108545796949855,26; 25; 27,feature,True,True,
first_30m_after_wake_stress_coverage_fraction,anchored windows,stress,wake,first_30m_after_wake,coverage_fraction,Compact summary for a fixed window anchored to wake or sleep boundaries.,fraction 0..1,float64,473,100.0,0,0.0,30,False,False,False,False,0.42283298097251587,0.0,0.23333333333333334,0.5666666666666667,0.7333333333333333,0.9,1.0,1.0,0.7010570824524314,0.2333208710700785,0.9; 0.8333; 0.7,feature,True,True,
first_30m_after_wake_stress_high_fraction,anchored windows,stress,wake,first_30m_after_wake,high_fraction,Compact summary for a fixed window anchored to wake or sleep boundaries.,fraction 0..1,float64,463,97.88583509513742,10,2.1141649048625792,152,False,False,False,False,25.48596112311015,0.0,0.0,0.0,0.16,0.4037037037037037,0.8333333333333334,1.0,0.25899544260534557,0.27662081948588346,0; 0.04; 0.2857,feature,True,True,
first_30m_after_wake_stress_mean,anchored windows,stress,wake,first_30m_after_wake,mean,Compact summary for a fixed window anchored to wake or sleep boundaries.,stress points,float64,463,97.88583509513742,10,2.1141649048625792,449,False,False,False,False,0.0,6.166666666666667,17.44333333333333,32.38409961685824,47.3,65.64285714285714,83.10982142857142,95.6,49.02846971599775,20.724776876292108,14.37; 31.89; 20.76,feature,True,True,
first_30m_after_wake_stress_medium_or_high_fraction,anchored windows,stress,wake,first_30m_after_wake,medium_or_high_fraction,Compact summary for a fixed window anchored to wake or sleep boundaries.,fraction 0..1,float64,463,97.88583509513742,10,2.1141649048625792,198,False,False,False,False,7.559395248380129,0.0,0.0,0.16666666666666666,0.43478260869565216,0.75,1.0,1.0,0.4664689096869868,0.32637679754391796,0; 0.1111; 0.04,feature,True,True,
first_30m_after_wake_stress_p90,anchored windows,stress,wake,first_30m_after_wake,p90,Compact summary for a fixed window anchored to wake or sleep boundaries.,stress points,float64,463,97.88583509513742,10,2.1141649048625792,322,False,False,False,False,0.0,14.200000000000003,24.950000000000003,56.8,78.5,90.5,97.0,99.0,71.65723542116632,22.481152809986394,21; 55.2; 38.8,feature,True,True,
first_30m_after_wake_stress_std,anchored windows,stress,wake,first_30m_after_wake,std,Compact summary for a fixed window anchored to wake or sleep boundaries.,stress points,float64,463,97.88583509513742,10,2.1141649048625792,463,False,False,False,False,0.0,2.29128784747792,7.33508729596315,14.061555964310926,18.139832075542877,23.810978793385864,32.99731367369693,41.48378383160888,18.95386374276787,7.481511043153501,4.676; 16.71; 17.94,feature,True,True,
first_30m_after_wake_stress_valid_count,anchored windows,stress,wake,first_30m_after_wake,valid_count,Compact summary for a fixed window anchored to wake or sleep boundaries.,count,int64,473,100.0,0,0.0,30,False,False,False,False,0.42283298097251587,0.0,7.0,17.0,22.0,27.0,30.0,30.0,21.031712473572938,6.999626132102354,27; 25; 21,feature,True,True,
first_60m_sleep_hr_coverage_fraction,anchored windows,hr,sleep,first_60m_sleep,coverage_fraction,Compact summary for a fixed window anchored to wake or sleep boundaries.,fraction 0..1,float64,473,100.0,0,0.0,38,False,False,False,False,0.0,0.11666666666666667,0.4266666666666667,0.5166666666666667,0.6,0.6666666666666666,0.7833333333333333,0.9,0.5993305144467935,0.10979789232527601,0.6167; 0.5; 0.5333,feature,True,True,
first_60m_sleep_hr_mean,anchored windows,hr,sleep,first_60m_sleep,mean,Compact summary for a fixed window anchored to wake or sleep boundaries.,bpm,float64,473,100.0,0,0.0,452,False,False,False,False,0.0,41.542857142857144,47.0,50.80555555555556,54.51851851851852,58.29032258064516,64.75964912280702,77.75,54.862661349027015,5.694558485325135,48.35; 47.4; 47.78,feature,True,True,
first_60m_sleep_hr_p90,anchored windows,hr,sleep,first_60m_sleep,p90,Compact summary for a fixed window anchored to wake or sleep boundaries.,bpm,float64,473,100.0,0,0.0,188,False,False,False,False,0.0,43.0,49.56,54.0,58.2,63.0,71.38000000000001,89.19999999999999,58.96765327695561,6.839027275136281,51; 50.1; 50,feature,True,True,
first_60m_sleep_hr_std,anchored windows,hr,sleep,first_60m_sleep,std,Compact summary for a fixed window anchored to wake or sleep boundaries.,bpm,float64,473,100.0,0,0.0,473,False,False,False,False,0.0,0.9775252199076787,1.4184924295574237,2.1324508233597945,2.960497075878996,4.528973419877136,6.951994309437049,11.868773597369888,3.481728961146515,1.7804278518730383,2.385; 2.641; 1.634,feature,True,True,
first_60m_sleep_hr_valid_count,anchored windows,hr,sleep,first_60m_sleep,valid_count,Compact summary for a fixed window anchored to wake or sleep boundaries.,count,int64,473,100.0,0,0.0,38,False,False,False,False,0.0,7.0,25.6,31.0,36.0,40.0,47.0,54.0,35.959830866807614,6.587873539516561,37; 30; 32,feature,True,True,
first_60m_sleep_stress_coverage_fraction,anchored windows,stress,sleep,first_60m_sleep,coverage_fraction,Compact summary for a fixed window anchored to wake or sleep boundaries.,fraction 0..1,float64,473,100.0,0,0.0,30,False,False,False,False,0.0,0.05,0.7833333333333333,0.9666666666666667,1.0,1.0,1.0,1.0,0.9616983791402396,0.09285923674019632,1; 0.9833; 0.9,feature,True,True,
first_60m_sleep_stress_high_fraction,anchored windows,stress,sleep,first_60m_sleep,high_fraction,Compact summary for a fixed window anchored to wake or sleep boundaries.,fraction 0..1,float64,472,99.78858350951374,1,0.21141649048625794,19,False,False,False,False,93.85593220338984,0.0,0.0,0.0,0.0,0.0,0.017080654587960254,0.21666666666666667,0.00269362419824072,0.014772104629407075,0; 0.01667; 0.01754,feature,True,True,
first_60m_sleep_stress_mean,anchored windows,stress,sleep,first_60m_sleep,mean,Compact summary for a fixed window anchored to wake or sleep boundaries.,stress points,float64,472,99.78858350951374,1,0.21141649048625794,445,False,False,False,False,0.0,1.5166666666666666,6.84292372881356,14.304166666666667,19.284121320249778,25.542528735632185,38.60166666666665,65.71666666666667,20.665986651960008,10.316990410193391,3.3; 6.333; 10.93,feature,True,True,
first_60m_sleep_stress_medium_or_high_fraction,anchored windows,stress,sleep,first_60m_sleep,medium_or_high_fraction,Compact summary for a fixed window anchored to wake or sleep boundaries.,fraction 0..1,float64,472,99.78858350951374,1,0.21141649048625794,65,False,False,False,False,73.09322033898306,0.0,0.0,0.0,0.0,0.016666666666666666,0.17377495462794915,0.9666666666666667,0.03518037508289502,0.12098924136717913,0; 0.07407; 0.01786,feature,True,True,
first_60m_sleep_stress_p90,anchored windows,stress,sleep,first_60m_sleep,p90,Compact summary for a fixed window anchored to wake or sleep boundaries.,stress points,float64,472,99.78858350951374,1,0.21141649048625794,200,False,False,False,False,0.0,4.0,11.0,19.0,24.3,31.200000000000003,57.73999999999998,83.0,27.443220338983053,13.348819085797404,8.1; 12.2; 16,feature,True,True,
first_60m_sleep_stress_std,anchored windows,stress,sleep,first_60m_sleep,std,Compact summary for a fixed window anchored to wake or sleep boundaries.,stress points,float64,472,99.78858350951374,1,0.21141649048625794,472,False,False,False,False,0.0,1.3399834161494522,2.1469138435614115,3.554534286209194,4.912803996973371,7.223496249617069,12.669373417308462,21.44525329505084,5.9136905365482715,3.448963474618381,3.523; 3.994; 3.065,feature,True,True,
first_60m_sleep_stress_valid_count,anchored windows,stress,sleep,first_60m_sleep,valid_count,Compact summary for a fixed window anchored to wake or sleep boundaries.,count,int64,473,100.0,0,0.0,30,False,False,False,False,0.0,3.0,47.0,58.0,60.0,60.0,60.0,60.0,57.701902748414376,5.57155420441178,60; 59; 54,feature,True,True,
last_2h_before_sleep_hr_coverage_fraction,anchored windows,hr,wake,last_2h_before_sleep,coverage_fraction,Compact summary for a fixed window anchored to wake or sleep boundaries.,fraction 0..1,float64,473,100.0,0,0.0,56,False,False,False,False,0.0,0.06666666666666667,0.6083333333333333,0.8,0.8416666666666667,0.875,0.9166666666666666,0.9666666666666667,0.8191155743481324,0.11795706900645282,0.8583; 0.925; 0.7167,feature,True,True,
last_2h_before_sleep_hr_mean,anchored windows,hr,wake,last_2h_before_sleep,mean,Compact summary for a fixed window anchored to wake or sleep boundaries.,bpm,float64,473,100.0,0,0.0,470,False,False,False,False,0.0,44.705263157894734,56.52258503401361,63.73831775700935,69.17307692307692,75.13761467889908,85.60370609087978,105.77173913043478,69.95503372053184,8.77572420803,76.58; 61.4; 51.22,feature,True,True,
last_2h_before_sleep_hr_p90,anchored windows,hr,wake,last_2h_before_sleep,p90,Compact summary for a fixed window anchored to wake or sleep boundaries.,bpm,float64,473,100.0,0,0.0,230,False,False,False,False,0.0,49.0,64.72,74.0,81.0,89.0,103.0,125.80000000000001,82.35623678646934,12.17943055958576,92; 75; 54,feature,True,True,
last_2h_before_sleep_hr_std,anchored windows,hr,wake,last_2h_before_sleep,std,Compact summary for a fixed window anchored to wake or sleep boundaries.,bpm,float64,473,100.0,0,0.0,473,False,False,False,False,0.0,2.348031176459261,5.260284501596327,7.2508862445470035,8.891498173257471,10.950434700423374,15.114310079574905,24.02580147637425,9.367461898157519,3.2360446527212563,10.62; 10.94; 2.818,feature,True,True,
last_2h_before_sleep_hr_valid_count,anchored windows,hr,wake,last_2h_before_sleep,valid_count,Compact summary for a fixed window anchored to wake or sleep boundaries.,count,int64,473,100.0,0,0.0,56,False,False,False,False,0.0,8.0,73.0,96.0,101.0,105.0,110.0,116.0,98.2938689217759,14.15484828077434,103; 111; 86,feature,True,True,
last_2h_before_sleep_stress_coverage_fraction,anchored windows,stress,wake,last_2h_before_sleep,coverage_fraction,Compact summary for a fixed window anchored to wake or sleep boundaries.,fraction 0..1,float64,473,100.0,0,0.0,68,False,False,False,False,0.0,0.058333333333333334,0.5666666666666667,0.7833333333333333,0.8666666666666667,0.925,0.975,1.0,0.8334038054968288,0.14563775074378207,0.9167; 0.9917; 0.8333,feature,True,True,
last_2h_before_sleep_stress_high_fraction,anchored windows,stress,wake,last_2h_before_sleep,high_fraction,Compact summary for a fixed window anchored to wake or sleep boundaries.,fraction 0..1,float64,473,100.0,0,0.0,322,False,False,False,False,13.31923890063425,0.0,0.0,0.01098901098901099,0.06481481481481481,0.23404255319148937,0.6585459797785266,1.0,0.16626184096298646,0.21698291889029903,0.2455; 0.009091; 0,feature,True,True,
last_2h_before_sleep_stress_mean,anchored windows,stress,wake,last_2h_before_sleep,mean,Compact summary for a fixed window anchored to wake or sleep boundaries.,stress points,float64,473,100.0,0,0.0,471,False,False,False,False,0.0,10.336134453781513,21.73261381475667,32.826530612244895,45.08695652173913,57.794642857142854,76.97255441008018,89.63265306122449,46.44920416757366,17.030042427087242,57.61; 29.45; 13.61,feature,True,True,
last_2h_before_sleep_stress_medium_or_high_fraction,anchored windows,stress,wake,last_2h_before_sleep,medium_or_high_fraction,Compact summary for a fixed window anchored to wake or sleep boundaries.,fraction 0..1,float64,473,100.0,0,0.0,408,False,False,False,False,1.4799154334038054,0.0,0.021645628798503975,0.1346153846153846,0.3611111111111111,0.6574074074074074,0.936290322580645,1.0,0.40866619870099796,0.30048207721541026,0.5727; 0.1455; 0,feature,True,True,
last_2h_before_sleep_stress_p90,anchored windows,stress,wake,last_2h_before_sleep,p90,Compact summary for a fixed window anchored to wake or sleep boundaries.,stress points,float64,473,100.0,0,0.0,275,False,False,False,False,0.0,17.200000000000003,30.42,54.0,72.0,83.0,93.0,98.3,67.78858350951376,19.282516171844502,89.1; 58.2; 21,feature,True,True,
last_2h_before_sleep_stress_std,anchored windows,stress,wake,last_2h_before_sleep,std,Compact summary for a fixed window anchored to wake or sleep boundaries.,stress points,float64,473,100.0,0,0.0,473,False,False,False,False,0.0,3.5820810079932706,8.403723008710216,13.157890600668923,16.558934814150387,19.588959507681174,23.76901030437078,36.65428944683365,16.38228490116922,4.823146300034486,22.06; 17.45; 4.809,feature,True,True,
last_2h_before_sleep_stress_valid_count,anchored windows,stress,wake,last_2h_before_sleep,valid_count,Compact summary for a fixed window anchored to wake or sleep boundaries.,count,int64,473,100.0,0,0.0,68,False,False,False,False,0.0,7.0,68.0,94.0,104.0,111.0,117.0,120.0,100.00845665961945,17.47653008925385,110; 119; 100,feature,True,True,
last_4h_before_sleep_hr_coverage_fraction,anchored windows,hr,wake,last_4h_before_sleep,coverage_fraction,Compact summary for a fixed window anchored to wake or sleep boundaries.,fraction 0..1,float64,473,100.0,0,0.0,71,False,False,False,False,0.0,0.03333333333333333,0.6833333333333333,0.8291666666666667,0.8583333333333333,0.8833333333333333,0.9125,0.9333333333333333,0.8303030303030303,0.1267066686871972,0.8958; 0.5083; 0.775,feature,True,True,
last_4h_before_sleep_hr_mean,anchored windows,hr,wake,last_4h_before_sleep,mean,Compact summary for a fixed window anchored to wake or sleep boundaries.,bpm,float64,473,100.0,0,0.0,471,False,False,False,False,0.0,48.17989417989418,59.858403361344536,66.815,72.47342995169082,79.30622009569377,88.57753508827305,110.31067961165049,73.10944928397258,9.148290448027376,81.61; 62.81; 55.84,feature,True,True,
last_4h_before_sleep_hr_p90,anchored windows,hr,wake,last_4h_before_sleep,p90,Compact summary for a fixed window anchored to wake or sleep boundaries.,bpm,float64,473,100.0,0,0.0,185,False,False,False,False,0.0,56.20000000000002,69.0,78.80000000000001,86.0,95.0,108.0,135.6,87.36131078224103,12.56802732155778,101; 79.9; 65,feature,True,True,
last_4h_before_sleep_hr_std,anchored windows,hr,wake,last_4h_before_sleep,std,Compact summary for a fixed window anchored to wake or sleep boundaries.,bpm,float64,473,100.0,0,0.0,473,False,False,False,False,0.0,4.005806531336814,5.969905459658771,8.251236231722164,10.055338086392396,12.40408697409832,17.43237880221266,33.63102887803259,10.637250608998938,3.5214713704186047,13.14; 12.09; 6.674,feature,True,True,
last_4h_before_sleep_hr_valid_count,anchored windows,hr,wake,last_4h_before_sleep,valid_count,Compact summary for a fixed window anchored to wake or sleep boundaries.,count,int64,473,100.0,0,0.0,71,False,False,False,False,0.0,8.0,164.0,199.0,206.0,212.0,219.0,224.0,199.27272727272728,30.409600484927328,215; 122; 186,feature,True,True,
last_4h_before_sleep_stress_coverage_fraction,anchored windows,stress,wake,last_4h_before_sleep,coverage_fraction,Compact summary for a fixed window anchored to wake or sleep boundaries.,fraction 0..1,float64,473,100.0,0,0.0,122,False,False,False,False,0.0,0.0375,0.5108333333333333,0.7625,0.85,0.9041666666666667,0.9583333333333334,0.9916666666666667,0.8059989429175475,0.15703149441589076,0.8875; 0.4958; 0.9042,feature,True,True,
last_4h_before_sleep_stress_high_fraction,anchored windows,stress,wake,last_4h_before_sleep,high_fraction,Compact summary for a fixed window anchored to wake or sleep boundaries.,fraction 0..1,float64,473,100.0,0,0.0,427,False,False,False,False,5.2854122621564485,0.0,0.0,0.04784688995215311,0.1534090909090909,0.3463203463203463,0.7503929727230694,1.0,0.23351587411355632,0.2338465820559105,0.4319; 0.04202; 0,feature,True,True,
last_4h_before_sleep_stress_mean,anchored windows,stress,wake,last_4h_before_sleep,mean,Compact summary for a fixed window anchored to wake or sleep boundaries.,stress points,float64,473,100.0,0,0.0,473,False,False,False,False,0.0,14.956521739130435,26.844534224225,40.223350253807105,51.713592233009706,63.757894736842104,80.12392435151055,89.88288288288288,51.983722774684466,16.281146839766578,66.13; 31.13; 20.14,feature,True,True,
last_4h_before_sleep_stress_medium_or_high_fraction,anchored windows,stress,wake,last_4h_before_sleep,medium_or_high_fraction,Compact summary for a fixed window anchored to wake or sleep boundaries.,fraction 0..1,float64,473,100.0,0,0.0,458,False,False,False,False,0.0,0.004310344827586207,0.0564935064935065,0.27014218009478674,0.5035971223021583,0.736318407960199,0.9478552515445718,1.0,0.5002875114322209,0.2799321524710402,0.6995; 0.1765; 0.03226,feature,True,True,
last_4h_before_sleep_stress_p90,anchored windows,stress,wake,last_4h_before_sleep,p90,Compact summary for a fixed window anchored to wake or sleep boundaries.,stress points,float64,473,100.0,0,0.0,189,False,False,False,False,0.0,25.099999999999994,41.120000000000005,67.70000000000002,79.70000000000002,87.30000000000001,95.0,99.0,75.92494714587738,16.016775403988635,93; 63.2; 33.4,feature,True,True,
last_4h_before_sleep_stress_std,anchored windows,stress,wake,last_4h_before_sleep,std,Compact summary for a fixed window anchored to wake or sleep boundaries.,stress points,float64,473,100.0,0,0.0,473,False,False,False,False,0.0,6.996404690095921,11.049352536095121,15.422651715556501,18.37103558923329,21.22749160876056,25.373536370089468,35.02040227158685,18.31712659668557,4.469445472582012,23.06; 19.68; 11.13,feature,True,True,
last_4h_before_sleep_stress_valid_count,anchored windows,stress,wake,last_4h_before_sleep,valid_count,Compact summary for a fixed window anchored to wake or sleep boundaries.,count,int64,473,100.0,0,0.0,122,False,False,False,False,0.0,9.0,122.6,183.0,204.0,217.0,230.0,238.0,193.43974630021143,37.68755865981378,213; 119; 217,feature,True,True,
last_60m_sleep_hr_coverage_fraction,anchored windows,hr,sleep,last_60m_sleep,coverage_fraction,Compact summary for a fixed window anchored to wake or sleep boundaries.,fraction 0..1,float64,473,100.0,0,0.0,36,False,False,False,False,0.21141649048625794,0.0,0.5833333333333334,0.7166666666666667,0.7833333333333333,0.8333333333333334,0.9,0.9833333333333333,0.7653629316420014,0.10522553635055265,0.8667; 0.6; 0.85,feature,True,True,
last_60m_sleep_hr_mean,anchored windows,hr,sleep,last_60m_sleep,mean,Compact summary for a fixed window anchored to wake or sleep boundaries.,bpm,float64,472,99.78858350951374,1,0.21141649048625794,459,False,False,False,False,0.0,41.55263157894737,44.95009428032684,47.66099033816425,49.94747340425532,52.24386304909561,57.19605882352941,77.43636363636364,50.3724145778936,4.067691628029712,50.19; 47; 46.78,feature,True,True,
last_60m_sleep_hr_p90,anchored windows,hr,sleep,last_60m_sleep,p90,Compact summary for a fixed window anchored to wake or sleep boundaries.,bpm,float64,472,99.78858350951374,1,0.21141649048625794,179,False,False,False,False,0.0,43.0,49.6,53.0,56.0,59.0,65.845,105.0,56.55381355932204,5.397534185836508,57; 58.5; 51,feature,True,True,
last_60m_sleep_hr_std,anchored windows,hr,sleep,last_60m_sleep,std,Compact summary for a fixed window anchored to wake or sleep boundaries.,bpm,float64,472,99.78858350951374,1,0.21141649048625794,472,False,False,False,False,0.0,1.4128762442845146,2.7017198521622827,3.840290359252095,4.582860261226708,5.375701969841511,6.986879451440575,18.722629609756538,4.717811276602432,1.4676227494223246,4.796; 6.298; 3.842,feature,True,True,
last_60m_sleep_hr_valid_count,anchored windows,hr,sleep,last_60m_sleep,valid_count,Compact summary for a fixed window anchored to wake or sleep boundaries.,count,int64,473,100.0,0,0.0,36,False,False,False,False,0.21141649048625794,0.0,35.0,43.0,47.0,50.0,54.0,59.0,45.92177589852008,6.313532181033159,52; 36; 51,feature,True,True,
last_60m_sleep_stress_coverage_fraction,anchored windows,stress,sleep,last_60m_sleep,coverage_fraction,Compact summary for a fixed window anchored to wake or sleep boundaries.,fraction 0..1,float64,473,100.0,0,0.0,22,False,False,False,False,0.21141649048625794,0.0,0.85,0.9666666666666667,1.0,1.0,1.0,1.0,0.9698731501057083,0.07252895301452646,0.9667; 0.9833; 1,feature,True,True,
last_60m_sleep_stress_high_fraction,anchored windows,stress,sleep,last_60m_sleep,high_fraction,Compact summary for a fixed window anchored to wake or sleep boundaries.,fraction 0..1,float64,472,99.78858350951374,1,0.21141649048625794,9,False,False,False,True,97.03389830508475,0.0,0.0,0.0,0.0,0.0,0.0,0.07894736842105263,0.0007062662124431851,0.0049242975424564454,0; 0.01667; 0.01695,feature,True,True,sparse or rare-event style feature
last_60m_sleep_stress_mean,anchored windows,stress,sleep,last_60m_sleep,mean,Compact summary for a fixed window anchored to wake or sleep boundaries.,stress points,float64,472,99.78858350951374,1,0.21141649048625794,429,False,False,False,False,0.0,1.4833333333333334,3.9291666666666667,7.341666666666667,10.43330194601381,14.654166666666667,22.20593220338983,46.152542372881356,11.52718769237288,5.932600522924812,9.776; 5.729; 4.483,feature,True,True,
last_60m_sleep_stress_medium_or_high_fraction,anchored windows,stress,sleep,last_60m_sleep,medium_or_high_fraction,Compact summary for a fixed window anchored to wake or sleep boundaries.,fraction 0..1,float64,472,99.78858350951374,1,0.21141649048625794,32,False,False,False,False,82.20338983050848,0.0,0.0,0.0,0.0,0.0,0.03879179331306983,0.5423728813559322,0.008267858874879798,0.034335790282779485,0.01724; 0; 0.01667,feature,True,True,
last_60m_sleep_stress_p90,anchored windows,stress,sleep,last_60m_sleep,p90,Compact summary for a fixed window anchored to wake or sleep boundaries.,stress points,float64,472,99.78858350951374,1,0.21141649048625794,159,False,False,False,False,0.0,2.1000000000000014,8.730000000000002,14.100000000000001,18.0,22.1,34.89999999999998,72.9,19.45,8.827977003034258,18.6; 17.6; 8,feature,True,True,
last_60m_sleep_stress_std,anchored windows,stress,sleep,last_60m_sleep,std,Compact summary for a fixed window anchored to wake or sleep boundaries.,stress points,float64,472,99.78858350951374,1,0.21141649048625794,471,False,False,False,False,0.0,1.8716451468041573,3.350387416441006,4.80760392664505,5.901259277571186,7.517721026247329,12.407490923954642,23.67564260708406,6.570688471285276,2.8512280804821546,8.375; 8.645; 3.892,feature,True,True,
last_60m_sleep_stress_valid_count,anchored windows,stress,sleep,last_60m_sleep,valid_count,Compact summary for a fixed window anchored to wake or sleep boundaries.,count,int64,473,100.0,0,0.0,22,False,False,False,False,0.21141649048625794,0.0,51.0,58.0,60.0,60.0,60.0,60.0,58.192389006342495,4.351737180871588,58; 59; 60,feature,True,True,
pre_sleep_4h_hr_end_minus_start,trends,hr,wake/pre-sleep,pre_sleep_4h,end_minus_start,Simple linear trend or smoothed endpoint contrast in interpretable per-hour units.,bpm,float64,446,94.29175475687104,27,5.708245243128964,444,False,False,False,False,0.0,-96.57407407407408,-37.825224775224775,-20.218869731800766,-11.117149758454111,-3.806488449151498,6.980970659775002,22.689560439560445,-12.847758124055126,13.674658799629618,-4.542; -10.48; -7.428,feature,True,True,
pre_sleep_4h_hr_slope_per_hour,trends,hr,wake/pre-sleep,pre_sleep_4h,slope_per_hour,Simple linear trend or smoothed endpoint contrast in interpretable per-hour units.,bpm/hour,float64,473,100.0,0,0.0,473,False,False,False,False,0.0,-144.80446927374246,-10.20071850846394,-6.049587755266246,-3.2319135017042813,-0.9215074959521858,2.65162179979451,9.266281375593858,-4.083537342750101,8.770183553634526,-3.631; -9.798; -4.071,feature,True,True,
pre_sleep_4h_hr_trend_r2,trends,hr,wake/pre-sleep,pre_sleep_4h,trend_r2,Simple linear trend or smoothed endpoint contrast in interpretable per-hour units.,r2 0..1,float64,473,100.0,0,0.0,473,False,False,False,False,0.0,8.250430556411281e-06,0.002402763771938111,0.04896782403127986,0.16555944729230065,0.33608374290964727,0.5932152921711066,0.8324480313868186,0.21655871864268433,0.1974983977370155,0.09848; 0.2634; 0.5078,feature,True,True,
pre_sleep_4h_stress_end_minus_start,trends,stress,wake/pre-sleep,pre_sleep_4h,end_minus_start,Simple linear trend or smoothed endpoint contrast in interpretable per-hour units.,stress points,float64,435,91.9661733615222,38,8.0338266384778,435,False,False,False,False,0.0,-74.30574712643678,-57.445299145299145,-40.57222222222222,-22.812260536398462,-7.7163628899835786,14.691749680715073,52.6037037037037,-23.310538450622268,22.48782264050646,-17.97; -18.25; -15.7,feature,True,True,
pre_sleep_4h_stress_slope_per_hour,trends,stress,wake/pre-sleep,pre_sleep_4h,slope_per_hour,Simple linear trend or smoothed endpoint contrast in interpretable per-hour units.,stress points/hour,float64,473,100.0,0,0.0,473,False,False,False,False,0.0,-115.83431603773576,-18.54789300916273,-11.671654985071415,-6.579395516968457,-1.9793183991778522,6.063203412480072,75.42857142857153,-7.072039973758365,11.2556653775519,-7.095; -17.65; -7.351,feature,True,True,
pre_sleep_4h_stress_trend_r2,trends,stress,wake/pre-sleep,pre_sleep_4h,trend_r2,Simple linear trend or smoothed endpoint contrast in interpretable per-hour units.,r2 0..1,float64,473,100.0,0,0.0,473,False,False,False,False,0.0,3.033951850861527e-06,0.001429751606105967,0.06688595846264822,0.23670235129168105,0.44111697404464567,0.6627323729747411,0.8841094805189148,0.2718164950461346,0.22368585524979617,0.1177; 0.3109; 0.5635,feature,True,True,
sleep_hr_end_minus_start,trends,hr,sleep,sleep_phase,end_minus_start,Simple linear trend or smoothed endpoint contrast in interpretable per-hour units.,bpm,float64,469,99.15433403805497,4,0.8456659619450317,469,False,False,False,False,0.0,-28.198260869565217,-13.247,-7.850000000000001,-4.274999999999999,-0.430976430976429,4.72632905982906,24.385395537525355,-4.2388688407002055,5.906986523650902,0.4583; -4.275; -1.088,feature,True,True,
sleep_hr_slope_per_hour,trends,hr,sleep,sleep_phase,slope_per_hour,Simple linear trend or smoothed endpoint contrast in interpretable per-hour units.,bpm/hour,float64,473,100.0,0,0.0,473,False,False,False,False,0.0,-6.232047004994396,-1.931253794915173,-1.1232605579101582,-0.5937946913587773,-0.1742223415687279,0.4970761255312423,3.8832873133220485,-0.6546419126570069,0.8571288019942819,-0.2071; -0.8381; -0.3009,feature,True,True,
sleep_hr_trend_r2,trends,hr,sleep,sleep_phase,trend_r2,Simple linear trend or smoothed endpoint contrast in interpretable per-hour units.,r2 0..1,float64,473,100.0,0,0.0,473,False,False,False,False,0.0,1.5946249848353133e-05,0.0016083479946630507,0.021336999979110982,0.08585372735760233,0.21204918996476607,0.4183578891155648,0.7067862626192963,0.1351247917086374,0.13753359022011746,0.01358; 0.06039; 0.01698,feature,True,True,
sleep_stress_end_minus_start,trends,stress,sleep,sleep_phase,end_minus_start,Simple linear trend or smoothed endpoint contrast in interpretable per-hour units.,stress points,float64,469,99.15433403805497,4,0.8456659619450317,450,False,False,False,False,0.21321961620469082,-57.46666666666667,-28.133333333333336,-14.266666666666666,-8.333333333333334,-2.0459770114942515,7.079080459770114,41.64358974358974,-8.80654997690307,10.829763460799636,5.367; -6.667; -6.167,feature,True,True,
sleep_stress_slope_per_hour,trends,stress,sleep,sleep_phase,slope_per_hour,Simple linear trend or smoothed endpoint contrast in interpretable per-hour units.,stress points/hour,float64,473,100.0,0,0.0,473,False,False,False,False,0.0,-8.31436023577257,-3.860664940105541,-2.121542956733916,-1.1694347677743897,-0.38531563199236524,0.6429787512048168,7.915791499926135,-1.3292487044337942,1.5091966896776186,0.3169; -1.175; -1.1,feature,True,True,
sleep_stress_trend_r2,trends,stress,sleep,sleep_phase,trend_r2,Simple linear trend or smoothed endpoint contrast in interpretable per-hour units.,r2 0..1,float64,473,100.0,0,0.0,473,False,False,False,False,0.0,1.8766061937736112e-07,0.0007888780474741621,0.03295709855679563,0.12000227817542708,0.25063725375008505,0.4331171676421903,0.7735517614614597,0.1585230592578874,0.14730184787951986,0.0136; 0.06526; 0.1141,feature,True,True,
wake_hr_end_minus_start,trends,hr,wake,wake_phase,end_minus_start,Simple linear trend or smoothed endpoint contrast in interpretable per-hour units.,bpm,float64,460,97.25158562367865,13,2.748414376321353,460,False,False,False,False,0.0,-61.17521367521367,-34.19464694564694,-20.317596153846154,-10.592592592592595,-0.4524501424501466,12.123288537549403,22.601190476190474,-10.539120688414764,14.42751133316975,11.64; -9; -7.878,feature,True,True,
wake_hr_slope_per_hour,trends,hr,wake,wake_phase,slope_per_hour,Simple linear trend or smoothed endpoint contrast in interpretable per-hour units.,bpm/hour,float64,473,100.0,0,0.0,473,False,False,False,False,0.0,-4.494019456435809,-2.328245795719703,-1.162983630184108,-0.36343493159870005,0.19397043892358265,1.1247876784238102,2.650829601084048,-0.45805096099775544,1.066245092149083,0.1439; -0.4723; -1.225,feature,True,True,
wake_hr_trend_r2,trends,hr,wake,wake_phase,trend_r2,Simple linear trend or smoothed endpoint contrast in interpretable per-hour units.,r2 0..1,float64,473,100.0,0,0.0,473,False,False,False,False,0.0,1.7053106945441598e-06,0.0005239093469608048,0.014701130964839826,0.06285845657732769,0.16299324350561517,0.3676147838232145,0.645052995631598,0.11087109812277796,0.1267355503513483,0.001519; 0.008729; 0.09207,feature,True,True,
wake_stress_end_minus_start,trends,stress,wake,wake_phase,end_minus_start,Simple linear trend or smoothed endpoint contrast in interpretable per-hour units.,stress points,float64,460,97.25158562367865,13,2.748414376321353,460,False,False,False,False,0.0,-73.30833333333332,-52.97814102564103,-32.20127573575849,-11.227261904761905,5.6085291145635985,32.929791810443966,56.8,-12.048871586631583,26.17144932326484,17.55; -13.67; -9.56,feature,True,True,
wake_stress_slope_per_hour,trends,stress,wake,wake_phase,slope_per_hour,Simple linear trend or smoothed endpoint contrast in interpretable per-hour units.,stress points/hour,float64,473,100.0,0,0.0,473,False,False,False,False,0.0,-5.101808922810038,-3.1770834185613923,-1.4433821669840194,-0.17059892822434106,0.8112436944496316,2.565407778043588,5.525304953218152,-0.287664205289406,1.7547146963396483,1.637; 0.5981; -0.3142,feature,True,True,
wake_stress_trend_r2,trends,stress,wake,wake_phase,trend_r2,Simple linear trend or smoothed endpoint contrast in interpretable per-hour units.,r2 0..1,float64,473,100.0,0,0.0,473,False,False,False,False,0.0,8.375160331919318e-08,0.0007695051993826808,0.017312618315455386,0.07438253179676291,0.19423331034292668,0.4278574923614313,0.5856332606990239,0.12558643654820462,0.1362373179245394,0.1122; 0.009549; 0.005935,feature,True,True,
hr_sleep_reduction_from_wake,sleep-wake contrast,hr,sleep-wake,not_windowed,hr_sleep_reduction_from_wake,Difference between wake and sleep monitoring summaries.,bpm,float64,473,100.0,0,0.0,473,False,False,False,False,0.0,-4.452851979673369,13.401477157903994,19.87529323990678,25.809891342446548,30.85222414022042,38.54470978791888,56.78432769761884,25.5581150404889,8.029118470943347,30.57; 29.9; 21.6,feature,True,True,
hr_wake_mean_minus_sleep_mean,sleep-wake contrast,hr,sleep-wake,not_windowed,hr_wake_mean_minus_sleep_mean,Difference between wake and sleep monitoring summaries.,bpm,float64,473,100.0,0,0.0,473,False,False,False,False,0.0,-4.452851979673369,13.401477157903994,19.87529323990678,25.809891342446548,30.85222414022042,38.54470978791888,56.78432769761884,25.5581150404889,8.029118470943347,30.57; 29.9; 21.6,feature,True,True,
hr_wake_median_minus_sleep_median,sleep-wake contrast,hr,sleep-wake,not_windowed,hr_wake_median_minus_sleep_median,Difference between wake and sleep monitoring summaries.,bpm,float64,473,100.0,0,0.0,65,False,False,False,False,0.0,-2.0,11.3,19.0,24.0,30.0,38.0,56.0,24.38583509513742,8.389542858619407,28; 27.5; 18,feature,True,True,
hr_wake_p90_minus_sleep_p90,sleep-wake contrast,hr,sleep-wake,not_windowed,hr_wake_p90_minus_sleep_p90,Difference between wake and sleep monitoring summaries.,bpm,float64,473,100.0,0,0.0,169,False,False,False,False,0.0,-7.0,20.5,29.400000000000034,38.0,45.30000000000007,56.0,82.9,37.88393234672304,11.596901048277571,50; 42; 36,feature,True,True,
hr_wake_std_minus_sleep_std,sleep-wake contrast,hr,sleep-wake,not_windowed,hr_wake_std_minus_sleep_std,Difference between wake and sleep monitoring summaries.,bpm,float64,473,100.0,0,0.0,473,False,False,False,False,0.0,-0.19548573852429918,3.0829038366524806,6.683483065759281,9.03703589287601,11.56593712173844,15.363676929950742,22.17675024401938,9.129890209538559,3.691529771656516,13.59; 15.46; 11.96,feature,True,True,
stress_sleep_reduction_from_wake,sleep-wake contrast,stress,sleep-wake,not_windowed,stress_sleep_reduction_from_wake,Difference between wake and sleep monitoring summaries.,stress points,float64,473,100.0,0,0.0,473,False,False,False,False,0.0,-17.056141311789673,18.730240998345124,31.580344458297688,41.01310401310401,50.464683185347035,62.854065159271585,77.41838266838266,40.54459504364775,13.864293974787666,48.32; 39.38; 23.52,feature,True,True,
stress_wake_high_fraction_minus_sleep,sleep-wake contrast,stress,sleep-wake,not_windowed,stress_wake_high_fraction_minus_sleep,Difference between wake and sleep monitoring summaries.,stress points,float64,473,100.0,0,0.0,472,False,False,False,False,0.0,-0.12789264685745583,0.04831416310044903,0.13493975903614458,0.23803009575923392,0.37209302325581395,0.6054278152999562,0.9245901639344263,0.2700575223913905,0.17423486738502705,0.2348; 0.2679; 0.02294,feature,True,True,
stress_wake_mean_minus_sleep_mean,sleep-wake contrast,stress,sleep-wake,not_windowed,stress_wake_mean_minus_sleep_mean,Difference between wake and sleep monitoring summaries.,stress points,float64,473,100.0,0,0.0,473,False,False,False,False,0.0,-17.056141311789673,18.730240998345124,31.580344458297688,41.01310401310401,50.464683185347035,62.854065159271585,77.41838266838266,40.54459504364775,13.864293974787666,48.32; 39.38; 23.52,feature,True,True,
stress_wake_median_minus_sleep_median,sleep-wake contrast,stress,sleep-wake,not_windowed,stress_wake_median_minus_sleep_median,Difference between wake and sleep monitoring summaries.,stress points,float64,473,100.0,0,0.0,104,False,False,False,False,0.0,-25.5,14.0,29.0,44.0,56.5,70.0,85.0,42.72410147991543,18.154187237551742,50; 29.5; 19,feature,True,True,
stress_wake_medium_or_high_fraction_minus_sleep,sleep-wake contrast,stress,sleep-wake,not_windowed,stress_wake_medium_or_high_fraction_minus_sleep,Difference between wake and sleep monitoring summaries.,stress points,float64,473,100.0,0,0.0,473,False,False,False,False,0.0,-0.3214204208316217,0.20119682321942553,0.393582741937054,0.54184932584109,0.6946460980036298,0.8577807237157797,0.9655412283678317,0.5367280936933714,0.20657413860218699,0.5329; 0.4095; 0.1923,feature,True,True,
stress_wake_p90_minus_sleep_p90,sleep-wake contrast,stress,sleep-wake,not_windowed,stress_wake_p90_minus_sleep_p90,Difference between wake and sleep monitoring summaries.,stress points,float64,473,100.0,0,0.0,160,False,False,False,False,0.0,-11.0,31.0,49.39999999999998,60.700000000000045,67.0,75.0,82.0,57.65644820295983,13.952941359641107,75; 73; 42,feature,True,True,
sleep_frac_hr_below_zone1_stress_high,HR/stress coupling,hr+stress,sleep,sleep_phase,sleep_frac_hr_below_zone1_stress_high,Same-minute paired HR/stress feature using only valid HR and valid numeric stress rows.,fraction 0..1,float64,473,100.0,0,0.0,110,False,False,False,False,76.53276955602537,0.0,0.0,0.0,0.0,0.0,0.014335117332235485,0.21967213114754097,0.002584741465397442,0.011508374971913718,0; 0.003509; 0.008264,feature,True,True,requires paired valid HR and stress minutes
sleep_frac_hr_zone1_plus_stress_elevated,HR/stress coupling,hr+stress,sleep,sleep_phase,sleep_frac_hr_zone1_plus_stress_elevated,Same-minute paired HR/stress feature using only valid HR and valid numeric stress rows.,fraction 0..1,float64,473,100.0,0,0.0,9,False,False,False,True,98.30866807610994,0.0,0.0,0.0,0.0,0.0,0.0,0.014285714285714285,7.960461320271805e-05,0.0007881385558664683,0; 0.002278; 0.001931,feature,True,True,sparse or rare-event style feature; requires paired valid HR and stress minutes
sleep_frac_hr_zone1_plus_stress_low_or_resting,HR/stress coupling,hr+stress,sleep,sleep_phase,sleep_frac_hr_zone1_plus_stress_low_or_resting,Same-minute paired HR/stress feature using only valid HR and valid numeric stress rows.,fraction 0..1,float64,473,100.0,0,0.0,1,False,True,False,True,100.0,0.0,0.0,0.0,0.0,0.0,0.0,0.0,0.0,0.0,0,feature,True,False,constant among non-null values; sparse or rare-event style feature; requires paired valid HR and stress minutes
sleep_frac_hr_zone2_plus_stress_elevated,HR/stress coupling,hr+stress,sleep,sleep_phase,sleep_frac_hr_zone2_plus_stress_elevated,Same-minute paired HR/stress feature using only valid HR and valid numeric stress rows.,fraction 0..1,float64,473,100.0,0,0.0,1,False,True,False,True,100.0,0.0,0.0,0.0,0.0,0.0,0.0,0.0,0.0,0.0,0,feature,True,False,constant among non-null values; sparse or rare-event style feature; requires paired valid HR and stress minutes
sleep_hr_diff_stress_diff_corr,HR/stress coupling,hr+stress,sleep,sleep_phase,diff_stress_diff_corr,Same-minute paired HR/stress feature using only valid HR and valid numeric stress rows.,correlation -1..1,float64,473,100.0,0,0.0,473,False,False,False,False,0.0,-0.1957198925773255,-0.08961122315296433,0.17661861363674622,0.38481679876202163,0.6532861221070755,0.8046628061211292,0.8666159392981929,0.3934146807637474,0.2832192294492841,0.7071; 0.7786; 0.7994,feature,True,True,requires paired valid HR and stress minutes
sleep_hr_stress_corr,HR/stress coupling,hr+stress,sleep,sleep_phase,stress_corr,Same-minute paired HR/stress feature using only valid HR and valid numeric stress rows.,correlation -1..1,float64,473,100.0,0,0.0,473,False,False,False,False,0.0,0.4585651874938085,0.6624813774375806,0.770667806883356,0.8307769017351005,0.8888543751039587,0.9298618469443335,0.9706307617761863,0.8197460619938212,0.08499753120329821,0.846; 0.9116; 0.9118,feature,True,True,requires paired valid HR and stress minutes
sleep_paired_hr_stress_coverage_fraction,HR/stress coupling,hr+stress,sleep,sleep_phase,sleep_paired_hr_stress_coverage_fraction,Same-minute paired HR/stress feature using only valid HR and valid numeric stress rows.,fraction 0..1,float64,473,100.0,0,0.0,463,False,False,False,False,0.0,0.12773722627737227,0.5688271864883075,0.6306729264475743,0.6691729323308271,0.7052238805970149,0.7444402980354454,0.7894736842105263,0.6638842282129772,0.06208453191214166,0.6392; 0.6292; 0.6465,feature,True,True,requires paired valid HR and stress minutes
sleep_paired_hr_stress_valid_minutes,HR/stress coupling,hr+stress,sleep,sleep_phase,sleep_paired_hr_stress_valid_minutes,Same-minute paired HR/stress feature using only valid HR and valid numeric stress rows.,minutes,int64,473,100.0,0,0.0,246,False,False,False,False,0.0,70.0,185.6,287.0,343.0,393.0,465.0,518.0,336.5708245243129,81.3952052935227,303; 285; 342,feature,True,True,requires paired valid HR and stress minutes
sleep_stress_hr_r2,HR/stress coupling,hr+stress,sleep,sleep_phase,hr_r2,Same-minute paired HR/stress feature using only valid HR and valid numeric stress rows.,r2 0..1,float64,473,100.0,0,0.0,473,False,False,False,False,0.0,0.2102820311812318,0.43888206654653544,0.5939288685664015,0.690190260456573,0.7900621001414488,0.8646430568865296,0.9421240757062197,0.6792081864650332,0.13376780348064823,0.7157; 0.831; 0.8315,feature,True,True,requires paired valid HR and stress minutes
sleep_stress_hr_slope,HR/stress coupling,hr+stress,sleep,sleep_phase,hr_slope,Same-minute paired HR/stress feature using only valid HR and valid numeric stress rows.,mixed,float64,473,100.0,0,0.0,473,False,False,False,False,0.0,0.5745929864265645,0.9733093341652475,1.2266425232088114,1.4154835670026562,1.670263878111453,1.9829340631543835,3.348842979617223,1.4510751413929475,0.3277480290906822,1.413; 1.629; 1.504,feature,True,True,requires paired valid HR and stress minutes
wake_frac_hr_below_zone1_stress_high,HR/stress coupling,hr+stress,wake,wake_phase,wake_frac_hr_below_zone1_stress_high,Same-minute paired HR/stress feature using only valid HR and valid numeric stress rows.,fraction 0..1,float64,473,100.0,0,0.0,469,False,False,False,False,0.0,0.0031847133757961785,0.05417004048582996,0.12683823529411764,0.20821114369501467,0.30985915492957744,0.4934687298517084,0.7244367417677643,0.23352621211346056,0.13886216155467485,0.1802; 0.1992; 0.02394,feature,True,True,requires paired valid HR and stress minutes
wake_frac_hr_zone1_plus_stress_elevated,HR/stress coupling,hr+stress,wake,wake_phase,wake_frac_hr_zone1_plus_stress_elevated,Same-minute paired HR/stress feature using only valid HR and valid numeric stress rows.,fraction 0..1,float64,473,100.0,0,0.0,439,False,False,False,False,4.862579281183932,0.0,0.0012655086848635236,0.010080645161290322,0.027476255088195387,0.06116642958748222,0.1678543554243442,0.42201834862385323,0.04715606091462279,0.055370694216422135,0.0636; 0.08652; 0.003683,feature,True,True,requires paired valid HR and stress minutes
wake_frac_hr_zone1_plus_stress_low_or_resting,HR/stress coupling,hr+stress,wake,wake_phase,wake_frac_hr_zone1_plus_stress_low_or_resting,Same-minute paired HR/stress feature using only valid HR and valid numeric stress rows.,fraction 0..1,float64,473,100.0,0,0.0,9,False,False,False,True,98.09725158562368,0.0,0.0,0.0,0.0,0.0,0.0,0.0033783783783783786,2.8835633701482298e-05,0.00023573648658868512,0; 0.0007062; 0.001124,feature,True,True,sparse or rare-event style feature; requires paired valid HR and stress minutes
wake_frac_hr_zone2_plus_stress_elevated,HR/stress coupling,hr+stress,wake,wake_phase,wake_frac_hr_zone2_plus_stress_elevated,Same-minute paired HR/stress feature using only valid HR and valid numeric stress rows.,fraction 0..1,float64,473,100.0,0,0.0,180,False,False,False,False,60.887949260042284,0.0,0.0,0.0,0.0,0.0022865853658536584,0.012153545119705341,0.06422018348623854,0.002463989647277525,0.005997022645969703,0; 0.006036; 0.002392,feature,True,True,requires paired valid HR and stress minutes
wake_hr_diff_stress_diff_corr,HR/stress coupling,hr+stress,wake,wake_phase,diff_stress_diff_corr,Same-minute paired HR/stress feature using only valid HR and valid numeric stress rows.,correlation -1..1,float64,473,100.0,0,0.0,473,False,False,False,False,0.0,-0.06958793568406621,0.17496958948086758,0.34485454023556494,0.4464295536802624,0.5674447739653291,0.7232628504713509,0.8628333318881045,0.44936059298297193,0.16518308251221667,0.6797; 0.6478; 0.328,feature,True,True,requires paired valid HR and stress minutes
wake_hr_stress_corr,HR/stress coupling,hr+stress,wake,wake_phase,stress_corr,Same-minute paired HR/stress feature using only valid HR and valid numeric stress rows.,correlation -1..1,float64,473,100.0,0,0.0,473,False,False,False,False,0.0,0.7109406371567856,0.8110822486218597,0.8677997857702348,0.8986135897980347,0.9176410013216052,0.945521145643064,0.9765947961129943,0.8908692222957861,0.04030348655072839,0.9224; 0.947; 0.8698,feature,True,True,requires paired valid HR and stress minutes
wake_paired_hr_stress_coverage_fraction,HR/stress coupling,hr+stress,wake,wake_phase,wake_paired_hr_stress_coverage_fraction,Same-minute paired HR/stress feature using only valid HR and valid numeric stress rows.,fraction 0..1,float64,473,100.0,0,0.0,472,False,False,False,False,0.0,0.0012879757025124228,0.19719812078496984,0.5444664031620553,0.628632938643703,0.6869881710646042,0.7717842589747358,0.846382556987116,0.5889102049574403,0.16542428744219295,0.5654; 0.5293; 0.582,feature,True,True,requires paired valid HR and stress minutes
wake_paired_hr_stress_valid_minutes,HR/stress coupling,hr+stress,wake,wake_phase,wake_paired_hr_stress_valid_minutes,Same-minute paired HR/stress feature using only valid HR and valid numeric stress rows.,minutes,int64,473,100.0,0,0.0,302,False,False,False,False,0.0,83.0,336.8,522.0,596.0,685.0,931.0,5896.0,637.3446088794926,334.53551412186323,566; 497; 543,feature,True,True,requires paired valid HR and stress minutes
wake_stress_hr_r2,HR/stress coupling,hr+stress,wake,wake_phase,hr_r2,Same-minute paired HR/stress feature using only valid HR and valid numeric stress rows.,r2 0..1,float64,473,100.0,0,0.0,473,False,False,False,False,0.0,0.5054365895608965,0.6578561964774576,0.7530764681828652,0.807506383769711,0.8420650073065181,0.8940103142808062,0.9537373957949807,0.7952723422620437,0.07034455545302144,0.8509; 0.8969; 0.7566,feature,True,True,requires paired valid HR and stress minutes
wake_stress_hr_slope,HR/stress coupling,hr+stress,wake,wake_phase,hr_slope,Same-minute paired HR/stress feature using only valid HR and valid numeric stress rows.,mixed,float64,473,100.0,0,0.0,473,False,False,False,False,0.0,0.9214691071513857,1.3773894204239188,1.6770562290253164,1.817540915158029,1.9534231650790685,2.140021730685214,2.352741579417287,1.7999256824127856,0.23296246715771526,1.731; 1.695; 1.754,feature,True,True,requires paired valid HR and stress minutes
sleep_stress_large_motion_proxy_fraction,raw stress status,stress,sleep,sleep_phase,large_motion_proxy_fraction,Raw stress status/proxy feature; negative raw values are not treated as numeric stress.,fraction 0..1,float64,473,100.0,0,0.0,217,False,False,False,False,50.7399577167019,0.0,0.0,0.0,0.0,0.003875968992248062,0.011066961000735833,0.12992125984251968,0.0032689876009545857,0.009172952080932727,0; 0.01104; 0.005671,diagnostic,True,True,raw status/proxy only; not numeric stress
sleep_stress_large_motion_proxy_minutes,raw stress status,stress,sleep,sleep_phase,large_motion_proxy_minutes,Raw stress status/proxy feature; negative raw values are not treated as numeric stress.,minutes,int64,473,100.0,0,0.0,15,False,False,False,False,50.7399577167019,0.0,0.0,0.0,0.0,2.0,5.399999999999977,66.0,1.5264270613107822,4.129489590043575,0; 5; 3,diagnostic,True,True,raw status/proxy only; not numeric stress
sleep_stress_raw_minus_1_count,raw stress status,stress,sleep,sleep_phase,raw_minus_1_count,Raw stress status/proxy feature; negative raw values are not treated as numeric stress.,count,int64,473,100.0,0,0.0,70,False,False,False,False,11.627906976744185,0.0,0.0,2.0,9.0,23.0,57.0,98.0,16.086680761099366,18.741224646346073,4; 15; 5,diagnostic,True,True,raw status/proxy only; not numeric stress
sleep_stress_raw_minus_1_fraction,raw stress status,stress,sleep,sleep_phase,raw_minus_1_fraction,Raw stress status/proxy feature; negative raw values are not treated as numeric stress.,fraction 0..1,float64,473,100.0,0,0.0,408,False,False,False,False,11.627906976744185,0.0,0.0,0.005136986301369863,0.02,0.04339250493096647,0.10551495016611295,0.1991869918699187,0.03181506927344595,0.03673049731827966,0.008439; 0.03311; 0.009452,diagnostic,True,True,raw status/proxy only; not numeric stress
sleep_stress_raw_minus_2_count,raw stress status,stress,sleep,sleep_phase,raw_minus_2_count,Raw stress status/proxy feature; negative raw values are not treated as numeric stress.,count,int64,473,100.0,0,0.0,15,False,False,False,False,50.7399577167019,0.0,0.0,0.0,0.0,2.0,5.399999999999977,66.0,1.5264270613107822,4.129489590043575,0; 5; 3,diagnostic,True,True,raw status/proxy only; not numeric stress
sleep_stress_raw_minus_2_fraction,raw stress status,stress,sleep,sleep_phase,raw_minus_2_fraction,Raw stress status/proxy feature; negative raw values are not treated as numeric stress.,fraction 0..1,float64,473,100.0,0,0.0,217,False,False,False,False,50.7399577167019,0.0,0.0,0.0,0.0,0.003875968992248062,0.011066961000735833,0.12992125984251968,0.0032689876009545857,0.009172952080932727,0; 0.01104; 0.005671,diagnostic,True,True,raw status/proxy only; not numeric stress
sleep_stress_raw_negative_count,raw stress status,stress,sleep,sleep_phase,raw_negative_count,Raw stress status/proxy feature; negative raw values are not treated as numeric stress.,count,int64,473,100.0,0,0.0,78,False,False,False,False,7.822410147991543,0.0,0.0,3.0,11.0,25.0,59.0,106.0,17.613107822410146,19.430485339582095,4; 20; 8,diagnostic,True,True,raw status/proxy only; not numeric stress
sleep_stress_raw_negative_fraction,raw stress status,stress,sleep,sleep_phase,raw_negative_fraction,Raw stress status/proxy feature; negative raw values are not treated as numeric stress.,fraction 0..1,float64,473,100.0,0,0.0,427,False,False,False,False,7.822410147991543,0.0,0.0,0.007434944237918215,0.022821576763485476,0.047839506172839504,0.1086364725617062,0.20866141732283464,0.03508405687440054,0.03827935700078157,0.008439; 0.04415; 0.01512,diagnostic,True,True,raw status/proxy only; not numeric stress
sleep_stress_raw_valid_fraction,raw stress status,stress,sleep,sleep_phase,raw_valid_fraction,Raw stress status/proxy feature; negative raw values are not treated as numeric stress.,fraction 0..1,float64,473,100.0,0,0.0,427,False,False,False,False,0.0,0.7913385826771654,0.8913635274382938,0.9521604938271605,0.9771784232365145,0.9925650557620818,1.0,1.0,0.9649159431255994,0.03827935700078157,0.9916; 0.9558; 0.9849,diagnostic,True,True,raw status/proxy only; not numeric stress
wake_stress_large_motion_proxy_fraction,raw stress status,stress,wake,wake_phase,large_motion_proxy_fraction,Raw stress status/proxy feature; negative raw values are not treated as numeric stress.,fraction 0..1,float64,473,100.0,0,0.0,472,False,False,False,False,0.0,0.007255139056831923,0.0513816582505294,0.12144420131291028,0.1713810316139767,0.22877697841726619,0.36095730363377476,0.6452889944576405,0.18339419190385514,0.09538623213509279,0.2958; 0.1732; 0.256,diagnostic,True,True,raw status/proxy only; not numeric stress
wake_stress_large_motion_proxy_minutes,raw stress status,stress,wake,wake_phase,large_motion_proxy_minutes,Raw stress status/proxy feature; negative raw values are not treated as numeric stress.,minutes,int64,473,100.0,0,0.0,260,False,False,False,False,0.0,6.0,45.6,118.0,168.0,231.0,357.4,1630.0,187.6997885835095,133.59015112558475,289; 160; 236,diagnostic,True,True,raw status/proxy only; not numeric stress
wake_stress_raw_minus_1_count,raw stress status,stress,wake,wake_phase,raw_minus_1_count,Raw stress status/proxy feature; negative raw values are not treated as numeric stress.,count,int64,473,100.0,0,0.0,175,False,False,False,False,0.0,1.0,14.0,32.0,48.0,87.0,600.3999999999992,19361.0,185.25158562367864,1049.848257495332,45; 194; 32,diagnostic,True,True,raw status/proxy only; not numeric stress
wake_stress_raw_minus_1_fraction,raw stress status,stress,wake,wake_phase,raw_minus_1_fraction,Raw stress status/proxy feature; negative raw values are not treated as numeric stress.,fraction 0..1,float64,473,100.0,0,0.0,469,False,False,False,False,0.0,0.0014285714285714286,0.0163919836508669,0.03406813627254509,0.05120481927710843,0.08547008547008547,0.37079211467111794,0.9144624976383904,0.09413542959600184,0.12916323117483583,0.04606; 0.21; 0.03471,diagnostic,True,True,raw status/proxy only; not numeric stress
wake_stress_raw_minus_2_count,raw stress status,stress,wake,wake_phase,raw_minus_2_count,Raw stress status/proxy feature; negative raw values are not treated as numeric stress.,count,int64,473,100.0,0,0.0,260,False,False,False,False,0.0,6.0,45.6,118.0,168.0,231.0,357.4,1630.0,187.6997885835095,133.59015112558475,289; 160; 236,diagnostic,True,True,raw status/proxy only; not numeric stress
wake_stress_raw_minus_2_fraction,raw stress status,stress,wake,wake_phase,raw_minus_2_fraction,Raw stress status/proxy feature; negative raw values are not treated as numeric stress.,fraction 0..1,float64,473,100.0,0,0.0,472,False,False,False,False,0.0,0.007255139056831923,0.0513816582505294,0.12144420131291028,0.1713810316139767,0.22877697841726619,0.36095730363377476,0.6452889944576405,0.18339419190385514,0.09538623213509279,0.2958; 0.1732; 0.256,diagnostic,True,True,raw status/proxy only; not numeric stress
wake_stress_raw_negative_count,raw stress status,stress,wake,wake_phase,raw_negative_count,Raw stress status/proxy feature; negative raw values are not treated as numeric stress.,count,int64,473,100.0,0,0.0,306,False,False,False,False,0.0,28.0,76.0,164.0,233.0,326.0,794.5999999999996,19704.0,372.95137420718817,1073.0739645359586,334; 354; 268,diagnostic,True,True,raw status/proxy only; not numeric stress
wake_stress_raw_negative_fraction,raw stress status,stress,wake,wake_phase,raw_negative_fraction,Raw stress status/proxy feature; negative raw values are not treated as numeric stress.,fraction 0..1,float64,473,100.0,0,0.0,472,False,False,False,False,0.0,0.03369672943508424,0.09116176137452733,0.183187946074544,0.25216450216450215,0.3369098712446352,0.5895994805953272,0.933883586965867,0.27752962149985694,0.1452724663607953,0.3419; 0.3831; 0.2907,diagnostic,True,True,raw status/proxy only; not numeric stress
wake_stress_raw_valid_fraction,raw stress status,stress,wake,wake_phase,raw_valid_fraction,Raw stress status/proxy feature; negative raw values are not treated as numeric stress.,fraction 0..1,float64,473,100.0,0,0.0,472,False,False,False,False,0.0,0.06611641303413292,0.41040051940467276,0.6630901287553648,0.7478354978354979,0.816812053925456,0.9088382386254726,0.9663032705649157,0.722470378500143,0.1452724663607953,0.6581; 0.6169; 0.7093,diagnostic,True,True,raw status/proxy only; not numeric stress
