feature_set,feature_order,feature,source,dtype,non_null_count,missing_pct,modeling_non_null_count,modeling_missing_pct,family,phase,window,metric,candidate_model_feature,aggregate_review_group,included_in_aggregate_plus_monitoring_full
aggregate_stage3_baseline,1,agg__totalSteps,aggregate Stage 3,Int64,582,1.1884550084889642,472,0.0,non_overlapping_day_context,aggregate,day_D,totalSteps,True,non_overlapping_day_context,True
aggregate_stage3_baseline,2,agg__totalDistanceMeters,aggregate Stage 3,Int64,582,1.1884550084889642,472,0.0,non_overlapping_day_context,aggregate,day_D,totalDistanceMeters,True,non_overlapping_day_context,True
aggregate_stage3_baseline,3,agg__activeKilocalories,aggregate Stage 3,Int64,582,1.1884550084889642,472,0.0,non_overlapping_day_context,aggregate,day_D,activeKilocalories,True,non_overlapping_day_context,True
aggregate_stage3_baseline,4,agg__active_hours,aggregate Stage 3,Float64,582,1.1884550084889642,472,0.0,non_overlapping_day_context,aggregate,day_D,active_hours,True,non_overlapping_day_context,True
aggregate_stage3_baseline,5,agg__highly_active_hours,aggregate Stage 3,Float64,582,1.1884550084889642,472,0.0,non_overlapping_day_context,aggregate,day_D,highly_active_hours,True,non_overlapping_day_context,True
aggregate_stage3_baseline,6,agg__restingHeartRate,aggregate Stage 3,Int64,581,1.3582342954159592,472,0.0,direct_monitoring_overlap,aggregate,day_D,restingHeartRate,True,direct_monitoring_overlap,False
aggregate_stage3_baseline,7,agg__minHeartRate,aggregate Stage 3,Int64,582,1.1884550084889642,472,0.0,direct_monitoring_overlap,aggregate,day_D,minHeartRate,True,direct_monitoring_overlap,False
aggregate_stage3_baseline,8,agg__maxHeartRate,aggregate Stage 3,Int64,582,1.1884550084889642,472,0.0,direct_monitoring_overlap,aggregate,day_D,maxHeartRate,True,direct_monitoring_overlap,False
aggregate_stage3_baseline,9,agg__bodyBatteryLowest,aggregate Stage 3,Int64,582,1.1884550084889642,472,0.0,non_overlapping_day_context,aggregate,day_D,bodyBatteryLowest,True,non_overlapping_day_context,True
aggregate_stage3_baseline,10,agg__bodyBatteryHighest,aggregate Stage 3,Int64,582,1.1884550084889642,472,0.0,non_overlapping_day_context,aggregate,day_D,bodyBatteryHighest,True,non_overlapping_day_context,True
aggregate_stage3_baseline,11,agg__bodyBattery_chargedValue,aggregate Stage 3,Int64,582,1.1884550084889642,472,0.0,non_overlapping_day_context,aggregate,day_D,bodyBattery_chargedValue,True,non_overlapping_day_context,True
aggregate_stage3_baseline,12,agg__bodyBattery_drainedValue,aggregate Stage 3,Int64,582,1.1884550084889642,472,0.0,non_overlapping_day_context,aggregate,day_D,bodyBattery_drainedValue,True,non_overlapping_day_context,True
aggregate_stage3_baseline,13,agg__bodyBatteryNetBalance,aggregate Stage 3,Int64,582,1.1884550084889642,472,0.0,non_overlapping_day_context,aggregate,day_D,bodyBatteryNetBalance,True,non_overlapping_day_context,True
aggregate_stage3_baseline,14,agg__floorsAscendedInMeters,aggregate Stage 3,Float64,582,1.1884550084889642,472,0.0,non_overlapping_day_context,aggregate,day_D,floorsAscendedInMeters,True,non_overlapping_day_context,True
aggregate_stage3_baseline,15,agg__floorsDescendedInMeters,aggregate Stage 3,Float64,582,1.1884550084889642,472,0.0,non_overlapping_day_context,aggregate,day_D,floorsDescendedInMeters,True,non_overlapping_day_context,True
aggregate_stage3_baseline,16,agg__weekday_name,aggregate Stage 3,str,582,1.1884550084889642,472,0.0,non_overlapping_day_context,aggregate,day_D,weekday_name,True,non_overlapping_day_context,True
aggregate_stage3_baseline,17,agg__awakeAverageStressLevel,aggregate Stage 3,Int64,582,1.1884550084889642,472,0.0,direct_monitoring_overlap,aggregate,day_D,awakeAverageStressLevel,True,direct_monitoring_overlap,False
aggregate_stage3_baseline,18,agg__awakeActivityHours,aggregate Stage 3,Float64,582,1.1884550084889642,472,0.0,direct_monitoring_overlap,aggregate,day_D,awakeActivityHours,True,direct_monitoring_overlap,False
aggregate_stage3_baseline,19,agg__awakeLowStressHours,aggregate Stage 3,Float64,582,1.1884550084889642,472,0.0,direct_monitoring_overlap,aggregate,day_D,awakeLowStressHours,True,direct_monitoring_overlap,False
aggregate_stage3_baseline,20,agg__awakeMediumStressHours,aggregate Stage 3,Float64,582,1.1884550084889642,472,0.0,direct_monitoring_overlap,aggregate,day_D,awakeMediumStressHours,True,direct_monitoring_overlap,False
aggregate_stage3_baseline,21,agg__awakeHighStressHours,aggregate Stage 3,Float64,581,1.3582342954159592,472,0.0,direct_monitoring_overlap,aggregate,day_D,awakeHighStressHours,True,direct_monitoring_overlap,False
aggregate_stage3_baseline,22,agg__awakeRestHours,aggregate Stage 3,Float64,572,2.886247877758913,469,0.6355932203389831,direct_monitoring_overlap,aggregate,day_D,awakeRestHours,True,direct_monitoring_overlap,False
aggregate_stage3_baseline,23,agg__awakeUncatHours,aggregate Stage 3,Float64,581,1.3582342954159592,472,0.0,direct_monitoring_overlap,aggregate,day_D,awakeUncatHours,True,direct_monitoring_overlap,False
aggregate_stage3_baseline,24,agg__awakeMeasuredHours,aggregate Stage 3,Float64,582,1.1884550084889642,472,0.0,direct_monitoring_overlap,aggregate,day_D,awakeMeasuredHours,True,direct_monitoring_overlap,False
aggregate_stage3_baseline,25,agg__awakeActivityShare,aggregate Stage 3,float64,582,1.1884550084889642,472,0.0,direct_monitoring_overlap,aggregate,day_D,awakeActivityShare,True,direct_monitoring_overlap,False
aggregate_stage3_baseline,26,agg__awakeLowStressShare,aggregate Stage 3,float64,582,1.1884550084889642,472,0.0,direct_monitoring_overlap,aggregate,day_D,awakeLowStressShare,True,direct_monitoring_overlap,False
aggregate_stage3_baseline,27,agg__awakeMediumStressShare,aggregate Stage 3,float64,582,1.1884550084889642,472,0.0,direct_monitoring_overlap,aggregate,day_D,awakeMediumStressShare,True,direct_monitoring_overlap,False
aggregate_stage3_baseline,28,agg__awakeHighStressShare,aggregate Stage 3,float64,581,1.3582342954159592,472,0.0,direct_monitoring_overlap,aggregate,day_D,awakeHighStressShare,True,direct_monitoring_overlap,False
aggregate_stage3_baseline,29,agg__awakeRestShare,aggregate Stage 3,float64,572,2.886247877758913,469,0.6355932203389831,direct_monitoring_overlap,aggregate,day_D,awakeRestShare,True,direct_monitoring_overlap,False
aggregate_stage3_baseline,30,agg__awakeUncatShare,aggregate Stage 3,float64,581,1.3582342954159592,472,0.0,direct_monitoring_overlap,aggregate,day_D,awakeUncatShare,True,direct_monitoring_overlap,False
aggregate_stage3_baseline,31,agg__moderateIntensityMinutes,aggregate Stage 3,Int64,582,1.1884550084889642,472,0.0,non_overlapping_day_context,aggregate,day_D,moderateIntensityMinutes,True,non_overlapping_day_context,True
aggregate_stage3_baseline,32,agg__vigorousIntensityMinutes,aggregate Stage 3,Int64,582,1.1884550084889642,472,0.0,non_overlapping_day_context,aggregate,day_D,vigorousIntensityMinutes,True,non_overlapping_day_context,True
aggregate_stage3_baseline,33,next_sleep_start_hour_local_wrapped,aggregate Stage 3,float64,524,11.03565365025467,472,0.0,schedule/context,wake/pre-sleep,next_sleep_boundary,start_hour_local_wrapped,True,,True
monitoring_core_wake_pre_sleep,1,wake_hr_mean,monitoring core v0,float64,557,5.432937181663837,472,0.0,distribution/shape,wake,wake_phase,mean,True,,True
monitoring_core_wake_pre_sleep,2,wake_hr_median,monitoring core v0,float64,557,5.432937181663837,472,0.0,distribution/shape,wake,wake_phase,median,True,,True
monitoring_core_wake_pre_sleep,3,wake_hr_std,monitoring core v0,float64,557,5.432937181663837,472,0.0,distribution/shape,wake,wake_phase,std,True,,True
monitoring_core_wake_pre_sleep,4,wake_hr_p90,monitoring core v0,float64,557,5.432937181663837,472,0.0,distribution/shape,wake,wake_phase,p90,True,,True
monitoring_core_wake_pre_sleep,5,wake_hr_histogram_entropy,monitoring core v0,float64,557,5.432937181663837,472,0.0,distribution/shape,wake,wake_phase,histogram_entropy,True,,True
monitoring_core_wake_pre_sleep,6,wake_stress_mean,monitoring core v0,float64,557,5.432937181663837,472,0.0,distribution/shape,wake,wake_phase,mean,True,,True
monitoring_core_wake_pre_sleep,7,wake_stress_median,monitoring core v0,float64,557,5.432937181663837,472,0.0,distribution/shape,wake,wake_phase,median,True,,True
monitoring_core_wake_pre_sleep,8,wake_stress_std,monitoring core v0,float64,557,5.432937181663837,472,0.0,distribution/shape,wake,wake_phase,std,True,,True
monitoring_core_wake_pre_sleep,9,wake_stress_p90,monitoring core v0,float64,557,5.432937181663837,472,0.0,distribution/shape,wake,wake_phase,p90,True,,True
monitoring_core_wake_pre_sleep,10,wake_stress_histogram_entropy,monitoring core v0,float64,557,5.432937181663837,472,0.0,distribution/shape,wake,wake_phase,histogram_entropy,True,,True
monitoring_core_wake_pre_sleep,11,wake_stress_frac_resting,monitoring core v0,float64,557,5.432937181663837,472,0.0,stress state fractions,wake,wake_phase,frac_resting,True,,True
monitoring_core_wake_pre_sleep,12,wake_stress_frac_low,monitoring core v0,float64,557,5.432937181663837,472,0.0,stress state fractions,wake,wake_phase,frac_low,True,,True
monitoring_core_wake_pre_sleep,13,wake_stress_frac_medium,monitoring core v0,float64,557,5.432937181663837,472,0.0,stress state fractions,wake,wake_phase,frac_medium,True,,True
monitoring_core_wake_pre_sleep,14,wake_stress_frac_high,monitoring core v0,float64,557,5.432937181663837,472,0.0,stress state fractions,wake,wake_phase,frac_high,True,,True
monitoring_core_wake_pre_sleep,15,wake_stress_frac_active,monitoring core v0,float64,557,5.432937181663837,472,0.0,stress state fractions,wake,wake_phase,frac_active,True,,True
monitoring_core_wake_pre_sleep,16,wake_hr_frac_below_zone1,monitoring core v0,float64,557,5.432937181663837,472,0.0,HR MHR zones,wake,wake_phase,frac_below_zone1,True,,True
monitoring_core_wake_pre_sleep,17,wake_hr_frac_zone1,monitoring core v0,float64,557,5.432937181663837,472,0.0,HR MHR zones,wake,wake_phase,frac_zone1,True,,True
monitoring_core_wake_pre_sleep,18,wake_hr_frac_zone2,monitoring core v0,float64,557,5.432937181663837,472,0.0,HR MHR zones,wake,wake_phase,frac_zone2,True,,True
monitoring_core_wake_pre_sleep,19,wake_hr_frac_zone3,monitoring core v0,float64,557,5.432937181663837,472,0.0,HR MHR zones,wake,wake_phase,frac_zone3,True,,True
monitoring_core_wake_pre_sleep,20,wake_hr_frac_zone4,monitoring core v0,float64,557,5.432937181663837,472,0.0,HR MHR zones,wake,wake_phase,frac_zone4,True,,True
monitoring_core_wake_pre_sleep,21,wake_hr_frac_zone5,monitoring core v0,float64,557,5.432937181663837,472,0.0,HR MHR zones,wake,wake_phase,frac_zone5,True,,True
monitoring_core_wake_pre_sleep,22,wake_hr_frac_above_mhr,monitoring core v0,float64,557,5.432937181663837,472,0.0,HR MHR zones,wake,wake_phase,frac_above_mhr,False,,False
monitoring_core_wake_pre_sleep,23,wake_hr_mean_abs_diff,monitoring core v0,float64,557,5.432937181663837,472,0.0,variability/gaps,wake,wake_phase,mean_abs_diff,True,,True
monitoring_core_wake_pre_sleep,24,wake_hr_roughness,monitoring core v0,float64,557,5.432937181663837,472,0.0,variability/gaps,wake,wake_phase,roughness,True,,True
monitoring_core_wake_pre_sleep,25,wake_stress_mean_abs_diff,monitoring core v0,float64,557,5.432937181663837,472,0.0,variability/gaps,wake,wake_phase,mean_abs_diff,True,,True
monitoring_core_wake_pre_sleep,26,wake_stress_roughness,monitoring core v0,float64,557,5.432937181663837,472,0.0,variability/gaps,wake,wake_phase,roughness,True,,True
monitoring_core_wake_pre_sleep,27,wake_hr_slope_per_hour,monitoring core v0,float64,557,5.432937181663837,472,0.0,trends,wake,wake_phase,slope_per_hour,True,,True
monitoring_core_wake_pre_sleep,28,wake_hr_trend_r2,monitoring core v0,float64,557,5.432937181663837,472,0.0,trends,wake,wake_phase,trend_r2,True,,True
monitoring_core_wake_pre_sleep,29,wake_stress_slope_per_hour,monitoring core v0,float64,557,5.432937181663837,472,0.0,trends,wake,wake_phase,slope_per_hour,True,,True
monitoring_core_wake_pre_sleep,30,wake_stress_trend_r2,monitoring core v0,float64,557,5.432937181663837,472,0.0,trends,wake,wake_phase,trend_r2,True,,True
monitoring_core_wake_pre_sleep,31,pre_sleep_4h_hr_slope_per_hour,monitoring core v0,float64,523,11.205432937181664,472,0.0,trends,wake/pre-sleep,pre_sleep_4h,slope_per_hour,True,,True
monitoring_core_wake_pre_sleep,32,pre_sleep_4h_hr_trend_r2,monitoring core v0,float64,523,11.205432937181664,472,0.0,trends,wake/pre-sleep,pre_sleep_4h,trend_r2,True,,True
monitoring_core_wake_pre_sleep,33,pre_sleep_4h_stress_slope_per_hour,monitoring core v0,float64,523,11.205432937181664,472,0.0,trends,wake/pre-sleep,pre_sleep_4h,slope_per_hour,True,,True
monitoring_core_wake_pre_sleep,34,pre_sleep_4h_stress_trend_r2,monitoring core v0,float64,523,11.205432937181664,472,0.0,trends,wake/pre-sleep,pre_sleep_4h,trend_r2,True,,True
monitoring_core_wake_pre_sleep,35,wake_q1_hr_mean,monitoring core v0,float64,537,8.828522920203735,472,0.0,relative windows,wake,wake_q1,hr_mean,True,,True
monitoring_core_wake_pre_sleep,36,wake_q1_stress_mean,monitoring core v0,float64,536,8.998302207130731,472,0.0,relative windows,wake,wake_q1,stress_mean,True,,True
monitoring_core_wake_pre_sleep,37,wake_q1_stress_high_fraction,monitoring core v0,float64,536,8.998302207130731,472,0.0,relative windows,wake,wake_q1,stress_high_fraction,True,,True
monitoring_core_wake_pre_sleep,38,wake_q2_hr_mean,monitoring core v0,float64,528,10.35653650254669,472,0.0,relative windows,wake,wake_q2,hr_mean,True,,True
monitoring_core_wake_pre_sleep,39,wake_q2_stress_mean,monitoring core v0,float64,526,10.69609507640068,470,0.423728813559322,relative windows,wake,wake_q2,stress_mean,True,,True
monitoring_core_wake_pre_sleep,40,wake_q2_stress_high_fraction,monitoring core v0,float64,526,10.69609507640068,470,0.423728813559322,relative windows,wake,wake_q2,stress_high_fraction,True,,True
monitoring_core_wake_pre_sleep,41,wake_q3_hr_mean,monitoring core v0,float64,527,10.526315789473683,472,0.0,relative windows,wake,wake_q3,hr_mean,True,,True
monitoring_core_wake_pre_sleep,42,wake_q3_stress_mean,monitoring core v0,float64,526,10.69609507640068,472,0.0,relative windows,wake,wake_q3,stress_mean,True,,True
monitoring_core_wake_pre_sleep,43,wake_q3_stress_high_fraction,monitoring core v0,float64,526,10.69609507640068,472,0.0,relative windows,wake,wake_q3,stress_high_fraction,True,,True
monitoring_core_wake_pre_sleep,44,wake_q4_hr_mean,monitoring core v0,float64,540,8.31918505942275,472,0.0,relative windows,wake,wake_q4,hr_mean,True,,True
monitoring_core_wake_pre_sleep,45,wake_q4_stress_mean,monitoring core v0,float64,540,8.31918505942275,472,0.0,relative windows,wake,wake_q4,stress_mean,True,,True
monitoring_core_wake_pre_sleep,46,wake_q4_stress_high_fraction,monitoring core v0,float64,540,8.31918505942275,472,0.0,relative windows,wake,wake_q4,stress_high_fraction,True,,True
monitoring_core_wake_pre_sleep,47,pre_sleep_4h_hr_mean,monitoring core v0,float64,523,11.205432937181664,472,0.0,recovery/deactivation,wake/pre-sleep,pre_sleep_4h,mean,True,,True
monitoring_core_wake_pre_sleep,48,pre_sleep_4h_hr_std,monitoring core v0,float64,523,11.205432937181664,472,0.0,recovery/deactivation,wake/pre-sleep,pre_sleep_4h,std,True,,True
monitoring_core_wake_pre_sleep,49,pre_sleep_4h_hr_p90,monitoring core v0,float64,523,11.205432937181664,472,0.0,recovery/deactivation,wake/pre-sleep,pre_sleep_4h,p90,True,,True
monitoring_core_wake_pre_sleep,50,pre_sleep_4h_hr_early_minus_late,monitoring core v0,float64,503,14.60101867572156,466,1.2711864406779663,recovery/deactivation,wake/pre-sleep,pre_sleep_4h,early_minus_late,True,,True
monitoring_core_wake_pre_sleep,51,pre_sleep_4h_stress_mean,monitoring core v0,float64,523,11.205432937181664,472,0.0,recovery/deactivation,wake/pre-sleep,pre_sleep_4h,mean,True,,True
monitoring_core_wake_pre_sleep,52,pre_sleep_4h_stress_std,monitoring core v0,float64,523,11.205432937181664,472,0.0,recovery/deactivation,wake/pre-sleep,pre_sleep_4h,std,True,,True
monitoring_core_wake_pre_sleep,53,pre_sleep_4h_stress_p90,monitoring core v0,float64,523,11.205432937181664,472,0.0,recovery/deactivation,wake/pre-sleep,pre_sleep_4h,p90,True,,True
monitoring_core_wake_pre_sleep,54,pre_sleep_4h_stress_early_minus_late,monitoring core v0,float64,503,14.60101867572156,466,1.2711864406779663,recovery/deactivation,wake/pre-sleep,pre_sleep_4h,early_minus_late,True,,True
monitoring_core_wake_pre_sleep,55,pre_sleep_4h_stress_high_fraction,monitoring core v0,float64,523,11.205432937181664,472,0.0,recovery/deactivation,wake/pre-sleep,pre_sleep_4h,high_fraction,True,,True
monitoring_core_wake_pre_sleep,56,next_sleep_start_hour_local_wrapped,monitoring core v0,float64,524,11.03565365025467,472,0.0,schedule/context,wake/pre-sleep,next_sleep_boundary,start_hour_local_wrapped,True,,True
monitoring_full_wake_pre_sleep,1,wake_hr_histogram_entropy,monitoring full v0 catalog,float64,557,5.432937181663837,472,0.0,distribution/shape,wake,wake_phase,histogram_entropy,True,,True
monitoring_full_wake_pre_sleep,2,wake_hr_iqr,monitoring full v0 catalog,float64,557,5.432937181663837,472,0.0,distribution/shape,wake,wake_phase,iqr,True,,True
monitoring_full_wake_pre_sleep,3,wake_hr_kurtosis,monitoring full v0 catalog,float64,557,5.432937181663837,472,0.0,distribution/shape,wake,wake_phase,kurtosis,True,,True
monitoring_full_wake_pre_sleep,4,wake_hr_mad,monitoring full v0 catalog,float64,557,5.432937181663837,472,0.0,distribution/shape,wake,wake_phase,mad,True,,True
monitoring_full_wake_pre_sleep,5,wake_hr_max,monitoring full v0 catalog,float64,557,5.432937181663837,472,0.0,distribution/shape,wake,wake_phase,max,True,,True
monitoring_full_wake_pre_sleep,6,wake_hr_mean,monitoring full v0 catalog,float64,557,5.432937181663837,472,0.0,distribution/shape,wake,wake_phase,mean,True,,True
monitoring_full_wake_pre_sleep,7,wake_hr_median,monitoring full v0 catalog,float64,557,5.432937181663837,472,0.0,distribution/shape,wake,wake_phase,median,True,,True
monitoring_full_wake_pre_sleep,8,wake_hr_min,monitoring full v0 catalog,float64,557,5.432937181663837,472,0.0,distribution/shape,wake,wake_phase,min,True,,True
monitoring_full_wake_pre_sleep,9,wake_hr_p10,monitoring full v0 catalog,float64,557,5.432937181663837,472,0.0,distribution/shape,wake,wake_phase,p10,True,,True
monitoring_full_wake_pre_sleep,10,wake_hr_p25,monitoring full v0 catalog,float64,557,5.432937181663837,472,0.0,distribution/shape,wake,wake_phase,p25,True,,True
monitoring_full_wake_pre_sleep,11,wake_hr_p75,monitoring full v0 catalog,float64,557,5.432937181663837,472,0.0,distribution/shape,wake,wake_phase,p75,True,,True
monitoring_full_wake_pre_sleep,12,wake_hr_p90,monitoring full v0 catalog,float64,557,5.432937181663837,472,0.0,distribution/shape,wake,wake_phase,p90,True,,True
monitoring_full_wake_pre_sleep,13,wake_hr_range,monitoring full v0 catalog,float64,557,5.432937181663837,472,0.0,distribution/shape,wake,wake_phase,range,True,,True
monitoring_full_wake_pre_sleep,14,wake_hr_skewness,monitoring full v0 catalog,float64,557,5.432937181663837,472,0.0,distribution/shape,wake,wake_phase,skewness,True,,True
monitoring_full_wake_pre_sleep,15,wake_hr_std,monitoring full v0 catalog,float64,557,5.432937181663837,472,0.0,distribution/shape,wake,wake_phase,std,True,,True
monitoring_full_wake_pre_sleep,16,wake_stress_histogram_entropy,monitoring full v0 catalog,float64,557,5.432937181663837,472,0.0,distribution/shape,wake,wake_phase,histogram_entropy,True,,True
monitoring_full_wake_pre_sleep,17,wake_stress_iqr,monitoring full v0 catalog,float64,557,5.432937181663837,472,0.0,distribution/shape,wake,wake_phase,iqr,True,,True
monitoring_full_wake_pre_sleep,18,wake_stress_kurtosis,monitoring full v0 catalog,float64,557,5.432937181663837,472,0.0,distribution/shape,wake,wake_phase,kurtosis,True,,True
monitoring_full_wake_pre_sleep,19,wake_stress_mad,monitoring full v0 catalog,float64,557,5.432937181663837,472,0.0,distribution/shape,wake,wake_phase,mad,True,,True
monitoring_full_wake_pre_sleep,20,wake_stress_max,monitoring full v0 catalog,float64,557,5.432937181663837,472,0.0,distribution/shape,wake,wake_phase,max,True,,True
monitoring_full_wake_pre_sleep,21,wake_stress_mean,monitoring full v0 catalog,float64,557,5.432937181663837,472,0.0,distribution/shape,wake,wake_phase,mean,True,,True
monitoring_full_wake_pre_sleep,22,wake_stress_median,monitoring full v0 catalog,float64,557,5.432937181663837,472,0.0,distribution/shape,wake,wake_phase,median,True,,True
monitoring_full_wake_pre_sleep,23,wake_stress_min,monitoring full v0 catalog,float64,557,5.432937181663837,472,0.0,distribution/shape,wake,wake_phase,min,True,,True
monitoring_full_wake_pre_sleep,24,wake_stress_p10,monitoring full v0 catalog,float64,557,5.432937181663837,472,0.0,distribution/shape,wake,wake_phase,p10,True,,True
monitoring_full_wake_pre_sleep,25,wake_stress_p25,monitoring full v0 catalog,float64,557,5.432937181663837,472,0.0,distribution/shape,wake,wake_phase,p25,True,,True
monitoring_full_wake_pre_sleep,26,wake_stress_p75,monitoring full v0 catalog,float64,557,5.432937181663837,472,0.0,distribution/shape,wake,wake_phase,p75,True,,True
monitoring_full_wake_pre_sleep,27,wake_stress_p90,monitoring full v0 catalog,float64,557,5.432937181663837,472,0.0,distribution/shape,wake,wake_phase,p90,True,,True
monitoring_full_wake_pre_sleep,28,wake_stress_range,monitoring full v0 catalog,float64,557,5.432937181663837,472,0.0,distribution/shape,wake,wake_phase,range,True,,True
monitoring_full_wake_pre_sleep,29,wake_stress_skewness,monitoring full v0 catalog,float64,557,5.432937181663837,472,0.0,distribution/shape,wake,wake_phase,skewness,True,,True
monitoring_full_wake_pre_sleep,30,wake_stress_std,monitoring full v0 catalog,float64,557,5.432937181663837,472,0.0,distribution/shape,wake,wake_phase,std,True,,True
monitoring_full_wake_pre_sleep,31,wake_stress_frac_active,monitoring full v0 catalog,float64,557,5.432937181663837,472,0.0,stress state fractions,wake,wake_phase,frac_active,True,,True
monitoring_full_wake_pre_sleep,32,wake_stress_frac_high,monitoring full v0 catalog,float64,557,5.432937181663837,472,0.0,stress state fractions,wake,wake_phase,frac_high,True,,True
monitoring_full_wake_pre_sleep,33,wake_stress_frac_low,monitoring full v0 catalog,float64,557,5.432937181663837,472,0.0,stress state fractions,wake,wake_phase,frac_low,True,,True
monitoring_full_wake_pre_sleep,34,wake_stress_frac_medium,monitoring full v0 catalog,float64,557,5.432937181663837,472,0.0,stress state fractions,wake,wake_phase,frac_medium,True,,True
monitoring_full_wake_pre_sleep,35,wake_stress_frac_resting,monitoring full v0 catalog,float64,557,5.432937181663837,472,0.0,stress state fractions,wake,wake_phase,frac_resting,True,,True
monitoring_full_wake_pre_sleep,36,wake_hr_frac_below_zone1,monitoring full v0 catalog,float64,557,5.432937181663837,472,0.0,HR MHR zones,wake,wake_phase,frac_below_zone1,True,,True
monitoring_full_wake_pre_sleep,37,wake_hr_frac_zone1,monitoring full v0 catalog,float64,557,5.432937181663837,472,0.0,HR MHR zones,wake,wake_phase,frac_zone1,True,,True
monitoring_full_wake_pre_sleep,38,wake_hr_frac_zone2,monitoring full v0 catalog,float64,557,5.432937181663837,472,0.0,HR MHR zones,wake,wake_phase,frac_zone2,True,,True
monitoring_full_wake_pre_sleep,39,wake_hr_frac_zone3,monitoring full v0 catalog,float64,557,5.432937181663837,472,0.0,HR MHR zones,wake,wake_phase,frac_zone3,True,,True
monitoring_full_wake_pre_sleep,40,wake_hr_frac_zone4,monitoring full v0 catalog,float64,557,5.432937181663837,472,0.0,HR MHR zones,wake,wake_phase,frac_zone4,True,,True
monitoring_full_wake_pre_sleep,41,wake_hr_frac_zone5,monitoring full v0 catalog,float64,557,5.432937181663837,472,0.0,HR MHR zones,wake,wake_phase,frac_zone5,True,,True
monitoring_full_wake_pre_sleep,42,wake_hr_max_abs_jump,monitoring full v0 catalog,float64,557,5.432937181663837,472,0.0,variability/gaps,wake,wake_phase,max_abs_jump,True,,True
monitoring_full_wake_pre_sleep,43,wake_hr_mean_abs_diff,monitoring full v0 catalog,float64,557,5.432937181663837,472,0.0,variability/gaps,wake,wake_phase,mean_abs_diff,True,,True
monitoring_full_wake_pre_sleep,44,wake_hr_median_abs_diff,monitoring full v0 catalog,float64,557,5.432937181663837,472,0.0,variability/gaps,wake,wake_phase,median_abs_diff,True,,True
monitoring_full_wake_pre_sleep,45,wake_hr_roughness,monitoring full v0 catalog,float64,557,5.432937181663837,472,0.0,variability/gaps,wake,wake_phase,roughness,True,,True
monitoring_full_wake_pre_sleep,46,wake_hr_std_diff,monitoring full v0 catalog,float64,557,5.432937181663837,472,0.0,variability/gaps,wake,wake_phase,std_diff,True,,True
monitoring_full_wake_pre_sleep,47,wake_stress_max_abs_jump,monitoring full v0 catalog,float64,557,5.432937181663837,472,0.0,variability/gaps,wake,wake_phase,max_abs_jump,True,,True
monitoring_full_wake_pre_sleep,48,wake_stress_mean_abs_diff,monitoring full v0 catalog,float64,557,5.432937181663837,472,0.0,variability/gaps,wake,wake_phase,mean_abs_diff,True,,True
monitoring_full_wake_pre_sleep,49,wake_stress_median_abs_diff,monitoring full v0 catalog,float64,557,5.432937181663837,472,0.0,variability/gaps,wake,wake_phase,median_abs_diff,True,,True
monitoring_full_wake_pre_sleep,50,wake_stress_roughness,monitoring full v0 catalog,float64,557,5.432937181663837,472,0.0,variability/gaps,wake,wake_phase,roughness,True,,True
monitoring_full_wake_pre_sleep,51,wake_stress_std_diff,monitoring full v0 catalog,float64,557,5.432937181663837,472,0.0,variability/gaps,wake,wake_phase,std_diff,True,,True
monitoring_full_wake_pre_sleep,52,wake_hr_zone2_plus_episode_count,monitoring full v0 catalog,float64,557,5.432937181663837,472,0.0,episodes/state structure,wake,wake_phase,zone2_plus_episode_count,True,,True
monitoring_full_wake_pre_sleep,53,wake_hr_zone2_plus_fragmentation_index,monitoring full v0 catalog,float64,557,5.432937181663837,472,0.0,episodes/state structure,wake,wake_phase,zone2_plus_fragmentation_index,True,,True
monitoring_full_wake_pre_sleep,54,wake_hr_zone2_plus_has_event,monitoring full v0 catalog,float64,557,5.432937181663837,472,0.0,episodes/state structure,wake,wake_phase,zone2_plus_has_event,True,,True
monitoring_full_wake_pre_sleep,55,wake_hr_zone2_plus_max_duration_minutes,monitoring full v0 catalog,float64,557,5.432937181663837,472,0.0,episodes/state structure,wake,wake_phase,zone2_plus_max_duration_minutes,True,,True
monitoring_full_wake_pre_sleep,56,wake_hr_zone2_plus_mean_duration_minutes,monitoring full v0 catalog,float64,557,5.432937181663837,472,0.0,episodes/state structure,wake,wake_phase,zone2_plus_mean_duration_minutes,True,,True
monitoring_full_wake_pre_sleep,57,wake_hr_zone2_plus_time_to_first_minutes,monitoring full v0 catalog,float64,459,22.07130730050934,400,15.254237288135593,episodes/state structure,wake,wake_phase,zone2_plus_time_to_first_minutes,True,,True
monitoring_full_wake_pre_sleep,58,wake_hr_zone2_plus_total_minutes,monitoring full v0 catalog,float64,557,5.432937181663837,472,0.0,episodes/state structure,wake,wake_phase,zone2_plus_total_minutes,True,,True
monitoring_full_wake_pre_sleep,59,wake_stress_active_episode_count,monitoring full v0 catalog,float64,557,5.432937181663837,472,0.0,episodes/state structure,wake,wake_phase,active_episode_count,True,,True
monitoring_full_wake_pre_sleep,60,wake_stress_active_fragmentation_index,monitoring full v0 catalog,float64,557,5.432937181663837,472,0.0,episodes/state structure,wake,wake_phase,active_fragmentation_index,True,,True
monitoring_full_wake_pre_sleep,61,wake_stress_active_max_duration_minutes,monitoring full v0 catalog,float64,557,5.432937181663837,472,0.0,episodes/state structure,wake,wake_phase,active_max_duration_minutes,True,,True
monitoring_full_wake_pre_sleep,62,wake_stress_active_mean_duration_minutes,monitoring full v0 catalog,float64,557,5.432937181663837,472,0.0,episodes/state structure,wake,wake_phase,active_mean_duration_minutes,True,,True
monitoring_full_wake_pre_sleep,63,wake_stress_active_time_to_first_minutes,monitoring full v0 catalog,float64,557,5.432937181663837,472,0.0,episodes/state structure,wake,wake_phase,active_time_to_first_minutes,True,,True
monitoring_full_wake_pre_sleep,64,wake_stress_active_total_minutes,monitoring full v0 catalog,float64,557,5.432937181663837,472,0.0,episodes/state structure,wake,wake_phase,active_total_minutes,True,,True
monitoring_full_wake_pre_sleep,65,wake_stress_high_episode_count,monitoring full v0 catalog,float64,557,5.432937181663837,472,0.0,episodes/state structure,wake,wake_phase,high_episode_count,True,,True
monitoring_full_wake_pre_sleep,66,wake_stress_high_fragmentation_index,monitoring full v0 catalog,float64,557,5.432937181663837,472,0.0,episodes/state structure,wake,wake_phase,high_fragmentation_index,True,,True
monitoring_full_wake_pre_sleep,67,wake_stress_high_has_event,monitoring full v0 catalog,float64,557,5.432937181663837,472,0.0,episodes/state structure,wake,wake_phase,high_has_event,True,,True
monitoring_full_wake_pre_sleep,68,wake_stress_high_max_duration_minutes,monitoring full v0 catalog,float64,557,5.432937181663837,472,0.0,episodes/state structure,wake,wake_phase,high_max_duration_minutes,True,,True
monitoring_full_wake_pre_sleep,69,wake_stress_high_mean_duration_minutes,monitoring full v0 catalog,float64,557,5.432937181663837,472,0.0,episodes/state structure,wake,wake_phase,high_mean_duration_minutes,True,,True
monitoring_full_wake_pre_sleep,70,wake_stress_high_time_to_first_minutes,monitoring full v0 catalog,float64,552,6.281833616298811,472,0.0,episodes/state structure,wake,wake_phase,high_time_to_first_minutes,True,,True
monitoring_full_wake_pre_sleep,71,wake_stress_high_total_minutes,monitoring full v0 catalog,float64,557,5.432937181663837,472,0.0,episodes/state structure,wake,wake_phase,high_total_minutes,True,,True
monitoring_full_wake_pre_sleep,72,pre_sleep_4h_hr_early_minus_late,monitoring full v0 catalog,float64,503,14.60101867572156,466,1.2711864406779663,recovery/deactivation,wake/pre-sleep,pre_sleep_4h,early_minus_late,True,,True
monitoring_full_wake_pre_sleep,73,pre_sleep_4h_hr_mean,monitoring full v0 catalog,float64,523,11.205432937181664,472,0.0,recovery/deactivation,wake/pre-sleep,pre_sleep_4h,mean,True,,True
monitoring_full_wake_pre_sleep,74,pre_sleep_4h_hr_p90,monitoring full v0 catalog,float64,523,11.205432937181664,472,0.0,recovery/deactivation,wake/pre-sleep,pre_sleep_4h,p90,True,,True
monitoring_full_wake_pre_sleep,75,pre_sleep_4h_hr_std,monitoring full v0 catalog,float64,523,11.205432937181664,472,0.0,recovery/deactivation,wake/pre-sleep,pre_sleep_4h,std,True,,True
monitoring_full_wake_pre_sleep,76,pre_sleep_4h_stress_early_minus_late,monitoring full v0 catalog,float64,503,14.60101867572156,466,1.2711864406779663,recovery/deactivation,wake/pre-sleep,pre_sleep_4h,early_minus_late,True,,True
monitoring_full_wake_pre_sleep,77,pre_sleep_4h_stress_high_fraction,monitoring full v0 catalog,float64,523,11.205432937181664,472,0.0,recovery/deactivation,wake/pre-sleep,pre_sleep_4h,high_fraction,True,,True
monitoring_full_wake_pre_sleep,78,pre_sleep_4h_stress_mean,monitoring full v0 catalog,float64,523,11.205432937181664,472,0.0,recovery/deactivation,wake/pre-sleep,pre_sleep_4h,mean,True,,True
monitoring_full_wake_pre_sleep,79,pre_sleep_4h_stress_p90,monitoring full v0 catalog,float64,523,11.205432937181664,472,0.0,recovery/deactivation,wake/pre-sleep,pre_sleep_4h,p90,True,,True
monitoring_full_wake_pre_sleep,80,pre_sleep_4h_stress_std,monitoring full v0 catalog,float64,523,11.205432937181664,472,0.0,recovery/deactivation,wake/pre-sleep,pre_sleep_4h,std,True,,True
monitoring_full_wake_pre_sleep,81,wake_q1_hr_mean,monitoring full v0 catalog,float64,537,8.828522920203735,472,0.0,relative windows,wake,wake_q1,hr_mean,True,,True
monitoring_full_wake_pre_sleep,82,wake_q1_hr_p90,monitoring full v0 catalog,float64,537,8.828522920203735,472,0.0,relative windows,wake,wake_q1,hr_p90,True,,True
monitoring_full_wake_pre_sleep,83,wake_q1_hr_std,monitoring full v0 catalog,float64,537,8.828522920203735,472,0.0,relative windows,wake,wake_q1,hr_std,True,,True
monitoring_full_wake_pre_sleep,84,wake_q1_stress_high_fraction,monitoring full v0 catalog,float64,536,8.998302207130731,472,0.0,relative windows,wake,wake_q1,stress_high_fraction,True,,True
monitoring_full_wake_pre_sleep,85,wake_q1_stress_mean,monitoring full v0 catalog,float64,536,8.998302207130731,472,0.0,relative windows,wake,wake_q1,stress_mean,True,,True
monitoring_full_wake_pre_sleep,86,wake_q1_stress_p90,monitoring full v0 catalog,float64,536,8.998302207130731,472,0.0,relative windows,wake,wake_q1,stress_p90,True,,True
monitoring_full_wake_pre_sleep,87,wake_q1_stress_std,monitoring full v0 catalog,float64,536,8.998302207130731,472,0.0,relative windows,wake,wake_q1,stress_std,True,,True
monitoring_full_wake_pre_sleep,88,wake_q2_hr_mean,monitoring full v0 catalog,float64,528,10.35653650254669,472,0.0,relative windows,wake,wake_q2,hr_mean,True,,True
monitoring_full_wake_pre_sleep,89,wake_q2_hr_p90,monitoring full v0 catalog,float64,528,10.35653650254669,472,0.0,relative windows,wake,wake_q2,hr_p90,True,,True
monitoring_full_wake_pre_sleep,90,wake_q2_hr_std,monitoring full v0 catalog,float64,528,10.35653650254669,472,0.0,relative windows,wake,wake_q2,hr_std,True,,True
monitoring_full_wake_pre_sleep,91,wake_q2_stress_high_fraction,monitoring full v0 catalog,float64,526,10.69609507640068,470,0.423728813559322,relative windows,wake,wake_q2,stress_high_fraction,True,,True
monitoring_full_wake_pre_sleep,92,wake_q2_stress_mean,monitoring full v0 catalog,float64,526,10.69609507640068,470,0.423728813559322,relative windows,wake,wake_q2,stress_mean,True,,True
monitoring_full_wake_pre_sleep,93,wake_q2_stress_p90,monitoring full v0 catalog,float64,526,10.69609507640068,470,0.423728813559322,relative windows,wake,wake_q2,stress_p90,True,,True
monitoring_full_wake_pre_sleep,94,wake_q2_stress_std,monitoring full v0 catalog,float64,526,10.69609507640068,470,0.423728813559322,relative windows,wake,wake_q2,stress_std,True,,True
monitoring_full_wake_pre_sleep,95,wake_q3_hr_mean,monitoring full v0 catalog,float64,527,10.526315789473683,472,0.0,relative windows,wake,wake_q3,hr_mean,True,,True
monitoring_full_wake_pre_sleep,96,wake_q3_hr_p90,monitoring full v0 catalog,float64,527,10.526315789473683,472,0.0,relative windows,wake,wake_q3,hr_p90,True,,True
monitoring_full_wake_pre_sleep,97,wake_q3_hr_std,monitoring full v0 catalog,float64,527,10.526315789473683,472,0.0,relative windows,wake,wake_q3,hr_std,True,,True
monitoring_full_wake_pre_sleep,98,wake_q3_stress_high_fraction,monitoring full v0 catalog,float64,526,10.69609507640068,472,0.0,relative windows,wake,wake_q3,stress_high_fraction,True,,True
monitoring_full_wake_pre_sleep,99,wake_q3_stress_mean,monitoring full v0 catalog,float64,526,10.69609507640068,472,0.0,relative windows,wake,wake_q3,stress_mean,True,,True
monitoring_full_wake_pre_sleep,100,wake_q3_stress_p90,monitoring full v0 catalog,float64,526,10.69609507640068,472,0.0,relative windows,wake,wake_q3,stress_p90,True,,True
monitoring_full_wake_pre_sleep,101,wake_q3_stress_std,monitoring full v0 catalog,float64,526,10.69609507640068,472,0.0,relative windows,wake,wake_q3,stress_std,True,,True
monitoring_full_wake_pre_sleep,102,wake_q4_hr_mean,monitoring full v0 catalog,float64,540,8.31918505942275,472,0.0,relative windows,wake,wake_q4,hr_mean,True,,True
monitoring_full_wake_pre_sleep,103,wake_q4_hr_p90,monitoring full v0 catalog,float64,540,8.31918505942275,472,0.0,relative windows,wake,wake_q4,hr_p90,True,,True
monitoring_full_wake_pre_sleep,104,wake_q4_hr_std,monitoring full v0 catalog,float64,540,8.31918505942275,472,0.0,relative windows,wake,wake_q4,hr_std,True,,True
monitoring_full_wake_pre_sleep,105,wake_q4_stress_high_fraction,monitoring full v0 catalog,float64,540,8.31918505942275,472,0.0,relative windows,wake,wake_q4,stress_high_fraction,True,,True
monitoring_full_wake_pre_sleep,106,wake_q4_stress_mean,monitoring full v0 catalog,float64,540,8.31918505942275,472,0.0,relative windows,wake,wake_q4,stress_mean,True,,True
monitoring_full_wake_pre_sleep,107,wake_q4_stress_p90,monitoring full v0 catalog,float64,540,8.31918505942275,472,0.0,relative windows,wake,wake_q4,stress_p90,True,,True
monitoring_full_wake_pre_sleep,108,wake_q4_stress_std,monitoring full v0 catalog,float64,540,8.31918505942275,472,0.0,relative windows,wake,wake_q4,stress_std,True,,True
monitoring_full_wake_pre_sleep,109,pre_sleep_4h_hr_slope_per_hour,monitoring full v0 catalog,float64,523,11.205432937181664,472,0.0,trends,wake/pre-sleep,pre_sleep_4h,slope_per_hour,True,,True
monitoring_full_wake_pre_sleep,110,pre_sleep_4h_hr_trend_r2,monitoring full v0 catalog,float64,523,11.205432937181664,472,0.0,trends,wake/pre-sleep,pre_sleep_4h,trend_r2,True,,True
monitoring_full_wake_pre_sleep,111,pre_sleep_4h_stress_slope_per_hour,monitoring full v0 catalog,float64,523,11.205432937181664,472,0.0,trends,wake/pre-sleep,pre_sleep_4h,slope_per_hour,True,,True
monitoring_full_wake_pre_sleep,112,pre_sleep_4h_stress_trend_r2,monitoring full v0 catalog,float64,523,11.205432937181664,472,0.0,trends,wake/pre-sleep,pre_sleep_4h,trend_r2,True,,True
monitoring_full_wake_pre_sleep,113,wake_hr_slope_per_hour,monitoring full v0 catalog,float64,557,5.432937181663837,472,0.0,trends,wake,wake_phase,slope_per_hour,True,,True
monitoring_full_wake_pre_sleep,114,wake_hr_trend_r2,monitoring full v0 catalog,float64,557,5.432937181663837,472,0.0,trends,wake,wake_phase,trend_r2,True,,True
monitoring_full_wake_pre_sleep,115,wake_stress_slope_per_hour,monitoring full v0 catalog,float64,557,5.432937181663837,472,0.0,trends,wake,wake_phase,slope_per_hour,True,,True
monitoring_full_wake_pre_sleep,116,wake_stress_trend_r2,monitoring full v0 catalog,float64,557,5.432937181663837,472,0.0,trends,wake,wake_phase,trend_r2,True,,True
monitoring_full_wake_pre_sleep,117,wake_frac_hr_below_zone1_stress_high,monitoring full v0 catalog,float64,556,5.602716468590832,472,0.0,HR/stress coupling,wake,wake_phase,wake_frac_hr_below_zone1_stress_high,True,,True
monitoring_full_wake_pre_sleep,118,wake_frac_hr_zone2_plus_stress_high,monitoring full v0 catalog,float64,556,5.602716468590832,472,0.0,HR/stress coupling,wake,wake_phase,wake_frac_hr_zone2_plus_stress_high,True,,True
monitoring_full_wake_pre_sleep,119,wake_hr_diff_stress_diff_corr,monitoring full v0 catalog,float64,556,5.602716468590832,472,0.0,HR/stress coupling,wake,wake_phase,diff_stress_diff_corr,True,,True
monitoring_full_wake_pre_sleep,120,wake_hr_stress_corr,monitoring full v0 catalog,float64,556,5.602716468590832,472,0.0,HR/stress coupling,wake,wake_phase,stress_corr,True,,True
monitoring_full_wake_pre_sleep,121,wake_stress_hr_r2,monitoring full v0 catalog,float64,556,5.602716468590832,472,0.0,HR/stress coupling,wake,wake_phase,hr_r2,True,,True
monitoring_full_wake_pre_sleep,122,wake_stress_hr_slope,monitoring full v0 catalog,float64,556,5.602716468590832,472,0.0,HR/stress coupling,wake,wake_phase,hr_slope,True,,True
monitoring_full_wake_pre_sleep,123,next_sleep_start_hour_local_wrapped,monitoring full v0 catalog,float64,524,11.03565365025467,472,0.0,schedule/context,wake/pre-sleep,next_sleep_boundary,start_hour_local_wrapped,True,,True
monitoring_full_wake_pre_sleep_plus_prev_sleep,1,wake_hr_histogram_entropy,monitoring full v0 plus previous sleep context,float64,557,5.432937181663837,472,0.0,distribution/shape,wake,wake_phase,histogram_entropy,True,,True
monitoring_full_wake_pre_sleep_plus_prev_sleep,2,wake_hr_iqr,monitoring full v0 plus previous sleep context,float64,557,5.432937181663837,472,0.0,distribution/shape,wake,wake_phase,iqr,True,,True
monitoring_full_wake_pre_sleep_plus_prev_sleep,3,wake_hr_kurtosis,monitoring full v0 plus previous sleep context,float64,557,5.432937181663837,472,0.0,distribution/shape,wake,wake_phase,kurtosis,True,,True
monitoring_full_wake_pre_sleep_plus_prev_sleep,4,wake_hr_mad,monitoring full v0 plus previous sleep context,float64,557,5.432937181663837,472,0.0,distribution/shape,wake,wake_phase,mad,True,,True
monitoring_full_wake_pre_sleep_plus_prev_sleep,5,wake_hr_max,monitoring full v0 plus previous sleep context,float64,557,5.432937181663837,472,0.0,distribution/shape,wake,wake_phase,max,True,,True
monitoring_full_wake_pre_sleep_plus_prev_sleep,6,wake_hr_mean,monitoring full v0 plus previous sleep context,float64,557,5.432937181663837,472,0.0,distribution/shape,wake,wake_phase,mean,True,,True
monitoring_full_wake_pre_sleep_plus_prev_sleep,7,wake_hr_median,monitoring full v0 plus previous sleep context,float64,557,5.432937181663837,472,0.0,distribution/shape,wake,wake_phase,median,True,,True
monitoring_full_wake_pre_sleep_plus_prev_sleep,8,wake_hr_min,monitoring full v0 plus previous sleep context,float64,557,5.432937181663837,472,0.0,distribution/shape,wake,wake_phase,min,True,,True
monitoring_full_wake_pre_sleep_plus_prev_sleep,9,wake_hr_p10,monitoring full v0 plus previous sleep context,float64,557,5.432937181663837,472,0.0,distribution/shape,wake,wake_phase,p10,True,,True
monitoring_full_wake_pre_sleep_plus_prev_sleep,10,wake_hr_p25,monitoring full v0 plus previous sleep context,float64,557,5.432937181663837,472,0.0,distribution/shape,wake,wake_phase,p25,True,,True
monitoring_full_wake_pre_sleep_plus_prev_sleep,11,wake_hr_p75,monitoring full v0 plus previous sleep context,float64,557,5.432937181663837,472,0.0,distribution/shape,wake,wake_phase,p75,True,,True
monitoring_full_wake_pre_sleep_plus_prev_sleep,12,wake_hr_p90,monitoring full v0 plus previous sleep context,float64,557,5.432937181663837,472,0.0,distribution/shape,wake,wake_phase,p90,True,,True
monitoring_full_wake_pre_sleep_plus_prev_sleep,13,wake_hr_range,monitoring full v0 plus previous sleep context,float64,557,5.432937181663837,472,0.0,distribution/shape,wake,wake_phase,range,True,,True
monitoring_full_wake_pre_sleep_plus_prev_sleep,14,wake_hr_skewness,monitoring full v0 plus previous sleep context,float64,557,5.432937181663837,472,0.0,distribution/shape,wake,wake_phase,skewness,True,,True
monitoring_full_wake_pre_sleep_plus_prev_sleep,15,wake_hr_std,monitoring full v0 plus previous sleep context,float64,557,5.432937181663837,472,0.0,distribution/shape,wake,wake_phase,std,True,,True
monitoring_full_wake_pre_sleep_plus_prev_sleep,16,wake_stress_histogram_entropy,monitoring full v0 plus previous sleep context,float64,557,5.432937181663837,472,0.0,distribution/shape,wake,wake_phase,histogram_entropy,True,,True
monitoring_full_wake_pre_sleep_plus_prev_sleep,17,wake_stress_iqr,monitoring full v0 plus previous sleep context,float64,557,5.432937181663837,472,0.0,distribution/shape,wake,wake_phase,iqr,True,,True
monitoring_full_wake_pre_sleep_plus_prev_sleep,18,wake_stress_kurtosis,monitoring full v0 plus previous sleep context,float64,557,5.432937181663837,472,0.0,distribution/shape,wake,wake_phase,kurtosis,True,,True
monitoring_full_wake_pre_sleep_plus_prev_sleep,19,wake_stress_mad,monitoring full v0 plus previous sleep context,float64,557,5.432937181663837,472,0.0,distribution/shape,wake,wake_phase,mad,True,,True
monitoring_full_wake_pre_sleep_plus_prev_sleep,20,wake_stress_max,monitoring full v0 plus previous sleep context,float64,557,5.432937181663837,472,0.0,distribution/shape,wake,wake_phase,max,True,,True
monitoring_full_wake_pre_sleep_plus_prev_sleep,21,wake_stress_mean,monitoring full v0 plus previous sleep context,float64,557,5.432937181663837,472,0.0,distribution/shape,wake,wake_phase,mean,True,,True
monitoring_full_wake_pre_sleep_plus_prev_sleep,22,wake_stress_median,monitoring full v0 plus previous sleep context,float64,557,5.432937181663837,472,0.0,distribution/shape,wake,wake_phase,median,True,,True
monitoring_full_wake_pre_sleep_plus_prev_sleep,23,wake_stress_min,monitoring full v0 plus previous sleep context,float64,557,5.432937181663837,472,0.0,distribution/shape,wake,wake_phase,min,True,,True
monitoring_full_wake_pre_sleep_plus_prev_sleep,24,wake_stress_p10,monitoring full v0 plus previous sleep context,float64,557,5.432937181663837,472,0.0,distribution/shape,wake,wake_phase,p10,True,,True
monitoring_full_wake_pre_sleep_plus_prev_sleep,25,wake_stress_p25,monitoring full v0 plus previous sleep context,float64,557,5.432937181663837,472,0.0,distribution/shape,wake,wake_phase,p25,True,,True
monitoring_full_wake_pre_sleep_plus_prev_sleep,26,wake_stress_p75,monitoring full v0 plus previous sleep context,float64,557,5.432937181663837,472,0.0,distribution/shape,wake,wake_phase,p75,True,,True
monitoring_full_wake_pre_sleep_plus_prev_sleep,27,wake_stress_p90,monitoring full v0 plus previous sleep context,float64,557,5.432937181663837,472,0.0,distribution/shape,wake,wake_phase,p90,True,,True
monitoring_full_wake_pre_sleep_plus_prev_sleep,28,wake_stress_range,monitoring full v0 plus previous sleep context,float64,557,5.432937181663837,472,0.0,distribution/shape,wake,wake_phase,range,True,,True
monitoring_full_wake_pre_sleep_plus_prev_sleep,29,wake_stress_skewness,monitoring full v0 plus previous sleep context,float64,557,5.432937181663837,472,0.0,distribution/shape,wake,wake_phase,skewness,True,,True
monitoring_full_wake_pre_sleep_plus_prev_sleep,30,wake_stress_std,monitoring full v0 plus previous sleep context,float64,557,5.432937181663837,472,0.0,distribution/shape,wake,wake_phase,std,True,,True
monitoring_full_wake_pre_sleep_plus_prev_sleep,31,wake_stress_frac_active,monitoring full v0 plus previous sleep context,float64,557,5.432937181663837,472,0.0,stress state fractions,wake,wake_phase,frac_active,True,,True
monitoring_full_wake_pre_sleep_plus_prev_sleep,32,wake_stress_frac_high,monitoring full v0 plus previous sleep context,float64,557,5.432937181663837,472,0.0,stress state fractions,wake,wake_phase,frac_high,True,,True
monitoring_full_wake_pre_sleep_plus_prev_sleep,33,wake_stress_frac_low,monitoring full v0 plus previous sleep context,float64,557,5.432937181663837,472,0.0,stress state fractions,wake,wake_phase,frac_low,True,,True
monitoring_full_wake_pre_sleep_plus_prev_sleep,34,wake_stress_frac_medium,monitoring full v0 plus previous sleep context,float64,557,5.432937181663837,472,0.0,stress state fractions,wake,wake_phase,frac_medium,True,,True
monitoring_full_wake_pre_sleep_plus_prev_sleep,35,wake_stress_frac_resting,monitoring full v0 plus previous sleep context,float64,557,5.432937181663837,472,0.0,stress state fractions,wake,wake_phase,frac_resting,True,,True
monitoring_full_wake_pre_sleep_plus_prev_sleep,36,wake_hr_frac_below_zone1,monitoring full v0 plus previous sleep context,float64,557,5.432937181663837,472,0.0,HR MHR zones,wake,wake_phase,frac_below_zone1,True,,True
monitoring_full_wake_pre_sleep_plus_prev_sleep,37,wake_hr_frac_zone1,monitoring full v0 plus previous sleep context,float64,557,5.432937181663837,472,0.0,HR MHR zones,wake,wake_phase,frac_zone1,True,,True
monitoring_full_wake_pre_sleep_plus_prev_sleep,38,wake_hr_frac_zone2,monitoring full v0 plus previous sleep context,float64,557,5.432937181663837,472,0.0,HR MHR zones,wake,wake_phase,frac_zone2,True,,True
monitoring_full_wake_pre_sleep_plus_prev_sleep,39,wake_hr_frac_zone3,monitoring full v0 plus previous sleep context,float64,557,5.432937181663837,472,0.0,HR MHR zones,wake,wake_phase,frac_zone3,True,,True
monitoring_full_wake_pre_sleep_plus_prev_sleep,40,wake_hr_frac_zone4,monitoring full v0 plus previous sleep context,float64,557,5.432937181663837,472,0.0,HR MHR zones,wake,wake_phase,frac_zone4,True,,True
monitoring_full_wake_pre_sleep_plus_prev_sleep,41,wake_hr_frac_zone5,monitoring full v0 plus previous sleep context,float64,557,5.432937181663837,472,0.0,HR MHR zones,wake,wake_phase,frac_zone5,True,,True
monitoring_full_wake_pre_sleep_plus_prev_sleep,42,wake_hr_max_abs_jump,monitoring full v0 plus previous sleep context,float64,557,5.432937181663837,472,0.0,variability/gaps,wake,wake_phase,max_abs_jump,True,,True
monitoring_full_wake_pre_sleep_plus_prev_sleep,43,wake_hr_mean_abs_diff,monitoring full v0 plus previous sleep context,float64,557,5.432937181663837,472,0.0,variability/gaps,wake,wake_phase,mean_abs_diff,True,,True
monitoring_full_wake_pre_sleep_plus_prev_sleep,44,wake_hr_median_abs_diff,monitoring full v0 plus previous sleep context,float64,557,5.432937181663837,472,0.0,variability/gaps,wake,wake_phase,median_abs_diff,True,,True
monitoring_full_wake_pre_sleep_plus_prev_sleep,45,wake_hr_roughness,monitoring full v0 plus previous sleep context,float64,557,5.432937181663837,472,0.0,variability/gaps,wake,wake_phase,roughness,True,,True
monitoring_full_wake_pre_sleep_plus_prev_sleep,46,wake_hr_std_diff,monitoring full v0 plus previous sleep context,float64,557,5.432937181663837,472,0.0,variability/gaps,wake,wake_phase,std_diff,True,,True
monitoring_full_wake_pre_sleep_plus_prev_sleep,47,wake_stress_max_abs_jump,monitoring full v0 plus previous sleep context,float64,557,5.432937181663837,472,0.0,variability/gaps,wake,wake_phase,max_abs_jump,True,,True
monitoring_full_wake_pre_sleep_plus_prev_sleep,48,wake_stress_mean_abs_diff,monitoring full v0 plus previous sleep context,float64,557,5.432937181663837,472,0.0,variability/gaps,wake,wake_phase,mean_abs_diff,True,,True
monitoring_full_wake_pre_sleep_plus_prev_sleep,49,wake_stress_median_abs_diff,monitoring full v0 plus previous sleep context,float64,557,5.432937181663837,472,0.0,variability/gaps,wake,wake_phase,median_abs_diff,True,,True
monitoring_full_wake_pre_sleep_plus_prev_sleep,50,wake_stress_roughness,monitoring full v0 plus previous sleep context,float64,557,5.432937181663837,472,0.0,variability/gaps,wake,wake_phase,roughness,True,,True
monitoring_full_wake_pre_sleep_plus_prev_sleep,51,wake_stress_std_diff,monitoring full v0 plus previous sleep context,float64,557,5.432937181663837,472,0.0,variability/gaps,wake,wake_phase,std_diff,True,,True
monitoring_full_wake_pre_sleep_plus_prev_sleep,52,wake_hr_zone2_plus_episode_count,monitoring full v0 plus previous sleep context,float64,557,5.432937181663837,472,0.0,episodes/state structure,wake,wake_phase,zone2_plus_episode_count,True,,True
monitoring_full_wake_pre_sleep_plus_prev_sleep,53,wake_hr_zone2_plus_fragmentation_index,monitoring full v0 plus previous sleep context,float64,557,5.432937181663837,472,0.0,episodes/state structure,wake,wake_phase,zone2_plus_fragmentation_index,True,,True
monitoring_full_wake_pre_sleep_plus_prev_sleep,54,wake_hr_zone2_plus_has_event,monitoring full v0 plus previous sleep context,float64,557,5.432937181663837,472,0.0,episodes/state structure,wake,wake_phase,zone2_plus_has_event,True,,True
monitoring_full_wake_pre_sleep_plus_prev_sleep,55,wake_hr_zone2_plus_max_duration_minutes,monitoring full v0 plus previous sleep context,float64,557,5.432937181663837,472,0.0,episodes/state structure,wake,wake_phase,zone2_plus_max_duration_minutes,True,,True
monitoring_full_wake_pre_sleep_plus_prev_sleep,56,wake_hr_zone2_plus_mean_duration_minutes,monitoring full v0 plus previous sleep context,float64,557,5.432937181663837,472,0.0,episodes/state structure,wake,wake_phase,zone2_plus_mean_duration_minutes,True,,True
monitoring_full_wake_pre_sleep_plus_prev_sleep,57,wake_hr_zone2_plus_time_to_first_minutes,monitoring full v0 plus previous sleep context,float64,459,22.07130730050934,400,15.254237288135593,episodes/state structure,wake,wake_phase,zone2_plus_time_to_first_minutes,True,,True
monitoring_full_wake_pre_sleep_plus_prev_sleep,58,wake_hr_zone2_plus_total_minutes,monitoring full v0 plus previous sleep context,float64,557,5.432937181663837,472,0.0,episodes/state structure,wake,wake_phase,zone2_plus_total_minutes,True,,True
monitoring_full_wake_pre_sleep_plus_prev_sleep,59,wake_stress_active_episode_count,monitoring full v0 plus previous sleep context,float64,557,5.432937181663837,472,0.0,episodes/state structure,wake,wake_phase,active_episode_count,True,,True
monitoring_full_wake_pre_sleep_plus_prev_sleep,60,wake_stress_active_fragmentation_index,monitoring full v0 plus previous sleep context,float64,557,5.432937181663837,472,0.0,episodes/state structure,wake,wake_phase,active_fragmentation_index,True,,True
monitoring_full_wake_pre_sleep_plus_prev_sleep,61,wake_stress_active_max_duration_minutes,monitoring full v0 plus previous sleep context,float64,557,5.432937181663837,472,0.0,episodes/state structure,wake,wake_phase,active_max_duration_minutes,True,,True
monitoring_full_wake_pre_sleep_plus_prev_sleep,62,wake_stress_active_mean_duration_minutes,monitoring full v0 plus previous sleep context,float64,557,5.432937181663837,472,0.0,episodes/state structure,wake,wake_phase,active_mean_duration_minutes,True,,True
monitoring_full_wake_pre_sleep_plus_prev_sleep,63,wake_stress_active_time_to_first_minutes,monitoring full v0 plus previous sleep context,float64,557,5.432937181663837,472,0.0,episodes/state structure,wake,wake_phase,active_time_to_first_minutes,True,,True
monitoring_full_wake_pre_sleep_plus_prev_sleep,64,wake_stress_active_total_minutes,monitoring full v0 plus previous sleep context,float64,557,5.432937181663837,472,0.0,episodes/state structure,wake,wake_phase,active_total_minutes,True,,True
monitoring_full_wake_pre_sleep_plus_prev_sleep,65,wake_stress_high_episode_count,monitoring full v0 plus previous sleep context,float64,557,5.432937181663837,472,0.0,episodes/state structure,wake,wake_phase,high_episode_count,True,,True
monitoring_full_wake_pre_sleep_plus_prev_sleep,66,wake_stress_high_fragmentation_index,monitoring full v0 plus previous sleep context,float64,557,5.432937181663837,472,0.0,episodes/state structure,wake,wake_phase,high_fragmentation_index,True,,True
monitoring_full_wake_pre_sleep_plus_prev_sleep,67,wake_stress_high_has_event,monitoring full v0 plus previous sleep context,float64,557,5.432937181663837,472,0.0,episodes/state structure,wake,wake_phase,high_has_event,True,,True
monitoring_full_wake_pre_sleep_plus_prev_sleep,68,wake_stress_high_max_duration_minutes,monitoring full v0 plus previous sleep context,float64,557,5.432937181663837,472,0.0,episodes/state structure,wake,wake_phase,high_max_duration_minutes,True,,True
monitoring_full_wake_pre_sleep_plus_prev_sleep,69,wake_stress_high_mean_duration_minutes,monitoring full v0 plus previous sleep context,float64,557,5.432937181663837,472,0.0,episodes/state structure,wake,wake_phase,high_mean_duration_minutes,True,,True
monitoring_full_wake_pre_sleep_plus_prev_sleep,70,wake_stress_high_time_to_first_minutes,monitoring full v0 plus previous sleep context,float64,552,6.281833616298811,472,0.0,episodes/state structure,wake,wake_phase,high_time_to_first_minutes,True,,True
monitoring_full_wake_pre_sleep_plus_prev_sleep,71,wake_stress_high_total_minutes,monitoring full v0 plus previous sleep context,float64,557,5.432937181663837,472,0.0,episodes/state structure,wake,wake_phase,high_total_minutes,True,,True
monitoring_full_wake_pre_sleep_plus_prev_sleep,72,pre_sleep_4h_hr_early_minus_late,monitoring full v0 plus previous sleep context,float64,503,14.60101867572156,466,1.2711864406779663,recovery/deactivation,wake/pre-sleep,pre_sleep_4h,early_minus_late,True,,True
monitoring_full_wake_pre_sleep_plus_prev_sleep,73,pre_sleep_4h_hr_mean,monitoring full v0 plus previous sleep context,float64,523,11.205432937181664,472,0.0,recovery/deactivation,wake/pre-sleep,pre_sleep_4h,mean,True,,True
monitoring_full_wake_pre_sleep_plus_prev_sleep,74,pre_sleep_4h_hr_p90,monitoring full v0 plus previous sleep context,float64,523,11.205432937181664,472,0.0,recovery/deactivation,wake/pre-sleep,pre_sleep_4h,p90,True,,True
monitoring_full_wake_pre_sleep_plus_prev_sleep,75,pre_sleep_4h_hr_std,monitoring full v0 plus previous sleep context,float64,523,11.205432937181664,472,0.0,recovery/deactivation,wake/pre-sleep,pre_sleep_4h,std,True,,True
monitoring_full_wake_pre_sleep_plus_prev_sleep,76,pre_sleep_4h_stress_early_minus_late,monitoring full v0 plus previous sleep context,float64,503,14.60101867572156,466,1.2711864406779663,recovery/deactivation,wake/pre-sleep,pre_sleep_4h,early_minus_late,True,,True
monitoring_full_wake_pre_sleep_plus_prev_sleep,77,pre_sleep_4h_stress_high_fraction,monitoring full v0 plus previous sleep context,float64,523,11.205432937181664,472,0.0,recovery/deactivation,wake/pre-sleep,pre_sleep_4h,high_fraction,True,,True
monitoring_full_wake_pre_sleep_plus_prev_sleep,78,pre_sleep_4h_stress_mean,monitoring full v0 plus previous sleep context,float64,523,11.205432937181664,472,0.0,recovery/deactivation,wake/pre-sleep,pre_sleep_4h,mean,True,,True
monitoring_full_wake_pre_sleep_plus_prev_sleep,79,pre_sleep_4h_stress_p90,monitoring full v0 plus previous sleep context,float64,523,11.205432937181664,472,0.0,recovery/deactivation,wake/pre-sleep,pre_sleep_4h,p90,True,,True
monitoring_full_wake_pre_sleep_plus_prev_sleep,80,pre_sleep_4h_stress_std,monitoring full v0 plus previous sleep context,float64,523,11.205432937181664,472,0.0,recovery/deactivation,wake/pre-sleep,pre_sleep_4h,std,True,,True
monitoring_full_wake_pre_sleep_plus_prev_sleep,81,wake_q1_hr_mean,monitoring full v0 plus previous sleep context,float64,537,8.828522920203735,472,0.0,relative windows,wake,wake_q1,hr_mean,True,,True
monitoring_full_wake_pre_sleep_plus_prev_sleep,82,wake_q1_hr_p90,monitoring full v0 plus previous sleep context,float64,537,8.828522920203735,472,0.0,relative windows,wake,wake_q1,hr_p90,True,,True
monitoring_full_wake_pre_sleep_plus_prev_sleep,83,wake_q1_hr_std,monitoring full v0 plus previous sleep context,float64,537,8.828522920203735,472,0.0,relative windows,wake,wake_q1,hr_std,True,,True
monitoring_full_wake_pre_sleep_plus_prev_sleep,84,wake_q1_stress_high_fraction,monitoring full v0 plus previous sleep context,float64,536,8.998302207130731,472,0.0,relative windows,wake,wake_q1,stress_high_fraction,True,,True
monitoring_full_wake_pre_sleep_plus_prev_sleep,85,wake_q1_stress_mean,monitoring full v0 plus previous sleep context,float64,536,8.998302207130731,472,0.0,relative windows,wake,wake_q1,stress_mean,True,,True
monitoring_full_wake_pre_sleep_plus_prev_sleep,86,wake_q1_stress_p90,monitoring full v0 plus previous sleep context,float64,536,8.998302207130731,472,0.0,relative windows,wake,wake_q1,stress_p90,True,,True
monitoring_full_wake_pre_sleep_plus_prev_sleep,87,wake_q1_stress_std,monitoring full v0 plus previous sleep context,float64,536,8.998302207130731,472,0.0,relative windows,wake,wake_q1,stress_std,True,,True
monitoring_full_wake_pre_sleep_plus_prev_sleep,88,wake_q2_hr_mean,monitoring full v0 plus previous sleep context,float64,528,10.35653650254669,472,0.0,relative windows,wake,wake_q2,hr_mean,True,,True
monitoring_full_wake_pre_sleep_plus_prev_sleep,89,wake_q2_hr_p90,monitoring full v0 plus previous sleep context,float64,528,10.35653650254669,472,0.0,relative windows,wake,wake_q2,hr_p90,True,,True
monitoring_full_wake_pre_sleep_plus_prev_sleep,90,wake_q2_hr_std,monitoring full v0 plus previous sleep context,float64,528,10.35653650254669,472,0.0,relative windows,wake,wake_q2,hr_std,True,,True
monitoring_full_wake_pre_sleep_plus_prev_sleep,91,wake_q2_stress_high_fraction,monitoring full v0 plus previous sleep context,float64,526,10.69609507640068,470,0.423728813559322,relative windows,wake,wake_q2,stress_high_fraction,True,,True
monitoring_full_wake_pre_sleep_plus_prev_sleep,92,wake_q2_stress_mean,monitoring full v0 plus previous sleep context,float64,526,10.69609507640068,470,0.423728813559322,relative windows,wake,wake_q2,stress_mean,True,,True
monitoring_full_wake_pre_sleep_plus_prev_sleep,93,wake_q2_stress_p90,monitoring full v0 plus previous sleep context,float64,526,10.69609507640068,470,0.423728813559322,relative windows,wake,wake_q2,stress_p90,True,,True
monitoring_full_wake_pre_sleep_plus_prev_sleep,94,wake_q2_stress_std,monitoring full v0 plus previous sleep context,float64,526,10.69609507640068,470,0.423728813559322,relative windows,wake,wake_q2,stress_std,True,,True
monitoring_full_wake_pre_sleep_plus_prev_sleep,95,wake_q3_hr_mean,monitoring full v0 plus previous sleep context,float64,527,10.526315789473683,472,0.0,relative windows,wake,wake_q3,hr_mean,True,,True
monitoring_full_wake_pre_sleep_plus_prev_sleep,96,wake_q3_hr_p90,monitoring full v0 plus previous sleep context,float64,527,10.526315789473683,472,0.0,relative windows,wake,wake_q3,hr_p90,True,,True
monitoring_full_wake_pre_sleep_plus_prev_sleep,97,wake_q3_hr_std,monitoring full v0 plus previous sleep context,float64,527,10.526315789473683,472,0.0,relative windows,wake,wake_q3,hr_std,True,,True
monitoring_full_wake_pre_sleep_plus_prev_sleep,98,wake_q3_stress_high_fraction,monitoring full v0 plus previous sleep context,float64,526,10.69609507640068,472,0.0,relative windows,wake,wake_q3,stress_high_fraction,True,,True
monitoring_full_wake_pre_sleep_plus_prev_sleep,99,wake_q3_stress_mean,monitoring full v0 plus previous sleep context,float64,526,10.69609507640068,472,0.0,relative windows,wake,wake_q3,stress_mean,True,,True
monitoring_full_wake_pre_sleep_plus_prev_sleep,100,wake_q3_stress_p90,monitoring full v0 plus previous sleep context,float64,526,10.69609507640068,472,0.0,relative windows,wake,wake_q3,stress_p90,True,,True
monitoring_full_wake_pre_sleep_plus_prev_sleep,101,wake_q3_stress_std,monitoring full v0 plus previous sleep context,float64,526,10.69609507640068,472,0.0,relative windows,wake,wake_q3,stress_std,True,,True
monitoring_full_wake_pre_sleep_plus_prev_sleep,102,wake_q4_hr_mean,monitoring full v0 plus previous sleep context,float64,540,8.31918505942275,472,0.0,relative windows,wake,wake_q4,hr_mean,True,,True
monitoring_full_wake_pre_sleep_plus_prev_sleep,103,wake_q4_hr_p90,monitoring full v0 plus previous sleep context,float64,540,8.31918505942275,472,0.0,relative windows,wake,wake_q4,hr_p90,True,,True
monitoring_full_wake_pre_sleep_plus_prev_sleep,104,wake_q4_hr_std,monitoring full v0 plus previous sleep context,float64,540,8.31918505942275,472,0.0,relative windows,wake,wake_q4,hr_std,True,,True
monitoring_full_wake_pre_sleep_plus_prev_sleep,105,wake_q4_stress_high_fraction,monitoring full v0 plus previous sleep context,float64,540,8.31918505942275,472,0.0,relative windows,wake,wake_q4,stress_high_fraction,True,,True
monitoring_full_wake_pre_sleep_plus_prev_sleep,106,wake_q4_stress_mean,monitoring full v0 plus previous sleep context,float64,540,8.31918505942275,472,0.0,relative windows,wake,wake_q4,stress_mean,True,,True
monitoring_full_wake_pre_sleep_plus_prev_sleep,107,wake_q4_stress_p90,monitoring full v0 plus previous sleep context,float64,540,8.31918505942275,472,0.0,relative windows,wake,wake_q4,stress_p90,True,,True
monitoring_full_wake_pre_sleep_plus_prev_sleep,108,wake_q4_stress_std,monitoring full v0 plus previous sleep context,float64,540,8.31918505942275,472,0.0,relative windows,wake,wake_q4,stress_std,True,,True
monitoring_full_wake_pre_sleep_plus_prev_sleep,109,pre_sleep_4h_hr_slope_per_hour,monitoring full v0 plus previous sleep context,float64,523,11.205432937181664,472,0.0,trends,wake/pre-sleep,pre_sleep_4h,slope_per_hour,True,,True
monitoring_full_wake_pre_sleep_plus_prev_sleep,110,pre_sleep_4h_hr_trend_r2,monitoring full v0 plus previous sleep context,float64,523,11.205432937181664,472,0.0,trends,wake/pre-sleep,pre_sleep_4h,trend_r2,True,,True
monitoring_full_wake_pre_sleep_plus_prev_sleep,111,pre_sleep_4h_stress_slope_per_hour,monitoring full v0 plus previous sleep context,float64,523,11.205432937181664,472,0.0,trends,wake/pre-sleep,pre_sleep_4h,slope_per_hour,True,,True
monitoring_full_wake_pre_sleep_plus_prev_sleep,112,pre_sleep_4h_stress_trend_r2,monitoring full v0 plus previous sleep context,float64,523,11.205432937181664,472,0.0,trends,wake/pre-sleep,pre_sleep_4h,trend_r2,True,,True
monitoring_full_wake_pre_sleep_plus_prev_sleep,113,wake_hr_slope_per_hour,monitoring full v0 plus previous sleep context,float64,557,5.432937181663837,472,0.0,trends,wake,wake_phase,slope_per_hour,True,,True
monitoring_full_wake_pre_sleep_plus_prev_sleep,114,wake_hr_trend_r2,monitoring full v0 plus previous sleep context,float64,557,5.432937181663837,472,0.0,trends,wake,wake_phase,trend_r2,True,,True
monitoring_full_wake_pre_sleep_plus_prev_sleep,115,wake_stress_slope_per_hour,monitoring full v0 plus previous sleep context,float64,557,5.432937181663837,472,0.0,trends,wake,wake_phase,slope_per_hour,True,,True
monitoring_full_wake_pre_sleep_plus_prev_sleep,116,wake_stress_trend_r2,monitoring full v0 plus previous sleep context,float64,557,5.432937181663837,472,0.0,trends,wake,wake_phase,trend_r2,True,,True
monitoring_full_wake_pre_sleep_plus_prev_sleep,117,wake_frac_hr_below_zone1_stress_high,monitoring full v0 plus previous sleep context,float64,556,5.602716468590832,472,0.0,HR/stress coupling,wake,wake_phase,wake_frac_hr_below_zone1_stress_high,True,,True
monitoring_full_wake_pre_sleep_plus_prev_sleep,118,wake_frac_hr_zone2_plus_stress_high,monitoring full v0 plus previous sleep context,float64,556,5.602716468590832,472,0.0,HR/stress coupling,wake,wake_phase,wake_frac_hr_zone2_plus_stress_high,True,,True
monitoring_full_wake_pre_sleep_plus_prev_sleep,119,wake_hr_diff_stress_diff_corr,monitoring full v0 plus previous sleep context,float64,556,5.602716468590832,472,0.0,HR/stress coupling,wake,wake_phase,diff_stress_diff_corr,True,,True
monitoring_full_wake_pre_sleep_plus_prev_sleep,120,wake_hr_stress_corr,monitoring full v0 plus previous sleep context,float64,556,5.602716468590832,472,0.0,HR/stress coupling,wake,wake_phase,stress_corr,True,,True
monitoring_full_wake_pre_sleep_plus_prev_sleep,121,wake_stress_hr_r2,monitoring full v0 plus previous sleep context,float64,556,5.602716468590832,472,0.0,HR/stress coupling,wake,wake_phase,hr_r2,True,,True
monitoring_full_wake_pre_sleep_plus_prev_sleep,122,wake_stress_hr_slope,monitoring full v0 plus previous sleep context,float64,556,5.602716468590832,472,0.0,HR/stress coupling,wake,wake_phase,hr_slope,True,,True
monitoring_full_wake_pre_sleep_plus_prev_sleep,123,next_sleep_start_hour_local_wrapped,monitoring full v0 plus previous sleep context,float64,524,11.03565365025467,472,0.0,schedule/context,wake/pre-sleep,next_sleep_boundary,start_hour_local_wrapped,True,,True
monitoring_full_wake_pre_sleep_plus_prev_sleep,124,prev_sleep_hours,monitoring full v0 plus previous sleep context,float64,556,5.602716468590832,472,0.0,previous sleep context,sleep,previous_sleep,duration_hours,True,,False
monitoring_full_wake_pre_sleep_plus_prev_sleep,125,prev_sleep_avg_stress,monitoring full v0 plus previous sleep context,float64,556,5.602716468590832,472,0.0,previous sleep context,sleep,previous_sleep,avg_sleep_stress,True,,False
monitoring_full_wake_pre_sleep_plus_prev_sleep,126,prev_sleep_score,monitoring full v0 plus previous sleep context,Int64,555,5.772495755517826,471,0.211864406779661,previous sleep context,sleep,previous_sleep,overall_score,True,,False
monitoring_full_wake_pre_sleep_plus_prev_sleep,127,prev_sleep_recovery,monitoring full v0 plus previous sleep context,Int64,555,5.772495755517826,471,0.211864406779661,previous sleep context,sleep,previous_sleep,recovery_score,True,,False
monitoring_full_wake_pre_sleep_plus_prev_sleep,128,prev_sleep_start_hour,monitoring full v0 plus previous sleep context,float64,556,5.602716468590832,472,0.0,previous sleep context,sleep,previous_sleep,start_hour_local_wrapped,True,,False
monitoring_full_wake_pre_sleep_plus_prev_sleep,129,wake_start_hour,monitoring full v0 plus previous sleep context,float64,589,0.0,472,0.0,previous sleep context,wake,wake_phase,start_hour_local_wrapped,True,,False
monitoring_full_wake_pre_sleep_plus_prev_sleep,130,prev_sleep_hr_mean,monitoring full v0 plus previous sleep context,float64,555,5.772495755517826,472,0.0,previous sleep context,sleep,previous_sleep,hr_mean,True,,False
monitoring_full_wake_pre_sleep_plus_prev_sleep,131,prev_sleep_hr_std,monitoring full v0 plus previous sleep context,float64,555,5.772495755517826,472,0.0,previous sleep context,sleep,previous_sleep,hr_std,True,,False
monitoring_full_wake_pre_sleep_plus_prev_sleep,132,prev_sleep_stress_mean,monitoring full v0 plus previous sleep context,float64,555,5.772495755517826,472,0.0,previous sleep context,sleep,previous_sleep,stress_mean,True,,False
monitoring_full_wake_pre_sleep_plus_prev_sleep,133,prev_sleep_stress_p90,monitoring full v0 plus previous sleep context,float64,555,5.772495755517826,472,0.0,previous sleep context,sleep,previous_sleep,stress_p90,True,,False
monitoring_full_wake_pre_sleep_plus_history,1,wake_hr_histogram_entropy,monitoring full v0 plus recent sleep history,float64,557,5.432937181663837,472,0.0,distribution/shape,wake,wake_phase,histogram_entropy,True,,True
monitoring_full_wake_pre_sleep_plus_history,2,wake_hr_iqr,monitoring full v0 plus recent sleep history,float64,557,5.432937181663837,472,0.0,distribution/shape,wake,wake_phase,iqr,True,,True
monitoring_full_wake_pre_sleep_plus_history,3,wake_hr_kurtosis,monitoring full v0 plus recent sleep history,float64,557,5.432937181663837,472,0.0,distribution/shape,wake,wake_phase,kurtosis,True,,True
monitoring_full_wake_pre_sleep_plus_history,4,wake_hr_mad,monitoring full v0 plus recent sleep history,float64,557,5.432937181663837,472,0.0,distribution/shape,wake,wake_phase,mad,True,,True
monitoring_full_wake_pre_sleep_plus_history,5,wake_hr_max,monitoring full v0 plus recent sleep history,float64,557,5.432937181663837,472,0.0,distribution/shape,wake,wake_phase,max,True,,True
monitoring_full_wake_pre_sleep_plus_history,6,wake_hr_mean,monitoring full v0 plus recent sleep history,float64,557,5.432937181663837,472,0.0,distribution/shape,wake,wake_phase,mean,True,,True
monitoring_full_wake_pre_sleep_plus_history,7,wake_hr_median,monitoring full v0 plus recent sleep history,float64,557,5.432937181663837,472,0.0,distribution/shape,wake,wake_phase,median,True,,True
monitoring_full_wake_pre_sleep_plus_history,8,wake_hr_min,monitoring full v0 plus recent sleep history,float64,557,5.432937181663837,472,0.0,distribution/shape,wake,wake_phase,min,True,,True
monitoring_full_wake_pre_sleep_plus_history,9,wake_hr_p10,monitoring full v0 plus recent sleep history,float64,557,5.432937181663837,472,0.0,distribution/shape,wake,wake_phase,p10,True,,True
monitoring_full_wake_pre_sleep_plus_history,10,wake_hr_p25,monitoring full v0 plus recent sleep history,float64,557,5.432937181663837,472,0.0,distribution/shape,wake,wake_phase,p25,True,,True
monitoring_full_wake_pre_sleep_plus_history,11,wake_hr_p75,monitoring full v0 plus recent sleep history,float64,557,5.432937181663837,472,0.0,distribution/shape,wake,wake_phase,p75,True,,True
monitoring_full_wake_pre_sleep_plus_history,12,wake_hr_p90,monitoring full v0 plus recent sleep history,float64,557,5.432937181663837,472,0.0,distribution/shape,wake,wake_phase,p90,True,,True
monitoring_full_wake_pre_sleep_plus_history,13,wake_hr_range,monitoring full v0 plus recent sleep history,float64,557,5.432937181663837,472,0.0,distribution/shape,wake,wake_phase,range,True,,True
monitoring_full_wake_pre_sleep_plus_history,14,wake_hr_skewness,monitoring full v0 plus recent sleep history,float64,557,5.432937181663837,472,0.0,distribution/shape,wake,wake_phase,skewness,True,,True
monitoring_full_wake_pre_sleep_plus_history,15,wake_hr_std,monitoring full v0 plus recent sleep history,float64,557,5.432937181663837,472,0.0,distribution/shape,wake,wake_phase,std,True,,True
monitoring_full_wake_pre_sleep_plus_history,16,wake_stress_histogram_entropy,monitoring full v0 plus recent sleep history,float64,557,5.432937181663837,472,0.0,distribution/shape,wake,wake_phase,histogram_entropy,True,,True
monitoring_full_wake_pre_sleep_plus_history,17,wake_stress_iqr,monitoring full v0 plus recent sleep history,float64,557,5.432937181663837,472,0.0,distribution/shape,wake,wake_phase,iqr,True,,True
monitoring_full_wake_pre_sleep_plus_history,18,wake_stress_kurtosis,monitoring full v0 plus recent sleep history,float64,557,5.432937181663837,472,0.0,distribution/shape,wake,wake_phase,kurtosis,True,,True
monitoring_full_wake_pre_sleep_plus_history,19,wake_stress_mad,monitoring full v0 plus recent sleep history,float64,557,5.432937181663837,472,0.0,distribution/shape,wake,wake_phase,mad,True,,True
monitoring_full_wake_pre_sleep_plus_history,20,wake_stress_max,monitoring full v0 plus recent sleep history,float64,557,5.432937181663837,472,0.0,distribution/shape,wake,wake_phase,max,True,,True
monitoring_full_wake_pre_sleep_plus_history,21,wake_stress_mean,monitoring full v0 plus recent sleep history,float64,557,5.432937181663837,472,0.0,distribution/shape,wake,wake_phase,mean,True,,True
monitoring_full_wake_pre_sleep_plus_history,22,wake_stress_median,monitoring full v0 plus recent sleep history,float64,557,5.432937181663837,472,0.0,distribution/shape,wake,wake_phase,median,True,,True
monitoring_full_wake_pre_sleep_plus_history,23,wake_stress_min,monitoring full v0 plus recent sleep history,float64,557,5.432937181663837,472,0.0,distribution/shape,wake,wake_phase,min,True,,True
monitoring_full_wake_pre_sleep_plus_history,24,wake_stress_p10,monitoring full v0 plus recent sleep history,float64,557,5.432937181663837,472,0.0,distribution/shape,wake,wake_phase,p10,True,,True
monitoring_full_wake_pre_sleep_plus_history,25,wake_stress_p25,monitoring full v0 plus recent sleep history,float64,557,5.432937181663837,472,0.0,distribution/shape,wake,wake_phase,p25,True,,True
monitoring_full_wake_pre_sleep_plus_history,26,wake_stress_p75,monitoring full v0 plus recent sleep history,float64,557,5.432937181663837,472,0.0,distribution/shape,wake,wake_phase,p75,True,,True
monitoring_full_wake_pre_sleep_plus_history,27,wake_stress_p90,monitoring full v0 plus recent sleep history,float64,557,5.432937181663837,472,0.0,distribution/shape,wake,wake_phase,p90,True,,True
monitoring_full_wake_pre_sleep_plus_history,28,wake_stress_range,monitoring full v0 plus recent sleep history,float64,557,5.432937181663837,472,0.0,distribution/shape,wake,wake_phase,range,True,,True
monitoring_full_wake_pre_sleep_plus_history,29,wake_stress_skewness,monitoring full v0 plus recent sleep history,float64,557,5.432937181663837,472,0.0,distribution/shape,wake,wake_phase,skewness,True,,True
monitoring_full_wake_pre_sleep_plus_history,30,wake_stress_std,monitoring full v0 plus recent sleep history,float64,557,5.432937181663837,472,0.0,distribution/shape,wake,wake_phase,std,True,,True
monitoring_full_wake_pre_sleep_plus_history,31,wake_stress_frac_active,monitoring full v0 plus recent sleep history,float64,557,5.432937181663837,472,0.0,stress state fractions,wake,wake_phase,frac_active,True,,True
monitoring_full_wake_pre_sleep_plus_history,32,wake_stress_frac_high,monitoring full v0 plus recent sleep history,float64,557,5.432937181663837,472,0.0,stress state fractions,wake,wake_phase,frac_high,True,,True
monitoring_full_wake_pre_sleep_plus_history,33,wake_stress_frac_low,monitoring full v0 plus recent sleep history,float64,557,5.432937181663837,472,0.0,stress state fractions,wake,wake_phase,frac_low,True,,True
monitoring_full_wake_pre_sleep_plus_history,34,wake_stress_frac_medium,monitoring full v0 plus recent sleep history,float64,557,5.432937181663837,472,0.0,stress state fractions,wake,wake_phase,frac_medium,True,,True
monitoring_full_wake_pre_sleep_plus_history,35,wake_stress_frac_resting,monitoring full v0 plus recent sleep history,float64,557,5.432937181663837,472,0.0,stress state fractions,wake,wake_phase,frac_resting,True,,True
monitoring_full_wake_pre_sleep_plus_history,36,wake_hr_frac_below_zone1,monitoring full v0 plus recent sleep history,float64,557,5.432937181663837,472,0.0,HR MHR zones,wake,wake_phase,frac_below_zone1,True,,True
monitoring_full_wake_pre_sleep_plus_history,37,wake_hr_frac_zone1,monitoring full v0 plus recent sleep history,float64,557,5.432937181663837,472,0.0,HR MHR zones,wake,wake_phase,frac_zone1,True,,True
monitoring_full_wake_pre_sleep_plus_history,38,wake_hr_frac_zone2,monitoring full v0 plus recent sleep history,float64,557,5.432937181663837,472,0.0,HR MHR zones,wake,wake_phase,frac_zone2,True,,True
monitoring_full_wake_pre_sleep_plus_history,39,wake_hr_frac_zone3,monitoring full v0 plus recent sleep history,float64,557,5.432937181663837,472,0.0,HR MHR zones,wake,wake_phase,frac_zone3,True,,True
monitoring_full_wake_pre_sleep_plus_history,40,wake_hr_frac_zone4,monitoring full v0 plus recent sleep history,float64,557,5.432937181663837,472,0.0,HR MHR zones,wake,wake_phase,frac_zone4,True,,True
monitoring_full_wake_pre_sleep_plus_history,41,wake_hr_frac_zone5,monitoring full v0 plus recent sleep history,float64,557,5.432937181663837,472,0.0,HR MHR zones,wake,wake_phase,frac_zone5,True,,True
monitoring_full_wake_pre_sleep_plus_history,42,wake_hr_max_abs_jump,monitoring full v0 plus recent sleep history,float64,557,5.432937181663837,472,0.0,variability/gaps,wake,wake_phase,max_abs_jump,True,,True
monitoring_full_wake_pre_sleep_plus_history,43,wake_hr_mean_abs_diff,monitoring full v0 plus recent sleep history,float64,557,5.432937181663837,472,0.0,variability/gaps,wake,wake_phase,mean_abs_diff,True,,True
monitoring_full_wake_pre_sleep_plus_history,44,wake_hr_median_abs_diff,monitoring full v0 plus recent sleep history,float64,557,5.432937181663837,472,0.0,variability/gaps,wake,wake_phase,median_abs_diff,True,,True
monitoring_full_wake_pre_sleep_plus_history,45,wake_hr_roughness,monitoring full v0 plus recent sleep history,float64,557,5.432937181663837,472,0.0,variability/gaps,wake,wake_phase,roughness,True,,True
monitoring_full_wake_pre_sleep_plus_history,46,wake_hr_std_diff,monitoring full v0 plus recent sleep history,float64,557,5.432937181663837,472,0.0,variability/gaps,wake,wake_phase,std_diff,True,,True
monitoring_full_wake_pre_sleep_plus_history,47,wake_stress_max_abs_jump,monitoring full v0 plus recent sleep history,float64,557,5.432937181663837,472,0.0,variability/gaps,wake,wake_phase,max_abs_jump,True,,True
monitoring_full_wake_pre_sleep_plus_history,48,wake_stress_mean_abs_diff,monitoring full v0 plus recent sleep history,float64,557,5.432937181663837,472,0.0,variability/gaps,wake,wake_phase,mean_abs_diff,True,,True
monitoring_full_wake_pre_sleep_plus_history,49,wake_stress_median_abs_diff,monitoring full v0 plus recent sleep history,float64,557,5.432937181663837,472,0.0,variability/gaps,wake,wake_phase,median_abs_diff,True,,True
monitoring_full_wake_pre_sleep_plus_history,50,wake_stress_roughness,monitoring full v0 plus recent sleep history,float64,557,5.432937181663837,472,0.0,variability/gaps,wake,wake_phase,roughness,True,,True
monitoring_full_wake_pre_sleep_plus_history,51,wake_stress_std_diff,monitoring full v0 plus recent sleep history,float64,557,5.432937181663837,472,0.0,variability/gaps,wake,wake_phase,std_diff,True,,True
monitoring_full_wake_pre_sleep_plus_history,52,wake_hr_zone2_plus_episode_count,monitoring full v0 plus recent sleep history,float64,557,5.432937181663837,472,0.0,episodes/state structure,wake,wake_phase,zone2_plus_episode_count,True,,True
monitoring_full_wake_pre_sleep_plus_history,53,wake_hr_zone2_plus_fragmentation_index,monitoring full v0 plus recent sleep history,float64,557,5.432937181663837,472,0.0,episodes/state structure,wake,wake_phase,zone2_plus_fragmentation_index,True,,True
monitoring_full_wake_pre_sleep_plus_history,54,wake_hr_zone2_plus_has_event,monitoring full v0 plus recent sleep history,float64,557,5.432937181663837,472,0.0,episodes/state structure,wake,wake_phase,zone2_plus_has_event,True,,True
monitoring_full_wake_pre_sleep_plus_history,55,wake_hr_zone2_plus_max_duration_minutes,monitoring full v0 plus recent sleep history,float64,557,5.432937181663837,472,0.0,episodes/state structure,wake,wake_phase,zone2_plus_max_duration_minutes,True,,True
monitoring_full_wake_pre_sleep_plus_history,56,wake_hr_zone2_plus_mean_duration_minutes,monitoring full v0 plus recent sleep history,float64,557,5.432937181663837,472,0.0,episodes/state structure,wake,wake_phase,zone2_plus_mean_duration_minutes,True,,True
monitoring_full_wake_pre_sleep_plus_history,57,wake_hr_zone2_plus_time_to_first_minutes,monitoring full v0 plus recent sleep history,float64,459,22.07130730050934,400,15.254237288135593,episodes/state structure,wake,wake_phase,zone2_plus_time_to_first_minutes,True,,True
monitoring_full_wake_pre_sleep_plus_history,58,wake_hr_zone2_plus_total_minutes,monitoring full v0 plus recent sleep history,float64,557,5.432937181663837,472,0.0,episodes/state structure,wake,wake_phase,zone2_plus_total_minutes,True,,True
monitoring_full_wake_pre_sleep_plus_history,59,wake_stress_active_episode_count,monitoring full v0 plus recent sleep history,float64,557,5.432937181663837,472,0.0,episodes/state structure,wake,wake_phase,active_episode_count,True,,True
monitoring_full_wake_pre_sleep_plus_history,60,wake_stress_active_fragmentation_index,monitoring full v0 plus recent sleep history,float64,557,5.432937181663837,472,0.0,episodes/state structure,wake,wake_phase,active_fragmentation_index,True,,True
monitoring_full_wake_pre_sleep_plus_history,61,wake_stress_active_max_duration_minutes,monitoring full v0 plus recent sleep history,float64,557,5.432937181663837,472,0.0,episodes/state structure,wake,wake_phase,active_max_duration_minutes,True,,True
monitoring_full_wake_pre_sleep_plus_history,62,wake_stress_active_mean_duration_minutes,monitoring full v0 plus recent sleep history,float64,557,5.432937181663837,472,0.0,episodes/state structure,wake,wake_phase,active_mean_duration_minutes,True,,True
monitoring_full_wake_pre_sleep_plus_history,63,wake_stress_active_time_to_first_minutes,monitoring full v0 plus recent sleep history,float64,557,5.432937181663837,472,0.0,episodes/state structure,wake,wake_phase,active_time_to_first_minutes,True,,True
monitoring_full_wake_pre_sleep_plus_history,64,wake_stress_active_total_minutes,monitoring full v0 plus recent sleep history,float64,557,5.432937181663837,472,0.0,episodes/state structure,wake,wake_phase,active_total_minutes,True,,True
monitoring_full_wake_pre_sleep_plus_history,65,wake_stress_high_episode_count,monitoring full v0 plus recent sleep history,float64,557,5.432937181663837,472,0.0,episodes/state structure,wake,wake_phase,high_episode_count,True,,True
monitoring_full_wake_pre_sleep_plus_history,66,wake_stress_high_fragmentation_index,monitoring full v0 plus recent sleep history,float64,557,5.432937181663837,472,0.0,episodes/state structure,wake,wake_phase,high_fragmentation_index,True,,True
monitoring_full_wake_pre_sleep_plus_history,67,wake_stress_high_has_event,monitoring full v0 plus recent sleep history,float64,557,5.432937181663837,472,0.0,episodes/state structure,wake,wake_phase,high_has_event,True,,True
monitoring_full_wake_pre_sleep_plus_history,68,wake_stress_high_max_duration_minutes,monitoring full v0 plus recent sleep history,float64,557,5.432937181663837,472,0.0,episodes/state structure,wake,wake_phase,high_max_duration_minutes,True,,True
monitoring_full_wake_pre_sleep_plus_history,69,wake_stress_high_mean_duration_minutes,monitoring full v0 plus recent sleep history,float64,557,5.432937181663837,472,0.0,episodes/state structure,wake,wake_phase,high_mean_duration_minutes,True,,True
monitoring_full_wake_pre_sleep_plus_history,70,wake_stress_high_time_to_first_minutes,monitoring full v0 plus recent sleep history,float64,552,6.281833616298811,472,0.0,episodes/state structure,wake,wake_phase,high_time_to_first_minutes,True,,True
monitoring_full_wake_pre_sleep_plus_history,71,wake_stress_high_total_minutes,monitoring full v0 plus recent sleep history,float64,557,5.432937181663837,472,0.0,episodes/state structure,wake,wake_phase,high_total_minutes,True,,True
monitoring_full_wake_pre_sleep_plus_history,72,pre_sleep_4h_hr_early_minus_late,monitoring full v0 plus recent sleep history,float64,503,14.60101867572156,466,1.2711864406779663,recovery/deactivation,wake/pre-sleep,pre_sleep_4h,early_minus_late,True,,True
monitoring_full_wake_pre_sleep_plus_history,73,pre_sleep_4h_hr_mean,monitoring full v0 plus recent sleep history,float64,523,11.205432937181664,472,0.0,recovery/deactivation,wake/pre-sleep,pre_sleep_4h,mean,True,,True
monitoring_full_wake_pre_sleep_plus_history,74,pre_sleep_4h_hr_p90,monitoring full v0 plus recent sleep history,float64,523,11.205432937181664,472,0.0,recovery/deactivation,wake/pre-sleep,pre_sleep_4h,p90,True,,True
monitoring_full_wake_pre_sleep_plus_history,75,pre_sleep_4h_hr_std,monitoring full v0 plus recent sleep history,float64,523,11.205432937181664,472,0.0,recovery/deactivation,wake/pre-sleep,pre_sleep_4h,std,True,,True
monitoring_full_wake_pre_sleep_plus_history,76,pre_sleep_4h_stress_early_minus_late,monitoring full v0 plus recent sleep history,float64,503,14.60101867572156,466,1.2711864406779663,recovery/deactivation,wake/pre-sleep,pre_sleep_4h,early_minus_late,True,,True
monitoring_full_wake_pre_sleep_plus_history,77,pre_sleep_4h_stress_high_fraction,monitoring full v0 plus recent sleep history,float64,523,11.205432937181664,472,0.0,recovery/deactivation,wake/pre-sleep,pre_sleep_4h,high_fraction,True,,True
monitoring_full_wake_pre_sleep_plus_history,78,pre_sleep_4h_stress_mean,monitoring full v0 plus recent sleep history,float64,523,11.205432937181664,472,0.0,recovery/deactivation,wake/pre-sleep,pre_sleep_4h,mean,True,,True
monitoring_full_wake_pre_sleep_plus_history,79,pre_sleep_4h_stress_p90,monitoring full v0 plus recent sleep history,float64,523,11.205432937181664,472,0.0,recovery/deactivation,wake/pre-sleep,pre_sleep_4h,p90,True,,True
monitoring_full_wake_pre_sleep_plus_history,80,pre_sleep_4h_stress_std,monitoring full v0 plus recent sleep history,float64,523,11.205432937181664,472,0.0,recovery/deactivation,wake/pre-sleep,pre_sleep_4h,std,True,,True
monitoring_full_wake_pre_sleep_plus_history,81,wake_q1_hr_mean,monitoring full v0 plus recent sleep history,float64,537,8.828522920203735,472,0.0,relative windows,wake,wake_q1,hr_mean,True,,True
monitoring_full_wake_pre_sleep_plus_history,82,wake_q1_hr_p90,monitoring full v0 plus recent sleep history,float64,537,8.828522920203735,472,0.0,relative windows,wake,wake_q1,hr_p90,True,,True
monitoring_full_wake_pre_sleep_plus_history,83,wake_q1_hr_std,monitoring full v0 plus recent sleep history,float64,537,8.828522920203735,472,0.0,relative windows,wake,wake_q1,hr_std,True,,True
monitoring_full_wake_pre_sleep_plus_history,84,wake_q1_stress_high_fraction,monitoring full v0 plus recent sleep history,float64,536,8.998302207130731,472,0.0,relative windows,wake,wake_q1,stress_high_fraction,True,,True
monitoring_full_wake_pre_sleep_plus_history,85,wake_q1_stress_mean,monitoring full v0 plus recent sleep history,float64,536,8.998302207130731,472,0.0,relative windows,wake,wake_q1,stress_mean,True,,True
monitoring_full_wake_pre_sleep_plus_history,86,wake_q1_stress_p90,monitoring full v0 plus recent sleep history,float64,536,8.998302207130731,472,0.0,relative windows,wake,wake_q1,stress_p90,True,,True
monitoring_full_wake_pre_sleep_plus_history,87,wake_q1_stress_std,monitoring full v0 plus recent sleep history,float64,536,8.998302207130731,472,0.0,relative windows,wake,wake_q1,stress_std,True,,True
monitoring_full_wake_pre_sleep_plus_history,88,wake_q2_hr_mean,monitoring full v0 plus recent sleep history,float64,528,10.35653650254669,472,0.0,relative windows,wake,wake_q2,hr_mean,True,,True
monitoring_full_wake_pre_sleep_plus_history,89,wake_q2_hr_p90,monitoring full v0 plus recent sleep history,float64,528,10.35653650254669,472,0.0,relative windows,wake,wake_q2,hr_p90,True,,True
monitoring_full_wake_pre_sleep_plus_history,90,wake_q2_hr_std,monitoring full v0 plus recent sleep history,float64,528,10.35653650254669,472,0.0,relative windows,wake,wake_q2,hr_std,True,,True
monitoring_full_wake_pre_sleep_plus_history,91,wake_q2_stress_high_fraction,monitoring full v0 plus recent sleep history,float64,526,10.69609507640068,470,0.423728813559322,relative windows,wake,wake_q2,stress_high_fraction,True,,True
monitoring_full_wake_pre_sleep_plus_history,92,wake_q2_stress_mean,monitoring full v0 plus recent sleep history,float64,526,10.69609507640068,470,0.423728813559322,relative windows,wake,wake_q2,stress_mean,True,,True
monitoring_full_wake_pre_sleep_plus_history,93,wake_q2_stress_p90,monitoring full v0 plus recent sleep history,float64,526,10.69609507640068,470,0.423728813559322,relative windows,wake,wake_q2,stress_p90,True,,True
monitoring_full_wake_pre_sleep_plus_history,94,wake_q2_stress_std,monitoring full v0 plus recent sleep history,float64,526,10.69609507640068,470,0.423728813559322,relative windows,wake,wake_q2,stress_std,True,,True
monitoring_full_wake_pre_sleep_plus_history,95,wake_q3_hr_mean,monitoring full v0 plus recent sleep history,float64,527,10.526315789473683,472,0.0,relative windows,wake,wake_q3,hr_mean,True,,True
monitoring_full_wake_pre_sleep_plus_history,96,wake_q3_hr_p90,monitoring full v0 plus recent sleep history,float64,527,10.526315789473683,472,0.0,relative windows,wake,wake_q3,hr_p90,True,,True
monitoring_full_wake_pre_sleep_plus_history,97,wake_q3_hr_std,monitoring full v0 plus recent sleep history,float64,527,10.526315789473683,472,0.0,relative windows,wake,wake_q3,hr_std,True,,True
monitoring_full_wake_pre_sleep_plus_history,98,wake_q3_stress_high_fraction,monitoring full v0 plus recent sleep history,float64,526,10.69609507640068,472,0.0,relative windows,wake,wake_q3,stress_high_fraction,True,,True
monitoring_full_wake_pre_sleep_plus_history,99,wake_q3_stress_mean,monitoring full v0 plus recent sleep history,float64,526,10.69609507640068,472,0.0,relative windows,wake,wake_q3,stress_mean,True,,True
monitoring_full_wake_pre_sleep_plus_history,100,wake_q3_stress_p90,monitoring full v0 plus recent sleep history,float64,526,10.69609507640068,472,0.0,relative windows,wake,wake_q3,stress_p90,True,,True
monitoring_full_wake_pre_sleep_plus_history,101,wake_q3_stress_std,monitoring full v0 plus recent sleep history,float64,526,10.69609507640068,472,0.0,relative windows,wake,wake_q3,stress_std,True,,True
monitoring_full_wake_pre_sleep_plus_history,102,wake_q4_hr_mean,monitoring full v0 plus recent sleep history,float64,540,8.31918505942275,472,0.0,relative windows,wake,wake_q4,hr_mean,True,,True
monitoring_full_wake_pre_sleep_plus_history,103,wake_q4_hr_p90,monitoring full v0 plus recent sleep history,float64,540,8.31918505942275,472,0.0,relative windows,wake,wake_q4,hr_p90,True,,True
monitoring_full_wake_pre_sleep_plus_history,104,wake_q4_hr_std,monitoring full v0 plus recent sleep history,float64,540,8.31918505942275,472,0.0,relative windows,wake,wake_q4,hr_std,True,,True
monitoring_full_wake_pre_sleep_plus_history,105,wake_q4_stress_high_fraction,monitoring full v0 plus recent sleep history,float64,540,8.31918505942275,472,0.0,relative windows,wake,wake_q4,stress_high_fraction,True,,True
monitoring_full_wake_pre_sleep_plus_history,106,wake_q4_stress_mean,monitoring full v0 plus recent sleep history,float64,540,8.31918505942275,472,0.0,relative windows,wake,wake_q4,stress_mean,True,,True
monitoring_full_wake_pre_sleep_plus_history,107,wake_q4_stress_p90,monitoring full v0 plus recent sleep history,float64,540,8.31918505942275,472,0.0,relative windows,wake,wake_q4,stress_p90,True,,True
monitoring_full_wake_pre_sleep_plus_history,108,wake_q4_stress_std,monitoring full v0 plus recent sleep history,float64,540,8.31918505942275,472,0.0,relative windows,wake,wake_q4,stress_std,True,,True
monitoring_full_wake_pre_sleep_plus_history,109,pre_sleep_4h_hr_slope_per_hour,monitoring full v0 plus recent sleep history,float64,523,11.205432937181664,472,0.0,trends,wake/pre-sleep,pre_sleep_4h,slope_per_hour,True,,True
monitoring_full_wake_pre_sleep_plus_history,110,pre_sleep_4h_hr_trend_r2,monitoring full v0 plus recent sleep history,float64,523,11.205432937181664,472,0.0,trends,wake/pre-sleep,pre_sleep_4h,trend_r2,True,,True
monitoring_full_wake_pre_sleep_plus_history,111,pre_sleep_4h_stress_slope_per_hour,monitoring full v0 plus recent sleep history,float64,523,11.205432937181664,472,0.0,trends,wake/pre-sleep,pre_sleep_4h,slope_per_hour,True,,True
monitoring_full_wake_pre_sleep_plus_history,112,pre_sleep_4h_stress_trend_r2,monitoring full v0 plus recent sleep history,float64,523,11.205432937181664,472,0.0,trends,wake/pre-sleep,pre_sleep_4h,trend_r2,True,,True
monitoring_full_wake_pre_sleep_plus_history,113,wake_hr_slope_per_hour,monitoring full v0 plus recent sleep history,float64,557,5.432937181663837,472,0.0,trends,wake,wake_phase,slope_per_hour,True,,True
monitoring_full_wake_pre_sleep_plus_history,114,wake_hr_trend_r2,monitoring full v0 plus recent sleep history,float64,557,5.432937181663837,472,0.0,trends,wake,wake_phase,trend_r2,True,,True
monitoring_full_wake_pre_sleep_plus_history,115,wake_stress_slope_per_hour,monitoring full v0 plus recent sleep history,float64,557,5.432937181663837,472,0.0,trends,wake,wake_phase,slope_per_hour,True,,True
monitoring_full_wake_pre_sleep_plus_history,116,wake_stress_trend_r2,monitoring full v0 plus recent sleep history,float64,557,5.432937181663837,472,0.0,trends,wake,wake_phase,trend_r2,True,,True
monitoring_full_wake_pre_sleep_plus_history,117,wake_frac_hr_below_zone1_stress_high,monitoring full v0 plus recent sleep history,float64,556,5.602716468590832,472,0.0,HR/stress coupling,wake,wake_phase,wake_frac_hr_below_zone1_stress_high,True,,True
monitoring_full_wake_pre_sleep_plus_history,118,wake_frac_hr_zone2_plus_stress_high,monitoring full v0 plus recent sleep history,float64,556,5.602716468590832,472,0.0,HR/stress coupling,wake,wake_phase,wake_frac_hr_zone2_plus_stress_high,True,,True
monitoring_full_wake_pre_sleep_plus_history,119,wake_hr_diff_stress_diff_corr,monitoring full v0 plus recent sleep history,float64,556,5.602716468590832,472,0.0,HR/stress coupling,wake,wake_phase,diff_stress_diff_corr,True,,True
monitoring_full_wake_pre_sleep_plus_history,120,wake_hr_stress_corr,monitoring full v0 plus recent sleep history,float64,556,5.602716468590832,472,0.0,HR/stress coupling,wake,wake_phase,stress_corr,True,,True
monitoring_full_wake_pre_sleep_plus_history,121,wake_stress_hr_r2,monitoring full v0 plus recent sleep history,float64,556,5.602716468590832,472,0.0,HR/stress coupling,wake,wake_phase,hr_r2,True,,True
monitoring_full_wake_pre_sleep_plus_history,122,wake_stress_hr_slope,monitoring full v0 plus recent sleep history,float64,556,5.602716468590832,472,0.0,HR/stress coupling,wake,wake_phase,hr_slope,True,,True
monitoring_full_wake_pre_sleep_plus_history,123,next_sleep_start_hour_local_wrapped,monitoring full v0 plus recent sleep history,float64,524,11.03565365025467,472,0.0,schedule/context,wake/pre-sleep,next_sleep_boundary,start_hour_local_wrapped,True,,True
monitoring_full_wake_pre_sleep_plus_history,124,hist3_sleep_avg_stress,monitoring full v0 plus recent sleep history,float64,588,0.1697792869269949,471,0.211864406779661,recent sleep history,sleep,prior_3_sleep_observations,avg_sleep_stress_mean,True,,False
monitoring_full_wake_pre_sleep_plus_history,125,hist7_sleep_avg_stress,monitoring full v0 plus recent sleep history,float64,588,0.1697792869269949,471,0.211864406779661,recent sleep history,sleep,prior_7_sleep_observations,avg_sleep_stress_mean,True,,False
monitoring_full_wake_pre_sleep_plus_history,126,hist3_sleep_score,monitoring full v0 plus recent sleep history,float64,588,0.1697792869269949,471,0.211864406779661,recent sleep history,sleep,prior_3_sleep_observations,overall_score_mean,True,,False
monitoring_full_wake_pre_sleep_plus_history,127,hist7_sleep_score,monitoring full v0 plus recent sleep history,float64,588,0.1697792869269949,471,0.211864406779661,recent sleep history,sleep,prior_7_sleep_observations,overall_score_mean,True,,False
monitoring_full_wake_pre_sleep_plus_history,128,hist3_sleep_recovery,monitoring full v0 plus recent sleep history,float64,588,0.1697792869269949,471,0.211864406779661,recent sleep history,sleep,prior_3_sleep_observations,recovery_score_mean,True,,False
monitoring_full_wake_pre_sleep_plus_history,129,hist7_sleep_recovery,monitoring full v0 plus recent sleep history,float64,588,0.1697792869269949,471,0.211864406779661,recent sleep history,sleep,prior_7_sleep_observations,recovery_score_mean,True,,False
monitoring_full_wake_pre_sleep_plus_history,130,hist3_sleep_hours,monitoring full v0 plus recent sleep history,float64,588,0.1697792869269949,471,0.211864406779661,recent sleep history,sleep,prior_3_sleep_observations,duration_hours_mean,True,,False
monitoring_full_wake_pre_sleep_plus_history,131,hist7_sleep_hours,monitoring full v0 plus recent sleep history,float64,588,0.1697792869269949,471,0.211864406779661,recent sleep history,sleep,prior_7_sleep_observations,duration_hours_mean,True,,False
monitoring_full_wake_pre_sleep_plus_history,132,hist3_sleep_count,monitoring full v0 plus recent sleep history,int64,589,0.0,472,0.0,recent sleep history,sleep,prior_3_sleep_observations,available_observation_count,True,,False
monitoring_full_wake_pre_sleep_plus_history,133,hist7_sleep_count,monitoring full v0 plus recent sleep history,int64,589,0.0,472,0.0,recent sleep history,sleep,prior_7_sleep_observations,available_observation_count,True,,False
monitoring_full_wake_pre_sleep_plus_state,1,wake_hr_histogram_entropy,monitoring full v0 plus state context,float64,557,5.432937181663837,472,0.0,distribution/shape,wake,wake_phase,histogram_entropy,True,,True
monitoring_full_wake_pre_sleep_plus_state,2,wake_hr_iqr,monitoring full v0 plus state context,float64,557,5.432937181663837,472,0.0,distribution/shape,wake,wake_phase,iqr,True,,True
monitoring_full_wake_pre_sleep_plus_state,3,wake_hr_kurtosis,monitoring full v0 plus state context,float64,557,5.432937181663837,472,0.0,distribution/shape,wake,wake_phase,kurtosis,True,,True
monitoring_full_wake_pre_sleep_plus_state,4,wake_hr_mad,monitoring full v0 plus state context,float64,557,5.432937181663837,472,0.0,distribution/shape,wake,wake_phase,mad,True,,True
monitoring_full_wake_pre_sleep_plus_state,5,wake_hr_max,monitoring full v0 plus state context,float64,557,5.432937181663837,472,0.0,distribution/shape,wake,wake_phase,max,True,,True
monitoring_full_wake_pre_sleep_plus_state,6,wake_hr_mean,monitoring full v0 plus state context,float64,557,5.432937181663837,472,0.0,distribution/shape,wake,wake_phase,mean,True,,True
monitoring_full_wake_pre_sleep_plus_state,7,wake_hr_median,monitoring full v0 plus state context,float64,557,5.432937181663837,472,0.0,distribution/shape,wake,wake_phase,median,True,,True
monitoring_full_wake_pre_sleep_plus_state,8,wake_hr_min,monitoring full v0 plus state context,float64,557,5.432937181663837,472,0.0,distribution/shape,wake,wake_phase,min,True,,True
monitoring_full_wake_pre_sleep_plus_state,9,wake_hr_p10,monitoring full v0 plus state context,float64,557,5.432937181663837,472,0.0,distribution/shape,wake,wake_phase,p10,True,,True
monitoring_full_wake_pre_sleep_plus_state,10,wake_hr_p25,monitoring full v0 plus state context,float64,557,5.432937181663837,472,0.0,distribution/shape,wake,wake_phase,p25,True,,True
monitoring_full_wake_pre_sleep_plus_state,11,wake_hr_p75,monitoring full v0 plus state context,float64,557,5.432937181663837,472,0.0,distribution/shape,wake,wake_phase,p75,True,,True
monitoring_full_wake_pre_sleep_plus_state,12,wake_hr_p90,monitoring full v0 plus state context,float64,557,5.432937181663837,472,0.0,distribution/shape,wake,wake_phase,p90,True,,True
monitoring_full_wake_pre_sleep_plus_state,13,wake_hr_range,monitoring full v0 plus state context,float64,557,5.432937181663837,472,0.0,distribution/shape,wake,wake_phase,range,True,,True
monitoring_full_wake_pre_sleep_plus_state,14,wake_hr_skewness,monitoring full v0 plus state context,float64,557,5.432937181663837,472,0.0,distribution/shape,wake,wake_phase,skewness,True,,True
monitoring_full_wake_pre_sleep_plus_state,15,wake_hr_std,monitoring full v0 plus state context,float64,557,5.432937181663837,472,0.0,distribution/shape,wake,wake_phase,std,True,,True
monitoring_full_wake_pre_sleep_plus_state,16,wake_stress_histogram_entropy,monitoring full v0 plus state context,float64,557,5.432937181663837,472,0.0,distribution/shape,wake,wake_phase,histogram_entropy,True,,True
monitoring_full_wake_pre_sleep_plus_state,17,wake_stress_iqr,monitoring full v0 plus state context,float64,557,5.432937181663837,472,0.0,distribution/shape,wake,wake_phase,iqr,True,,True
monitoring_full_wake_pre_sleep_plus_state,18,wake_stress_kurtosis,monitoring full v0 plus state context,float64,557,5.432937181663837,472,0.0,distribution/shape,wake,wake_phase,kurtosis,True,,True
monitoring_full_wake_pre_sleep_plus_state,19,wake_stress_mad,monitoring full v0 plus state context,float64,557,5.432937181663837,472,0.0,distribution/shape,wake,wake_phase,mad,True,,True
monitoring_full_wake_pre_sleep_plus_state,20,wake_stress_max,monitoring full v0 plus state context,float64,557,5.432937181663837,472,0.0,distribution/shape,wake,wake_phase,max,True,,True
monitoring_full_wake_pre_sleep_plus_state,21,wake_stress_mean,monitoring full v0 plus state context,float64,557,5.432937181663837,472,0.0,distribution/shape,wake,wake_phase,mean,True,,True
monitoring_full_wake_pre_sleep_plus_state,22,wake_stress_median,monitoring full v0 plus state context,float64,557,5.432937181663837,472,0.0,distribution/shape,wake,wake_phase,median,True,,True
monitoring_full_wake_pre_sleep_plus_state,23,wake_stress_min,monitoring full v0 plus state context,float64,557,5.432937181663837,472,0.0,distribution/shape,wake,wake_phase,min,True,,True
monitoring_full_wake_pre_sleep_plus_state,24,wake_stress_p10,monitoring full v0 plus state context,float64,557,5.432937181663837,472,0.0,distribution/shape,wake,wake_phase,p10,True,,True
monitoring_full_wake_pre_sleep_plus_state,25,wake_stress_p25,monitoring full v0 plus state context,float64,557,5.432937181663837,472,0.0,distribution/shape,wake,wake_phase,p25,True,,True
monitoring_full_wake_pre_sleep_plus_state,26,wake_stress_p75,monitoring full v0 plus state context,float64,557,5.432937181663837,472,0.0,distribution/shape,wake,wake_phase,p75,True,,True
monitoring_full_wake_pre_sleep_plus_state,27,wake_stress_p90,monitoring full v0 plus state context,float64,557,5.432937181663837,472,0.0,distribution/shape,wake,wake_phase,p90,True,,True
monitoring_full_wake_pre_sleep_plus_state,28,wake_stress_range,monitoring full v0 plus state context,float64,557,5.432937181663837,472,0.0,distribution/shape,wake,wake_phase,range,True,,True
monitoring_full_wake_pre_sleep_plus_state,29,wake_stress_skewness,monitoring full v0 plus state context,float64,557,5.432937181663837,472,0.0,distribution/shape,wake,wake_phase,skewness,True,,True
monitoring_full_wake_pre_sleep_plus_state,30,wake_stress_std,monitoring full v0 plus state context,float64,557,5.432937181663837,472,0.0,distribution/shape,wake,wake_phase,std,True,,True
monitoring_full_wake_pre_sleep_plus_state,31,wake_stress_frac_active,monitoring full v0 plus state context,float64,557,5.432937181663837,472,0.0,stress state fractions,wake,wake_phase,frac_active,True,,True
monitoring_full_wake_pre_sleep_plus_state,32,wake_stress_frac_high,monitoring full v0 plus state context,float64,557,5.432937181663837,472,0.0,stress state fractions,wake,wake_phase,frac_high,True,,True
monitoring_full_wake_pre_sleep_plus_state,33,wake_stress_frac_low,monitoring full v0 plus state context,float64,557,5.432937181663837,472,0.0,stress state fractions,wake,wake_phase,frac_low,True,,True
monitoring_full_wake_pre_sleep_plus_state,34,wake_stress_frac_medium,monitoring full v0 plus state context,float64,557,5.432937181663837,472,0.0,stress state fractions,wake,wake_phase,frac_medium,True,,True
monitoring_full_wake_pre_sleep_plus_state,35,wake_stress_frac_resting,monitoring full v0 plus state context,float64,557,5.432937181663837,472,0.0,stress state fractions,wake,wake_phase,frac_resting,True,,True
monitoring_full_wake_pre_sleep_plus_state,36,wake_hr_frac_below_zone1,monitoring full v0 plus state context,float64,557,5.432937181663837,472,0.0,HR MHR zones,wake,wake_phase,frac_below_zone1,True,,True
monitoring_full_wake_pre_sleep_plus_state,37,wake_hr_frac_zone1,monitoring full v0 plus state context,float64,557,5.432937181663837,472,0.0,HR MHR zones,wake,wake_phase,frac_zone1,True,,True
monitoring_full_wake_pre_sleep_plus_state,38,wake_hr_frac_zone2,monitoring full v0 plus state context,float64,557,5.432937181663837,472,0.0,HR MHR zones,wake,wake_phase,frac_zone2,True,,True
monitoring_full_wake_pre_sleep_plus_state,39,wake_hr_frac_zone3,monitoring full v0 plus state context,float64,557,5.432937181663837,472,0.0,HR MHR zones,wake,wake_phase,frac_zone3,True,,True
monitoring_full_wake_pre_sleep_plus_state,40,wake_hr_frac_zone4,monitoring full v0 plus state context,float64,557,5.432937181663837,472,0.0,HR MHR zones,wake,wake_phase,frac_zone4,True,,True
monitoring_full_wake_pre_sleep_plus_state,41,wake_hr_frac_zone5,monitoring full v0 plus state context,float64,557,5.432937181663837,472,0.0,HR MHR zones,wake,wake_phase,frac_zone5,True,,True
monitoring_full_wake_pre_sleep_plus_state,42,wake_hr_max_abs_jump,monitoring full v0 plus state context,float64,557,5.432937181663837,472,0.0,variability/gaps,wake,wake_phase,max_abs_jump,True,,True
monitoring_full_wake_pre_sleep_plus_state,43,wake_hr_mean_abs_diff,monitoring full v0 plus state context,float64,557,5.432937181663837,472,0.0,variability/gaps,wake,wake_phase,mean_abs_diff,True,,True
monitoring_full_wake_pre_sleep_plus_state,44,wake_hr_median_abs_diff,monitoring full v0 plus state context,float64,557,5.432937181663837,472,0.0,variability/gaps,wake,wake_phase,median_abs_diff,True,,True
monitoring_full_wake_pre_sleep_plus_state,45,wake_hr_roughness,monitoring full v0 plus state context,float64,557,5.432937181663837,472,0.0,variability/gaps,wake,wake_phase,roughness,True,,True
monitoring_full_wake_pre_sleep_plus_state,46,wake_hr_std_diff,monitoring full v0 plus state context,float64,557,5.432937181663837,472,0.0,variability/gaps,wake,wake_phase,std_diff,True,,True
monitoring_full_wake_pre_sleep_plus_state,47,wake_stress_max_abs_jump,monitoring full v0 plus state context,float64,557,5.432937181663837,472,0.0,variability/gaps,wake,wake_phase,max_abs_jump,True,,True
monitoring_full_wake_pre_sleep_plus_state,48,wake_stress_mean_abs_diff,monitoring full v0 plus state context,float64,557,5.432937181663837,472,0.0,variability/gaps,wake,wake_phase,mean_abs_diff,True,,True
monitoring_full_wake_pre_sleep_plus_state,49,wake_stress_median_abs_diff,monitoring full v0 plus state context,float64,557,5.432937181663837,472,0.0,variability/gaps,wake,wake_phase,median_abs_diff,True,,True
monitoring_full_wake_pre_sleep_plus_state,50,wake_stress_roughness,monitoring full v0 plus state context,float64,557,5.432937181663837,472,0.0,variability/gaps,wake,wake_phase,roughness,True,,True
monitoring_full_wake_pre_sleep_plus_state,51,wake_stress_std_diff,monitoring full v0 plus state context,float64,557,5.432937181663837,472,0.0,variability/gaps,wake,wake_phase,std_diff,True,,True
monitoring_full_wake_pre_sleep_plus_state,52,wake_hr_zone2_plus_episode_count,monitoring full v0 plus state context,float64,557,5.432937181663837,472,0.0,episodes/state structure,wake,wake_phase,zone2_plus_episode_count,True,,True
monitoring_full_wake_pre_sleep_plus_state,53,wake_hr_zone2_plus_fragmentation_index,monitoring full v0 plus state context,float64,557,5.432937181663837,472,0.0,episodes/state structure,wake,wake_phase,zone2_plus_fragmentation_index,True,,True
monitoring_full_wake_pre_sleep_plus_state,54,wake_hr_zone2_plus_has_event,monitoring full v0 plus state context,float64,557,5.432937181663837,472,0.0,episodes/state structure,wake,wake_phase,zone2_plus_has_event,True,,True
monitoring_full_wake_pre_sleep_plus_state,55,wake_hr_zone2_plus_max_duration_minutes,monitoring full v0 plus state context,float64,557,5.432937181663837,472,0.0,episodes/state structure,wake,wake_phase,zone2_plus_max_duration_minutes,True,,True
monitoring_full_wake_pre_sleep_plus_state,56,wake_hr_zone2_plus_mean_duration_minutes,monitoring full v0 plus state context,float64,557,5.432937181663837,472,0.0,episodes/state structure,wake,wake_phase,zone2_plus_mean_duration_minutes,True,,True
monitoring_full_wake_pre_sleep_plus_state,57,wake_hr_zone2_plus_time_to_first_minutes,monitoring full v0 plus state context,float64,459,22.07130730050934,400,15.254237288135593,episodes/state structure,wake,wake_phase,zone2_plus_time_to_first_minutes,True,,True
monitoring_full_wake_pre_sleep_plus_state,58,wake_hr_zone2_plus_total_minutes,monitoring full v0 plus state context,float64,557,5.432937181663837,472,0.0,episodes/state structure,wake,wake_phase,zone2_plus_total_minutes,True,,True
monitoring_full_wake_pre_sleep_plus_state,59,wake_stress_active_episode_count,monitoring full v0 plus state context,float64,557,5.432937181663837,472,0.0,episodes/state structure,wake,wake_phase,active_episode_count,True,,True
monitoring_full_wake_pre_sleep_plus_state,60,wake_stress_active_fragmentation_index,monitoring full v0 plus state context,float64,557,5.432937181663837,472,0.0,episodes/state structure,wake,wake_phase,active_fragmentation_index,True,,True
monitoring_full_wake_pre_sleep_plus_state,61,wake_stress_active_max_duration_minutes,monitoring full v0 plus state context,float64,557,5.432937181663837,472,0.0,episodes/state structure,wake,wake_phase,active_max_duration_minutes,True,,True
monitoring_full_wake_pre_sleep_plus_state,62,wake_stress_active_mean_duration_minutes,monitoring full v0 plus state context,float64,557,5.432937181663837,472,0.0,episodes/state structure,wake,wake_phase,active_mean_duration_minutes,True,,True
monitoring_full_wake_pre_sleep_plus_state,63,wake_stress_active_time_to_first_minutes,monitoring full v0 plus state context,float64,557,5.432937181663837,472,0.0,episodes/state structure,wake,wake_phase,active_time_to_first_minutes,True,,True
monitoring_full_wake_pre_sleep_plus_state,64,wake_stress_active_total_minutes,monitoring full v0 plus state context,float64,557,5.432937181663837,472,0.0,episodes/state structure,wake,wake_phase,active_total_minutes,True,,True
monitoring_full_wake_pre_sleep_plus_state,65,wake_stress_high_episode_count,monitoring full v0 plus state context,float64,557,5.432937181663837,472,0.0,episodes/state structure,wake,wake_phase,high_episode_count,True,,True
monitoring_full_wake_pre_sleep_plus_state,66,wake_stress_high_fragmentation_index,monitoring full v0 plus state context,float64,557,5.432937181663837,472,0.0,episodes/state structure,wake,wake_phase,high_fragmentation_index,True,,True
monitoring_full_wake_pre_sleep_plus_state,67,wake_stress_high_has_event,monitoring full v0 plus state context,float64,557,5.432937181663837,472,0.0,episodes/state structure,wake,wake_phase,high_has_event,True,,True
monitoring_full_wake_pre_sleep_plus_state,68,wake_stress_high_max_duration_minutes,monitoring full v0 plus state context,float64,557,5.432937181663837,472,0.0,episodes/state structure,wake,wake_phase,high_max_duration_minutes,True,,True
monitoring_full_wake_pre_sleep_plus_state,69,wake_stress_high_mean_duration_minutes,monitoring full v0 plus state context,float64,557,5.432937181663837,472,0.0,episodes/state structure,wake,wake_phase,high_mean_duration_minutes,True,,True
monitoring_full_wake_pre_sleep_plus_state,70,wake_stress_high_time_to_first_minutes,monitoring full v0 plus state context,float64,552,6.281833616298811,472,0.0,episodes/state structure,wake,wake_phase,high_time_to_first_minutes,True,,True
monitoring_full_wake_pre_sleep_plus_state,71,wake_stress_high_total_minutes,monitoring full v0 plus state context,float64,557,5.432937181663837,472,0.0,episodes/state structure,wake,wake_phase,high_total_minutes,True,,True
monitoring_full_wake_pre_sleep_plus_state,72,pre_sleep_4h_hr_early_minus_late,monitoring full v0 plus state context,float64,503,14.60101867572156,466,1.2711864406779663,recovery/deactivation,wake/pre-sleep,pre_sleep_4h,early_minus_late,True,,True
monitoring_full_wake_pre_sleep_plus_state,73,pre_sleep_4h_hr_mean,monitoring full v0 plus state context,float64,523,11.205432937181664,472,0.0,recovery/deactivation,wake/pre-sleep,pre_sleep_4h,mean,True,,True
monitoring_full_wake_pre_sleep_plus_state,74,pre_sleep_4h_hr_p90,monitoring full v0 plus state context,float64,523,11.205432937181664,472,0.0,recovery/deactivation,wake/pre-sleep,pre_sleep_4h,p90,True,,True
monitoring_full_wake_pre_sleep_plus_state,75,pre_sleep_4h_hr_std,monitoring full v0 plus state context,float64,523,11.205432937181664,472,0.0,recovery/deactivation,wake/pre-sleep,pre_sleep_4h,std,True,,True
monitoring_full_wake_pre_sleep_plus_state,76,pre_sleep_4h_stress_early_minus_late,monitoring full v0 plus state context,float64,503,14.60101867572156,466,1.2711864406779663,recovery/deactivation,wake/pre-sleep,pre_sleep_4h,early_minus_late,True,,True
monitoring_full_wake_pre_sleep_plus_state,77,pre_sleep_4h_stress_high_fraction,monitoring full v0 plus state context,float64,523,11.205432937181664,472,0.0,recovery/deactivation,wake/pre-sleep,pre_sleep_4h,high_fraction,True,,True
monitoring_full_wake_pre_sleep_plus_state,78,pre_sleep_4h_stress_mean,monitoring full v0 plus state context,float64,523,11.205432937181664,472,0.0,recovery/deactivation,wake/pre-sleep,pre_sleep_4h,mean,True,,True
monitoring_full_wake_pre_sleep_plus_state,79,pre_sleep_4h_stress_p90,monitoring full v0 plus state context,float64,523,11.205432937181664,472,0.0,recovery/deactivation,wake/pre-sleep,pre_sleep_4h,p90,True,,True
monitoring_full_wake_pre_sleep_plus_state,80,pre_sleep_4h_stress_std,monitoring full v0 plus state context,float64,523,11.205432937181664,472,0.0,recovery/deactivation,wake/pre-sleep,pre_sleep_4h,std,True,,True
monitoring_full_wake_pre_sleep_plus_state,81,wake_q1_hr_mean,monitoring full v0 plus state context,float64,537,8.828522920203735,472,0.0,relative windows,wake,wake_q1,hr_mean,True,,True
monitoring_full_wake_pre_sleep_plus_state,82,wake_q1_hr_p90,monitoring full v0 plus state context,float64,537,8.828522920203735,472,0.0,relative windows,wake,wake_q1,hr_p90,True,,True
monitoring_full_wake_pre_sleep_plus_state,83,wake_q1_hr_std,monitoring full v0 plus state context,float64,537,8.828522920203735,472,0.0,relative windows,wake,wake_q1,hr_std,True,,True
monitoring_full_wake_pre_sleep_plus_state,84,wake_q1_stress_high_fraction,monitoring full v0 plus state context,float64,536,8.998302207130731,472,0.0,relative windows,wake,wake_q1,stress_high_fraction,True,,True
monitoring_full_wake_pre_sleep_plus_state,85,wake_q1_stress_mean,monitoring full v0 plus state context,float64,536,8.998302207130731,472,0.0,relative windows,wake,wake_q1,stress_mean,True,,True
monitoring_full_wake_pre_sleep_plus_state,86,wake_q1_stress_p90,monitoring full v0 plus state context,float64,536,8.998302207130731,472,0.0,relative windows,wake,wake_q1,stress_p90,True,,True
monitoring_full_wake_pre_sleep_plus_state,87,wake_q1_stress_std,monitoring full v0 plus state context,float64,536,8.998302207130731,472,0.0,relative windows,wake,wake_q1,stress_std,True,,True
monitoring_full_wake_pre_sleep_plus_state,88,wake_q2_hr_mean,monitoring full v0 plus state context,float64,528,10.35653650254669,472,0.0,relative windows,wake,wake_q2,hr_mean,True,,True
monitoring_full_wake_pre_sleep_plus_state,89,wake_q2_hr_p90,monitoring full v0 plus state context,float64,528,10.35653650254669,472,0.0,relative windows,wake,wake_q2,hr_p90,True,,True
monitoring_full_wake_pre_sleep_plus_state,90,wake_q2_hr_std,monitoring full v0 plus state context,float64,528,10.35653650254669,472,0.0,relative windows,wake,wake_q2,hr_std,True,,True
monitoring_full_wake_pre_sleep_plus_state,91,wake_q2_stress_high_fraction,monitoring full v0 plus state context,float64,526,10.69609507640068,470,0.423728813559322,relative windows,wake,wake_q2,stress_high_fraction,True,,True
monitoring_full_wake_pre_sleep_plus_state,92,wake_q2_stress_mean,monitoring full v0 plus state context,float64,526,10.69609507640068,470,0.423728813559322,relative windows,wake,wake_q2,stress_mean,True,,True
monitoring_full_wake_pre_sleep_plus_state,93,wake_q2_stress_p90,monitoring full v0 plus state context,float64,526,10.69609507640068,470,0.423728813559322,relative windows,wake,wake_q2,stress_p90,True,,True
monitoring_full_wake_pre_sleep_plus_state,94,wake_q2_stress_std,monitoring full v0 plus state context,float64,526,10.69609507640068,470,0.423728813559322,relative windows,wake,wake_q2,stress_std,True,,True
monitoring_full_wake_pre_sleep_plus_state,95,wake_q3_hr_mean,monitoring full v0 plus state context,float64,527,10.526315789473683,472,0.0,relative windows,wake,wake_q3,hr_mean,True,,True
monitoring_full_wake_pre_sleep_plus_state,96,wake_q3_hr_p90,monitoring full v0 plus state context,float64,527,10.526315789473683,472,0.0,relative windows,wake,wake_q3,hr_p90,True,,True
monitoring_full_wake_pre_sleep_plus_state,97,wake_q3_hr_std,monitoring full v0 plus state context,float64,527,10.526315789473683,472,0.0,relative windows,wake,wake_q3,hr_std,True,,True
monitoring_full_wake_pre_sleep_plus_state,98,wake_q3_stress_high_fraction,monitoring full v0 plus state context,float64,526,10.69609507640068,472,0.0,relative windows,wake,wake_q3,stress_high_fraction,True,,True
monitoring_full_wake_pre_sleep_plus_state,99,wake_q3_stress_mean,monitoring full v0 plus state context,float64,526,10.69609507640068,472,0.0,relative windows,wake,wake_q3,stress_mean,True,,True
monitoring_full_wake_pre_sleep_plus_state,100,wake_q3_stress_p90,monitoring full v0 plus state context,float64,526,10.69609507640068,472,0.0,relative windows,wake,wake_q3,stress_p90,True,,True
monitoring_full_wake_pre_sleep_plus_state,101,wake_q3_stress_std,monitoring full v0 plus state context,float64,526,10.69609507640068,472,0.0,relative windows,wake,wake_q3,stress_std,True,,True
monitoring_full_wake_pre_sleep_plus_state,102,wake_q4_hr_mean,monitoring full v0 plus state context,float64,540,8.31918505942275,472,0.0,relative windows,wake,wake_q4,hr_mean,True,,True
monitoring_full_wake_pre_sleep_plus_state,103,wake_q4_hr_p90,monitoring full v0 plus state context,float64,540,8.31918505942275,472,0.0,relative windows,wake,wake_q4,hr_p90,True,,True
monitoring_full_wake_pre_sleep_plus_state,104,wake_q4_hr_std,monitoring full v0 plus state context,float64,540,8.31918505942275,472,0.0,relative windows,wake,wake_q4,hr_std,True,,True
monitoring_full_wake_pre_sleep_plus_state,105,wake_q4_stress_high_fraction,monitoring full v0 plus state context,float64,540,8.31918505942275,472,0.0,relative windows,wake,wake_q4,stress_high_fraction,True,,True
monitoring_full_wake_pre_sleep_plus_state,106,wake_q4_stress_mean,monitoring full v0 plus state context,float64,540,8.31918505942275,472,0.0,relative windows,wake,wake_q4,stress_mean,True,,True
monitoring_full_wake_pre_sleep_plus_state,107,wake_q4_stress_p90,monitoring full v0 plus state context,float64,540,8.31918505942275,472,0.0,relative windows,wake,wake_q4,stress_p90,True,,True
monitoring_full_wake_pre_sleep_plus_state,108,wake_q4_stress_std,monitoring full v0 plus state context,float64,540,8.31918505942275,472,0.0,relative windows,wake,wake_q4,stress_std,True,,True
monitoring_full_wake_pre_sleep_plus_state,109,pre_sleep_4h_hr_slope_per_hour,monitoring full v0 plus state context,float64,523,11.205432937181664,472,0.0,trends,wake/pre-sleep,pre_sleep_4h,slope_per_hour,True,,True
monitoring_full_wake_pre_sleep_plus_state,110,pre_sleep_4h_hr_trend_r2,monitoring full v0 plus state context,float64,523,11.205432937181664,472,0.0,trends,wake/pre-sleep,pre_sleep_4h,trend_r2,True,,True
monitoring_full_wake_pre_sleep_plus_state,111,pre_sleep_4h_stress_slope_per_hour,monitoring full v0 plus state context,float64,523,11.205432937181664,472,0.0,trends,wake/pre-sleep,pre_sleep_4h,slope_per_hour,True,,True
monitoring_full_wake_pre_sleep_plus_state,112,pre_sleep_4h_stress_trend_r2,monitoring full v0 plus state context,float64,523,11.205432937181664,472,0.0,trends,wake/pre-sleep,pre_sleep_4h,trend_r2,True,,True
monitoring_full_wake_pre_sleep_plus_state,113,wake_hr_slope_per_hour,monitoring full v0 plus state context,float64,557,5.432937181663837,472,0.0,trends,wake,wake_phase,slope_per_hour,True,,True
monitoring_full_wake_pre_sleep_plus_state,114,wake_hr_trend_r2,monitoring full v0 plus state context,float64,557,5.432937181663837,472,0.0,trends,wake,wake_phase,trend_r2,True,,True
monitoring_full_wake_pre_sleep_plus_state,115,wake_stress_slope_per_hour,monitoring full v0 plus state context,float64,557,5.432937181663837,472,0.0,trends,wake,wake_phase,slope_per_hour,True,,True
monitoring_full_wake_pre_sleep_plus_state,116,wake_stress_trend_r2,monitoring full v0 plus state context,float64,557,5.432937181663837,472,0.0,trends,wake,wake_phase,trend_r2,True,,True
monitoring_full_wake_pre_sleep_plus_state,117,wake_frac_hr_below_zone1_stress_high,monitoring full v0 plus state context,float64,556,5.602716468590832,472,0.0,HR/stress coupling,wake,wake_phase,wake_frac_hr_below_zone1_stress_high,True,,True
monitoring_full_wake_pre_sleep_plus_state,118,wake_frac_hr_zone2_plus_stress_high,monitoring full v0 plus state context,float64,556,5.602716468590832,472,0.0,HR/stress coupling,wake,wake_phase,wake_frac_hr_zone2_plus_stress_high,True,,True
monitoring_full_wake_pre_sleep_plus_state,119,wake_hr_diff_stress_diff_corr,monitoring full v0 plus state context,float64,556,5.602716468590832,472,0.0,HR/stress coupling,wake,wake_phase,diff_stress_diff_corr,True,,True
monitoring_full_wake_pre_sleep_plus_state,120,wake_hr_stress_corr,monitoring full v0 plus state context,float64,556,5.602716468590832,472,0.0,HR/stress coupling,wake,wake_phase,stress_corr,True,,True
monitoring_full_wake_pre_sleep_plus_state,121,wake_stress_hr_r2,monitoring full v0 plus state context,float64,556,5.602716468590832,472,0.0,HR/stress coupling,wake,wake_phase,hr_r2,True,,True
monitoring_full_wake_pre_sleep_plus_state,122,wake_stress_hr_slope,monitoring full v0 plus state context,float64,556,5.602716468590832,472,0.0,HR/stress coupling,wake,wake_phase,hr_slope,True,,True
monitoring_full_wake_pre_sleep_plus_state,123,next_sleep_start_hour_local_wrapped,monitoring full v0 plus state context,float64,524,11.03565365025467,472,0.0,schedule/context,wake/pre-sleep,next_sleep_boundary,start_hour_local_wrapped,True,,True
monitoring_full_wake_pre_sleep_plus_state,124,prev_sleep_hours,monitoring full v0 plus state context,float64,556,5.602716468590832,472,0.0,previous sleep context,sleep,previous_sleep,duration_hours,True,,False
monitoring_full_wake_pre_sleep_plus_state,125,prev_sleep_avg_stress,monitoring full v0 plus state context,float64,556,5.602716468590832,472,0.0,previous sleep context,sleep,previous_sleep,avg_sleep_stress,True,,False
monitoring_full_wake_pre_sleep_plus_state,126,prev_sleep_score,monitoring full v0 plus state context,Int64,555,5.772495755517826,471,0.211864406779661,previous sleep context,sleep,previous_sleep,overall_score,True,,False
monitoring_full_wake_pre_sleep_plus_state,127,prev_sleep_recovery,monitoring full v0 plus state context,Int64,555,5.772495755517826,471,0.211864406779661,previous sleep context,sleep,previous_sleep,recovery_score,True,,False
monitoring_full_wake_pre_sleep_plus_state,128,prev_sleep_start_hour,monitoring full v0 plus state context,float64,556,5.602716468590832,472,0.0,previous sleep context,sleep,previous_sleep,start_hour_local_wrapped,True,,False
monitoring_full_wake_pre_sleep_plus_state,129,wake_start_hour,monitoring full v0 plus state context,float64,589,0.0,472,0.0,previous sleep context,wake,wake_phase,start_hour_local_wrapped,True,,False
monitoring_full_wake_pre_sleep_plus_state,130,prev_sleep_hr_mean,monitoring full v0 plus state context,float64,555,5.772495755517826,472,0.0,previous sleep context,sleep,previous_sleep,hr_mean,True,,False
monitoring_full_wake_pre_sleep_plus_state,131,prev_sleep_hr_std,monitoring full v0 plus state context,float64,555,5.772495755517826,472,0.0,previous sleep context,sleep,previous_sleep,hr_std,True,,False
monitoring_full_wake_pre_sleep_plus_state,132,prev_sleep_stress_mean,monitoring full v0 plus state context,float64,555,5.772495755517826,472,0.0,previous sleep context,sleep,previous_sleep,stress_mean,True,,False
monitoring_full_wake_pre_sleep_plus_state,133,prev_sleep_stress_p90,monitoring full v0 plus state context,float64,555,5.772495755517826,472,0.0,previous sleep context,sleep,previous_sleep,stress_p90,True,,False
monitoring_full_wake_pre_sleep_plus_state,134,hist3_sleep_avg_stress,monitoring full v0 plus state context,float64,588,0.1697792869269949,471,0.211864406779661,recent sleep history,sleep,prior_3_sleep_observations,avg_sleep_stress_mean,True,,False
monitoring_full_wake_pre_sleep_plus_state,135,hist7_sleep_avg_stress,monitoring full v0 plus state context,float64,588,0.1697792869269949,471,0.211864406779661,recent sleep history,sleep,prior_7_sleep_observations,avg_sleep_stress_mean,True,,False
monitoring_full_wake_pre_sleep_plus_state,136,hist3_sleep_score,monitoring full v0 plus state context,float64,588,0.1697792869269949,471,0.211864406779661,recent sleep history,sleep,prior_3_sleep_observations,overall_score_mean,True,,False
monitoring_full_wake_pre_sleep_plus_state,137,hist7_sleep_score,monitoring full v0 plus state context,float64,588,0.1697792869269949,471,0.211864406779661,recent sleep history,sleep,prior_7_sleep_observations,overall_score_mean,True,,False
monitoring_full_wake_pre_sleep_plus_state,138,hist3_sleep_recovery,monitoring full v0 plus state context,float64,588,0.1697792869269949,471,0.211864406779661,recent sleep history,sleep,prior_3_sleep_observations,recovery_score_mean,True,,False
monitoring_full_wake_pre_sleep_plus_state,139,hist7_sleep_recovery,monitoring full v0 plus state context,float64,588,0.1697792869269949,471,0.211864406779661,recent sleep history,sleep,prior_7_sleep_observations,recovery_score_mean,True,,False
monitoring_full_wake_pre_sleep_plus_state,140,hist3_sleep_hours,monitoring full v0 plus state context,float64,588,0.1697792869269949,471,0.211864406779661,recent sleep history,sleep,prior_3_sleep_observations,duration_hours_mean,True,,False
monitoring_full_wake_pre_sleep_plus_state,141,hist7_sleep_hours,monitoring full v0 plus state context,float64,588,0.1697792869269949,471,0.211864406779661,recent sleep history,sleep,prior_7_sleep_observations,duration_hours_mean,True,,False
monitoring_full_wake_pre_sleep_plus_state,142,hist3_sleep_count,monitoring full v0 plus state context,int64,589,0.0,472,0.0,recent sleep history,sleep,prior_3_sleep_observations,available_observation_count,True,,False
monitoring_full_wake_pre_sleep_plus_state,143,hist7_sleep_count,monitoring full v0 plus state context,int64,589,0.0,472,0.0,recent sleep history,sleep,prior_7_sleep_observations,available_observation_count,True,,False
monitoring_full_wake_pre_sleep_plus_state,144,dev7_wake_stress_mean,monitoring full v0 plus state context,float64,556,5.602716468590832,471,0.211864406779661,current day baseline deviation,wake,wake_phase_minus_prior_7,stress_mean_delta,True,,False
monitoring_full_wake_pre_sleep_plus_state,145,dev7_presleep_stress_mean,monitoring full v0 plus state context,float64,522,11.37521222410866,471,0.211864406779661,current day baseline deviation,wake/pre-sleep,pre_sleep_4h_minus_prior_7,stress_mean_delta,True,,False
monitoring_full_wake_pre_sleep_plus_state,146,dev7_wake_hr_roughness,monitoring full v0 plus state context,float64,556,5.602716468590832,471,0.211864406779661,current day baseline deviation,wake,wake_phase_minus_prior_7,hr_roughness_delta,True,,False
monitoring_full_wake_pre_sleep_plus_state,147,dev7_wake_high_stress_min,monitoring full v0 plus state context,float64,556,5.602716468590832,471,0.211864406779661,current day baseline deviation,wake,wake_phase_minus_prior_7,high_stress_minutes_delta,True,,False
monitoring_full_wake_pre_sleep_plus_state,148,hist7_wake_count,monitoring full v0 plus state context,int64,589,0.0,472,0.0,current day baseline deviation,wake/pre-sleep,prior_7_wake_observations,available_observation_count,True,,False
aggregate_plus_monitoring_full,1,wake_hr_histogram_entropy,monitoring full v0 plus aggregate context,float64,557,5.432937181663837,472,0.0,distribution/shape,wake,wake_phase,histogram_entropy,True,,True
aggregate_plus_monitoring_full,2,wake_hr_iqr,monitoring full v0 plus aggregate context,float64,557,5.432937181663837,472,0.0,distribution/shape,wake,wake_phase,iqr,True,,True
aggregate_plus_monitoring_full,3,wake_hr_kurtosis,monitoring full v0 plus aggregate context,float64,557,5.432937181663837,472,0.0,distribution/shape,wake,wake_phase,kurtosis,True,,True
aggregate_plus_monitoring_full,4,wake_hr_mad,monitoring full v0 plus aggregate context,float64,557,5.432937181663837,472,0.0,distribution/shape,wake,wake_phase,mad,True,,True
aggregate_plus_monitoring_full,5,wake_hr_max,monitoring full v0 plus aggregate context,float64,557,5.432937181663837,472,0.0,distribution/shape,wake,wake_phase,max,True,,True
aggregate_plus_monitoring_full,6,wake_hr_mean,monitoring full v0 plus aggregate context,float64,557,5.432937181663837,472,0.0,distribution/shape,wake,wake_phase,mean,True,,True
aggregate_plus_monitoring_full,7,wake_hr_median,monitoring full v0 plus aggregate context,float64,557,5.432937181663837,472,0.0,distribution/shape,wake,wake_phase,median,True,,True
aggregate_plus_monitoring_full,8,wake_hr_min,monitoring full v0 plus aggregate context,float64,557,5.432937181663837,472,0.0,distribution/shape,wake,wake_phase,min,True,,True
aggregate_plus_monitoring_full,9,wake_hr_p10,monitoring full v0 plus aggregate context,float64,557,5.432937181663837,472,0.0,distribution/shape,wake,wake_phase,p10,True,,True
aggregate_plus_monitoring_full,10,wake_hr_p25,monitoring full v0 plus aggregate context,float64,557,5.432937181663837,472,0.0,distribution/shape,wake,wake_phase,p25,True,,True
aggregate_plus_monitoring_full,11,wake_hr_p75,monitoring full v0 plus aggregate context,float64,557,5.432937181663837,472,0.0,distribution/shape,wake,wake_phase,p75,True,,True
aggregate_plus_monitoring_full,12,wake_hr_p90,monitoring full v0 plus aggregate context,float64,557,5.432937181663837,472,0.0,distribution/shape,wake,wake_phase,p90,True,,True
aggregate_plus_monitoring_full,13,wake_hr_range,monitoring full v0 plus aggregate context,float64,557,5.432937181663837,472,0.0,distribution/shape,wake,wake_phase,range,True,,True
aggregate_plus_monitoring_full,14,wake_hr_skewness,monitoring full v0 plus aggregate context,float64,557,5.432937181663837,472,0.0,distribution/shape,wake,wake_phase,skewness,True,,True
aggregate_plus_monitoring_full,15,wake_hr_std,monitoring full v0 plus aggregate context,float64,557,5.432937181663837,472,0.0,distribution/shape,wake,wake_phase,std,True,,True
aggregate_plus_monitoring_full,16,wake_stress_histogram_entropy,monitoring full v0 plus aggregate context,float64,557,5.432937181663837,472,0.0,distribution/shape,wake,wake_phase,histogram_entropy,True,,True
aggregate_plus_monitoring_full,17,wake_stress_iqr,monitoring full v0 plus aggregate context,float64,557,5.432937181663837,472,0.0,distribution/shape,wake,wake_phase,iqr,True,,True
aggregate_plus_monitoring_full,18,wake_stress_kurtosis,monitoring full v0 plus aggregate context,float64,557,5.432937181663837,472,0.0,distribution/shape,wake,wake_phase,kurtosis,True,,True
aggregate_plus_monitoring_full,19,wake_stress_mad,monitoring full v0 plus aggregate context,float64,557,5.432937181663837,472,0.0,distribution/shape,wake,wake_phase,mad,True,,True
aggregate_plus_monitoring_full,20,wake_stress_max,monitoring full v0 plus aggregate context,float64,557,5.432937181663837,472,0.0,distribution/shape,wake,wake_phase,max,True,,True
aggregate_plus_monitoring_full,21,wake_stress_mean,monitoring full v0 plus aggregate context,float64,557,5.432937181663837,472,0.0,distribution/shape,wake,wake_phase,mean,True,,True
aggregate_plus_monitoring_full,22,wake_stress_median,monitoring full v0 plus aggregate context,float64,557,5.432937181663837,472,0.0,distribution/shape,wake,wake_phase,median,True,,True
aggregate_plus_monitoring_full,23,wake_stress_min,monitoring full v0 plus aggregate context,float64,557,5.432937181663837,472,0.0,distribution/shape,wake,wake_phase,min,True,,True
aggregate_plus_monitoring_full,24,wake_stress_p10,monitoring full v0 plus aggregate context,float64,557,5.432937181663837,472,0.0,distribution/shape,wake,wake_phase,p10,True,,True
aggregate_plus_monitoring_full,25,wake_stress_p25,monitoring full v0 plus aggregate context,float64,557,5.432937181663837,472,0.0,distribution/shape,wake,wake_phase,p25,True,,True
aggregate_plus_monitoring_full,26,wake_stress_p75,monitoring full v0 plus aggregate context,float64,557,5.432937181663837,472,0.0,distribution/shape,wake,wake_phase,p75,True,,True
aggregate_plus_monitoring_full,27,wake_stress_p90,monitoring full v0 plus aggregate context,float64,557,5.432937181663837,472,0.0,distribution/shape,wake,wake_phase,p90,True,,True
aggregate_plus_monitoring_full,28,wake_stress_range,monitoring full v0 plus aggregate context,float64,557,5.432937181663837,472,0.0,distribution/shape,wake,wake_phase,range,True,,True
aggregate_plus_monitoring_full,29,wake_stress_skewness,monitoring full v0 plus aggregate context,float64,557,5.432937181663837,472,0.0,distribution/shape,wake,wake_phase,skewness,True,,True
aggregate_plus_monitoring_full,30,wake_stress_std,monitoring full v0 plus aggregate context,float64,557,5.432937181663837,472,0.0,distribution/shape,wake,wake_phase,std,True,,True
aggregate_plus_monitoring_full,31,wake_stress_frac_active,monitoring full v0 plus aggregate context,float64,557,5.432937181663837,472,0.0,stress state fractions,wake,wake_phase,frac_active,True,,True
aggregate_plus_monitoring_full,32,wake_stress_frac_high,monitoring full v0 plus aggregate context,float64,557,5.432937181663837,472,0.0,stress state fractions,wake,wake_phase,frac_high,True,,True
aggregate_plus_monitoring_full,33,wake_stress_frac_low,monitoring full v0 plus aggregate context,float64,557,5.432937181663837,472,0.0,stress state fractions,wake,wake_phase,frac_low,True,,True
aggregate_plus_monitoring_full,34,wake_stress_frac_medium,monitoring full v0 plus aggregate context,float64,557,5.432937181663837,472,0.0,stress state fractions,wake,wake_phase,frac_medium,True,,True
aggregate_plus_monitoring_full,35,wake_stress_frac_resting,monitoring full v0 plus aggregate context,float64,557,5.432937181663837,472,0.0,stress state fractions,wake,wake_phase,frac_resting,True,,True
aggregate_plus_monitoring_full,36,wake_hr_frac_below_zone1,monitoring full v0 plus aggregate context,float64,557,5.432937181663837,472,0.0,HR MHR zones,wake,wake_phase,frac_below_zone1,True,,True
aggregate_plus_monitoring_full,37,wake_hr_frac_zone1,monitoring full v0 plus aggregate context,float64,557,5.432937181663837,472,0.0,HR MHR zones,wake,wake_phase,frac_zone1,True,,True
aggregate_plus_monitoring_full,38,wake_hr_frac_zone2,monitoring full v0 plus aggregate context,float64,557,5.432937181663837,472,0.0,HR MHR zones,wake,wake_phase,frac_zone2,True,,True
aggregate_plus_monitoring_full,39,wake_hr_frac_zone3,monitoring full v0 plus aggregate context,float64,557,5.432937181663837,472,0.0,HR MHR zones,wake,wake_phase,frac_zone3,True,,True
aggregate_plus_monitoring_full,40,wake_hr_frac_zone4,monitoring full v0 plus aggregate context,float64,557,5.432937181663837,472,0.0,HR MHR zones,wake,wake_phase,frac_zone4,True,,True
aggregate_plus_monitoring_full,41,wake_hr_frac_zone5,monitoring full v0 plus aggregate context,float64,557,5.432937181663837,472,0.0,HR MHR zones,wake,wake_phase,frac_zone5,True,,True
aggregate_plus_monitoring_full,42,wake_hr_max_abs_jump,monitoring full v0 plus aggregate context,float64,557,5.432937181663837,472,0.0,variability/gaps,wake,wake_phase,max_abs_jump,True,,True
aggregate_plus_monitoring_full,43,wake_hr_mean_abs_diff,monitoring full v0 plus aggregate context,float64,557,5.432937181663837,472,0.0,variability/gaps,wake,wake_phase,mean_abs_diff,True,,True
aggregate_plus_monitoring_full,44,wake_hr_median_abs_diff,monitoring full v0 plus aggregate context,float64,557,5.432937181663837,472,0.0,variability/gaps,wake,wake_phase,median_abs_diff,True,,True
aggregate_plus_monitoring_full,45,wake_hr_roughness,monitoring full v0 plus aggregate context,float64,557,5.432937181663837,472,0.0,variability/gaps,wake,wake_phase,roughness,True,,True
aggregate_plus_monitoring_full,46,wake_hr_std_diff,monitoring full v0 plus aggregate context,float64,557,5.432937181663837,472,0.0,variability/gaps,wake,wake_phase,std_diff,True,,True
aggregate_plus_monitoring_full,47,wake_stress_max_abs_jump,monitoring full v0 plus aggregate context,float64,557,5.432937181663837,472,0.0,variability/gaps,wake,wake_phase,max_abs_jump,True,,True
aggregate_plus_monitoring_full,48,wake_stress_mean_abs_diff,monitoring full v0 plus aggregate context,float64,557,5.432937181663837,472,0.0,variability/gaps,wake,wake_phase,mean_abs_diff,True,,True
aggregate_plus_monitoring_full,49,wake_stress_median_abs_diff,monitoring full v0 plus aggregate context,float64,557,5.432937181663837,472,0.0,variability/gaps,wake,wake_phase,median_abs_diff,True,,True
aggregate_plus_monitoring_full,50,wake_stress_roughness,monitoring full v0 plus aggregate context,float64,557,5.432937181663837,472,0.0,variability/gaps,wake,wake_phase,roughness,True,,True
aggregate_plus_monitoring_full,51,wake_stress_std_diff,monitoring full v0 plus aggregate context,float64,557,5.432937181663837,472,0.0,variability/gaps,wake,wake_phase,std_diff,True,,True
aggregate_plus_monitoring_full,52,wake_hr_zone2_plus_episode_count,monitoring full v0 plus aggregate context,float64,557,5.432937181663837,472,0.0,episodes/state structure,wake,wake_phase,zone2_plus_episode_count,True,,True
aggregate_plus_monitoring_full,53,wake_hr_zone2_plus_fragmentation_index,monitoring full v0 plus aggregate context,float64,557,5.432937181663837,472,0.0,episodes/state structure,wake,wake_phase,zone2_plus_fragmentation_index,True,,True
aggregate_plus_monitoring_full,54,wake_hr_zone2_plus_has_event,monitoring full v0 plus aggregate context,float64,557,5.432937181663837,472,0.0,episodes/state structure,wake,wake_phase,zone2_plus_has_event,True,,True
aggregate_plus_monitoring_full,55,wake_hr_zone2_plus_max_duration_minutes,monitoring full v0 plus aggregate context,float64,557,5.432937181663837,472,0.0,episodes/state structure,wake,wake_phase,zone2_plus_max_duration_minutes,True,,True
aggregate_plus_monitoring_full,56,wake_hr_zone2_plus_mean_duration_minutes,monitoring full v0 plus aggregate context,float64,557,5.432937181663837,472,0.0,episodes/state structure,wake,wake_phase,zone2_plus_mean_duration_minutes,True,,True
aggregate_plus_monitoring_full,57,wake_hr_zone2_plus_time_to_first_minutes,monitoring full v0 plus aggregate context,float64,459,22.07130730050934,400,15.254237288135593,episodes/state structure,wake,wake_phase,zone2_plus_time_to_first_minutes,True,,True
aggregate_plus_monitoring_full,58,wake_hr_zone2_plus_total_minutes,monitoring full v0 plus aggregate context,float64,557,5.432937181663837,472,0.0,episodes/state structure,wake,wake_phase,zone2_plus_total_minutes,True,,True
aggregate_plus_monitoring_full,59,wake_stress_active_episode_count,monitoring full v0 plus aggregate context,float64,557,5.432937181663837,472,0.0,episodes/state structure,wake,wake_phase,active_episode_count,True,,True
aggregate_plus_monitoring_full,60,wake_stress_active_fragmentation_index,monitoring full v0 plus aggregate context,float64,557,5.432937181663837,472,0.0,episodes/state structure,wake,wake_phase,active_fragmentation_index,True,,True
aggregate_plus_monitoring_full,61,wake_stress_active_max_duration_minutes,monitoring full v0 plus aggregate context,float64,557,5.432937181663837,472,0.0,episodes/state structure,wake,wake_phase,active_max_duration_minutes,True,,True
aggregate_plus_monitoring_full,62,wake_stress_active_mean_duration_minutes,monitoring full v0 plus aggregate context,float64,557,5.432937181663837,472,0.0,episodes/state structure,wake,wake_phase,active_mean_duration_minutes,True,,True
aggregate_plus_monitoring_full,63,wake_stress_active_time_to_first_minutes,monitoring full v0 plus aggregate context,float64,557,5.432937181663837,472,0.0,episodes/state structure,wake,wake_phase,active_time_to_first_minutes,True,,True
aggregate_plus_monitoring_full,64,wake_stress_active_total_minutes,monitoring full v0 plus aggregate context,float64,557,5.432937181663837,472,0.0,episodes/state structure,wake,wake_phase,active_total_minutes,True,,True
aggregate_plus_monitoring_full,65,wake_stress_high_episode_count,monitoring full v0 plus aggregate context,float64,557,5.432937181663837,472,0.0,episodes/state structure,wake,wake_phase,high_episode_count,True,,True
aggregate_plus_monitoring_full,66,wake_stress_high_fragmentation_index,monitoring full v0 plus aggregate context,float64,557,5.432937181663837,472,0.0,episodes/state structure,wake,wake_phase,high_fragmentation_index,True,,True
aggregate_plus_monitoring_full,67,wake_stress_high_has_event,monitoring full v0 plus aggregate context,float64,557,5.432937181663837,472,0.0,episodes/state structure,wake,wake_phase,high_has_event,True,,True
aggregate_plus_monitoring_full,68,wake_stress_high_max_duration_minutes,monitoring full v0 plus aggregate context,float64,557,5.432937181663837,472,0.0,episodes/state structure,wake,wake_phase,high_max_duration_minutes,True,,True
aggregate_plus_monitoring_full,69,wake_stress_high_mean_duration_minutes,monitoring full v0 plus aggregate context,float64,557,5.432937181663837,472,0.0,episodes/state structure,wake,wake_phase,high_mean_duration_minutes,True,,True
aggregate_plus_monitoring_full,70,wake_stress_high_time_to_first_minutes,monitoring full v0 plus aggregate context,float64,552,6.281833616298811,472,0.0,episodes/state structure,wake,wake_phase,high_time_to_first_minutes,True,,True
aggregate_plus_monitoring_full,71,wake_stress_high_total_minutes,monitoring full v0 plus aggregate context,float64,557,5.432937181663837,472,0.0,episodes/state structure,wake,wake_phase,high_total_minutes,True,,True
aggregate_plus_monitoring_full,72,pre_sleep_4h_hr_early_minus_late,monitoring full v0 plus aggregate context,float64,503,14.60101867572156,466,1.2711864406779663,recovery/deactivation,wake/pre-sleep,pre_sleep_4h,early_minus_late,True,,True
aggregate_plus_monitoring_full,73,pre_sleep_4h_hr_mean,monitoring full v0 plus aggregate context,float64,523,11.205432937181664,472,0.0,recovery/deactivation,wake/pre-sleep,pre_sleep_4h,mean,True,,True
aggregate_plus_monitoring_full,74,pre_sleep_4h_hr_p90,monitoring full v0 plus aggregate context,float64,523,11.205432937181664,472,0.0,recovery/deactivation,wake/pre-sleep,pre_sleep_4h,p90,True,,True
aggregate_plus_monitoring_full,75,pre_sleep_4h_hr_std,monitoring full v0 plus aggregate context,float64,523,11.205432937181664,472,0.0,recovery/deactivation,wake/pre-sleep,pre_sleep_4h,std,True,,True
aggregate_plus_monitoring_full,76,pre_sleep_4h_stress_early_minus_late,monitoring full v0 plus aggregate context,float64,503,14.60101867572156,466,1.2711864406779663,recovery/deactivation,wake/pre-sleep,pre_sleep_4h,early_minus_late,True,,True
aggregate_plus_monitoring_full,77,pre_sleep_4h_stress_high_fraction,monitoring full v0 plus aggregate context,float64,523,11.205432937181664,472,0.0,recovery/deactivation,wake/pre-sleep,pre_sleep_4h,high_fraction,True,,True
aggregate_plus_monitoring_full,78,pre_sleep_4h_stress_mean,monitoring full v0 plus aggregate context,float64,523,11.205432937181664,472,0.0,recovery/deactivation,wake/pre-sleep,pre_sleep_4h,mean,True,,True
aggregate_plus_monitoring_full,79,pre_sleep_4h_stress_p90,monitoring full v0 plus aggregate context,float64,523,11.205432937181664,472,0.0,recovery/deactivation,wake/pre-sleep,pre_sleep_4h,p90,True,,True
aggregate_plus_monitoring_full,80,pre_sleep_4h_stress_std,monitoring full v0 plus aggregate context,float64,523,11.205432937181664,472,0.0,recovery/deactivation,wake/pre-sleep,pre_sleep_4h,std,True,,True
aggregate_plus_monitoring_full,81,wake_q1_hr_mean,monitoring full v0 plus aggregate context,float64,537,8.828522920203735,472,0.0,relative windows,wake,wake_q1,hr_mean,True,,True
aggregate_plus_monitoring_full,82,wake_q1_hr_p90,monitoring full v0 plus aggregate context,float64,537,8.828522920203735,472,0.0,relative windows,wake,wake_q1,hr_p90,True,,True
aggregate_plus_monitoring_full,83,wake_q1_hr_std,monitoring full v0 plus aggregate context,float64,537,8.828522920203735,472,0.0,relative windows,wake,wake_q1,hr_std,True,,True
aggregate_plus_monitoring_full,84,wake_q1_stress_high_fraction,monitoring full v0 plus aggregate context,float64,536,8.998302207130731,472,0.0,relative windows,wake,wake_q1,stress_high_fraction,True,,True
aggregate_plus_monitoring_full,85,wake_q1_stress_mean,monitoring full v0 plus aggregate context,float64,536,8.998302207130731,472,0.0,relative windows,wake,wake_q1,stress_mean,True,,True
aggregate_plus_monitoring_full,86,wake_q1_stress_p90,monitoring full v0 plus aggregate context,float64,536,8.998302207130731,472,0.0,relative windows,wake,wake_q1,stress_p90,True,,True
aggregate_plus_monitoring_full,87,wake_q1_stress_std,monitoring full v0 plus aggregate context,float64,536,8.998302207130731,472,0.0,relative windows,wake,wake_q1,stress_std,True,,True
aggregate_plus_monitoring_full,88,wake_q2_hr_mean,monitoring full v0 plus aggregate context,float64,528,10.35653650254669,472,0.0,relative windows,wake,wake_q2,hr_mean,True,,True
aggregate_plus_monitoring_full,89,wake_q2_hr_p90,monitoring full v0 plus aggregate context,float64,528,10.35653650254669,472,0.0,relative windows,wake,wake_q2,hr_p90,True,,True
aggregate_plus_monitoring_full,90,wake_q2_hr_std,monitoring full v0 plus aggregate context,float64,528,10.35653650254669,472,0.0,relative windows,wake,wake_q2,hr_std,True,,True
aggregate_plus_monitoring_full,91,wake_q2_stress_high_fraction,monitoring full v0 plus aggregate context,float64,526,10.69609507640068,470,0.423728813559322,relative windows,wake,wake_q2,stress_high_fraction,True,,True
aggregate_plus_monitoring_full,92,wake_q2_stress_mean,monitoring full v0 plus aggregate context,float64,526,10.69609507640068,470,0.423728813559322,relative windows,wake,wake_q2,stress_mean,True,,True
aggregate_plus_monitoring_full,93,wake_q2_stress_p90,monitoring full v0 plus aggregate context,float64,526,10.69609507640068,470,0.423728813559322,relative windows,wake,wake_q2,stress_p90,True,,True
aggregate_plus_monitoring_full,94,wake_q2_stress_std,monitoring full v0 plus aggregate context,float64,526,10.69609507640068,470,0.423728813559322,relative windows,wake,wake_q2,stress_std,True,,True
aggregate_plus_monitoring_full,95,wake_q3_hr_mean,monitoring full v0 plus aggregate context,float64,527,10.526315789473683,472,0.0,relative windows,wake,wake_q3,hr_mean,True,,True
aggregate_plus_monitoring_full,96,wake_q3_hr_p90,monitoring full v0 plus aggregate context,float64,527,10.526315789473683,472,0.0,relative windows,wake,wake_q3,hr_p90,True,,True
aggregate_plus_monitoring_full,97,wake_q3_hr_std,monitoring full v0 plus aggregate context,float64,527,10.526315789473683,472,0.0,relative windows,wake,wake_q3,hr_std,True,,True
aggregate_plus_monitoring_full,98,wake_q3_stress_high_fraction,monitoring full v0 plus aggregate context,float64,526,10.69609507640068,472,0.0,relative windows,wake,wake_q3,stress_high_fraction,True,,True
aggregate_plus_monitoring_full,99,wake_q3_stress_mean,monitoring full v0 plus aggregate context,float64,526,10.69609507640068,472,0.0,relative windows,wake,wake_q3,stress_mean,True,,True
aggregate_plus_monitoring_full,100,wake_q3_stress_p90,monitoring full v0 plus aggregate context,float64,526,10.69609507640068,472,0.0,relative windows,wake,wake_q3,stress_p90,True,,True
aggregate_plus_monitoring_full,101,wake_q3_stress_std,monitoring full v0 plus aggregate context,float64,526,10.69609507640068,472,0.0,relative windows,wake,wake_q3,stress_std,True,,True
aggregate_plus_monitoring_full,102,wake_q4_hr_mean,monitoring full v0 plus aggregate context,float64,540,8.31918505942275,472,0.0,relative windows,wake,wake_q4,hr_mean,True,,True
aggregate_plus_monitoring_full,103,wake_q4_hr_p90,monitoring full v0 plus aggregate context,float64,540,8.31918505942275,472,0.0,relative windows,wake,wake_q4,hr_p90,True,,True
aggregate_plus_monitoring_full,104,wake_q4_hr_std,monitoring full v0 plus aggregate context,float64,540,8.31918505942275,472,0.0,relative windows,wake,wake_q4,hr_std,True,,True
aggregate_plus_monitoring_full,105,wake_q4_stress_high_fraction,monitoring full v0 plus aggregate context,float64,540,8.31918505942275,472,0.0,relative windows,wake,wake_q4,stress_high_fraction,True,,True
aggregate_plus_monitoring_full,106,wake_q4_stress_mean,monitoring full v0 plus aggregate context,float64,540,8.31918505942275,472,0.0,relative windows,wake,wake_q4,stress_mean,True,,True
aggregate_plus_monitoring_full,107,wake_q4_stress_p90,monitoring full v0 plus aggregate context,float64,540,8.31918505942275,472,0.0,relative windows,wake,wake_q4,stress_p90,True,,True
aggregate_plus_monitoring_full,108,wake_q4_stress_std,monitoring full v0 plus aggregate context,float64,540,8.31918505942275,472,0.0,relative windows,wake,wake_q4,stress_std,True,,True
aggregate_plus_monitoring_full,109,pre_sleep_4h_hr_slope_per_hour,monitoring full v0 plus aggregate context,float64,523,11.205432937181664,472,0.0,trends,wake/pre-sleep,pre_sleep_4h,slope_per_hour,True,,True
aggregate_plus_monitoring_full,110,pre_sleep_4h_hr_trend_r2,monitoring full v0 plus aggregate context,float64,523,11.205432937181664,472,0.0,trends,wake/pre-sleep,pre_sleep_4h,trend_r2,True,,True
aggregate_plus_monitoring_full,111,pre_sleep_4h_stress_slope_per_hour,monitoring full v0 plus aggregate context,float64,523,11.205432937181664,472,0.0,trends,wake/pre-sleep,pre_sleep_4h,slope_per_hour,True,,True
aggregate_plus_monitoring_full,112,pre_sleep_4h_stress_trend_r2,monitoring full v0 plus aggregate context,float64,523,11.205432937181664,472,0.0,trends,wake/pre-sleep,pre_sleep_4h,trend_r2,True,,True
aggregate_plus_monitoring_full,113,wake_hr_slope_per_hour,monitoring full v0 plus aggregate context,float64,557,5.432937181663837,472,0.0,trends,wake,wake_phase,slope_per_hour,True,,True
aggregate_plus_monitoring_full,114,wake_hr_trend_r2,monitoring full v0 plus aggregate context,float64,557,5.432937181663837,472,0.0,trends,wake,wake_phase,trend_r2,True,,True
aggregate_plus_monitoring_full,115,wake_stress_slope_per_hour,monitoring full v0 plus aggregate context,float64,557,5.432937181663837,472,0.0,trends,wake,wake_phase,slope_per_hour,True,,True
aggregate_plus_monitoring_full,116,wake_stress_trend_r2,monitoring full v0 plus aggregate context,float64,557,5.432937181663837,472,0.0,trends,wake,wake_phase,trend_r2,True,,True
aggregate_plus_monitoring_full,117,wake_frac_hr_below_zone1_stress_high,monitoring full v0 plus aggregate context,float64,556,5.602716468590832,472,0.0,HR/stress coupling,wake,wake_phase,wake_frac_hr_below_zone1_stress_high,True,,True
aggregate_plus_monitoring_full,118,wake_frac_hr_zone2_plus_stress_high,monitoring full v0 plus aggregate context,float64,556,5.602716468590832,472,0.0,HR/stress coupling,wake,wake_phase,wake_frac_hr_zone2_plus_stress_high,True,,True
aggregate_plus_monitoring_full,119,wake_hr_diff_stress_diff_corr,monitoring full v0 plus aggregate context,float64,556,5.602716468590832,472,0.0,HR/stress coupling,wake,wake_phase,diff_stress_diff_corr,True,,True
aggregate_plus_monitoring_full,120,wake_hr_stress_corr,monitoring full v0 plus aggregate context,float64,556,5.602716468590832,472,0.0,HR/stress coupling,wake,wake_phase,stress_corr,True,,True
aggregate_plus_monitoring_full,121,wake_stress_hr_r2,monitoring full v0 plus aggregate context,float64,556,5.602716468590832,472,0.0,HR/stress coupling,wake,wake_phase,hr_r2,True,,True
aggregate_plus_monitoring_full,122,wake_stress_hr_slope,monitoring full v0 plus aggregate context,float64,556,5.602716468590832,472,0.0,HR/stress coupling,wake,wake_phase,hr_slope,True,,True
aggregate_plus_monitoring_full,123,next_sleep_start_hour_local_wrapped,monitoring full v0 plus aggregate context,float64,524,11.03565365025467,472,0.0,schedule/context,wake/pre-sleep,next_sleep_boundary,start_hour_local_wrapped,True,,True
aggregate_plus_monitoring_full,124,agg__totalSteps,monitoring full v0 plus aggregate context,Int64,582,1.1884550084889642,472,0.0,non_overlapping_day_context,aggregate,day_D,totalSteps,True,non_overlapping_day_context,True
aggregate_plus_monitoring_full,125,agg__totalDistanceMeters,monitoring full v0 plus aggregate context,Int64,582,1.1884550084889642,472,0.0,non_overlapping_day_context,aggregate,day_D,totalDistanceMeters,True,non_overlapping_day_context,True
aggregate_plus_monitoring_full,126,agg__activeKilocalories,monitoring full v0 plus aggregate context,Int64,582,1.1884550084889642,472,0.0,non_overlapping_day_context,aggregate,day_D,activeKilocalories,True,non_overlapping_day_context,True
aggregate_plus_monitoring_full,127,agg__active_hours,monitoring full v0 plus aggregate context,Float64,582,1.1884550084889642,472,0.0,non_overlapping_day_context,aggregate,day_D,active_hours,True,non_overlapping_day_context,True
aggregate_plus_monitoring_full,128,agg__highly_active_hours,monitoring full v0 plus aggregate context,Float64,582,1.1884550084889642,472,0.0,non_overlapping_day_context,aggregate,day_D,highly_active_hours,True,non_overlapping_day_context,True
aggregate_plus_monitoring_full,129,agg__bodyBatteryLowest,monitoring full v0 plus aggregate context,Int64,582,1.1884550084889642,472,0.0,non_overlapping_day_context,aggregate,day_D,bodyBatteryLowest,True,non_overlapping_day_context,True
aggregate_plus_monitoring_full,130,agg__bodyBatteryHighest,monitoring full v0 plus aggregate context,Int64,582,1.1884550084889642,472,0.0,non_overlapping_day_context,aggregate,day_D,bodyBatteryHighest,True,non_overlapping_day_context,True
aggregate_plus_monitoring_full,131,agg__bodyBattery_chargedValue,monitoring full v0 plus aggregate context,Int64,582,1.1884550084889642,472,0.0,non_overlapping_day_context,aggregate,day_D,bodyBattery_chargedValue,True,non_overlapping_day_context,True
aggregate_plus_monitoring_full,132,agg__bodyBattery_drainedValue,monitoring full v0 plus aggregate context,Int64,582,1.1884550084889642,472,0.0,non_overlapping_day_context,aggregate,day_D,bodyBattery_drainedValue,True,non_overlapping_day_context,True
aggregate_plus_monitoring_full,133,agg__bodyBatteryNetBalance,monitoring full v0 plus aggregate context,Int64,582,1.1884550084889642,472,0.0,non_overlapping_day_context,aggregate,day_D,bodyBatteryNetBalance,True,non_overlapping_day_context,True
aggregate_plus_monitoring_full,134,agg__floorsAscendedInMeters,monitoring full v0 plus aggregate context,Float64,582,1.1884550084889642,472,0.0,non_overlapping_day_context,aggregate,day_D,floorsAscendedInMeters,True,non_overlapping_day_context,True
aggregate_plus_monitoring_full,135,agg__floorsDescendedInMeters,monitoring full v0 plus aggregate context,Float64,582,1.1884550084889642,472,0.0,non_overlapping_day_context,aggregate,day_D,floorsDescendedInMeters,True,non_overlapping_day_context,True
aggregate_plus_monitoring_full,136,agg__weekday_name,monitoring full v0 plus aggregate context,str,582,1.1884550084889642,472,0.0,non_overlapping_day_context,aggregate,day_D,weekday_name,True,non_overlapping_day_context,True
aggregate_plus_monitoring_full,137,agg__moderateIntensityMinutes,monitoring full v0 plus aggregate context,Int64,582,1.1884550084889642,472,0.0,non_overlapping_day_context,aggregate,day_D,moderateIntensityMinutes,True,non_overlapping_day_context,True
aggregate_plus_monitoring_full,138,agg__vigorousIntensityMinutes,monitoring full v0 plus aggregate context,Int64,582,1.1884550084889642,472,0.0,non_overlapping_day_context,aggregate,day_D,vigorousIntensityMinutes,True,non_overlapping_day_context,True
monitoring_full_wake_pre_sleep_plus_state_plus_aggregate,1,wake_hr_histogram_entropy,monitoring full v0 plus state and aggregate context,float64,557,5.432937181663837,472,0.0,distribution/shape,wake,wake_phase,histogram_entropy,True,,True
monitoring_full_wake_pre_sleep_plus_state_plus_aggregate,2,wake_hr_iqr,monitoring full v0 plus state and aggregate context,float64,557,5.432937181663837,472,0.0,distribution/shape,wake,wake_phase,iqr,True,,True
monitoring_full_wake_pre_sleep_plus_state_plus_aggregate,3,wake_hr_kurtosis,monitoring full v0 plus state and aggregate context,float64,557,5.432937181663837,472,0.0,distribution/shape,wake,wake_phase,kurtosis,True,,True
monitoring_full_wake_pre_sleep_plus_state_plus_aggregate,4,wake_hr_mad,monitoring full v0 plus state and aggregate context,float64,557,5.432937181663837,472,0.0,distribution/shape,wake,wake_phase,mad,True,,True
monitoring_full_wake_pre_sleep_plus_state_plus_aggregate,5,wake_hr_max,monitoring full v0 plus state and aggregate context,float64,557,5.432937181663837,472,0.0,distribution/shape,wake,wake_phase,max,True,,True
monitoring_full_wake_pre_sleep_plus_state_plus_aggregate,6,wake_hr_mean,monitoring full v0 plus state and aggregate context,float64,557,5.432937181663837,472,0.0,distribution/shape,wake,wake_phase,mean,True,,True
monitoring_full_wake_pre_sleep_plus_state_plus_aggregate,7,wake_hr_median,monitoring full v0 plus state and aggregate context,float64,557,5.432937181663837,472,0.0,distribution/shape,wake,wake_phase,median,True,,True
monitoring_full_wake_pre_sleep_plus_state_plus_aggregate,8,wake_hr_min,monitoring full v0 plus state and aggregate context,float64,557,5.432937181663837,472,0.0,distribution/shape,wake,wake_phase,min,True,,True
monitoring_full_wake_pre_sleep_plus_state_plus_aggregate,9,wake_hr_p10,monitoring full v0 plus state and aggregate context,float64,557,5.432937181663837,472,0.0,distribution/shape,wake,wake_phase,p10,True,,True
monitoring_full_wake_pre_sleep_plus_state_plus_aggregate,10,wake_hr_p25,monitoring full v0 plus state and aggregate context,float64,557,5.432937181663837,472,0.0,distribution/shape,wake,wake_phase,p25,True,,True
monitoring_full_wake_pre_sleep_plus_state_plus_aggregate,11,wake_hr_p75,monitoring full v0 plus state and aggregate context,float64,557,5.432937181663837,472,0.0,distribution/shape,wake,wake_phase,p75,True,,True
monitoring_full_wake_pre_sleep_plus_state_plus_aggregate,12,wake_hr_p90,monitoring full v0 plus state and aggregate context,float64,557,5.432937181663837,472,0.0,distribution/shape,wake,wake_phase,p90,True,,True
monitoring_full_wake_pre_sleep_plus_state_plus_aggregate,13,wake_hr_range,monitoring full v0 plus state and aggregate context,float64,557,5.432937181663837,472,0.0,distribution/shape,wake,wake_phase,range,True,,True
monitoring_full_wake_pre_sleep_plus_state_plus_aggregate,14,wake_hr_skewness,monitoring full v0 plus state and aggregate context,float64,557,5.432937181663837,472,0.0,distribution/shape,wake,wake_phase,skewness,True,,True
monitoring_full_wake_pre_sleep_plus_state_plus_aggregate,15,wake_hr_std,monitoring full v0 plus state and aggregate context,float64,557,5.432937181663837,472,0.0,distribution/shape,wake,wake_phase,std,True,,True
monitoring_full_wake_pre_sleep_plus_state_plus_aggregate,16,wake_stress_histogram_entropy,monitoring full v0 plus state and aggregate context,float64,557,5.432937181663837,472,0.0,distribution/shape,wake,wake_phase,histogram_entropy,True,,True
monitoring_full_wake_pre_sleep_plus_state_plus_aggregate,17,wake_stress_iqr,monitoring full v0 plus state and aggregate context,float64,557,5.432937181663837,472,0.0,distribution/shape,wake,wake_phase,iqr,True,,True
monitoring_full_wake_pre_sleep_plus_state_plus_aggregate,18,wake_stress_kurtosis,monitoring full v0 plus state and aggregate context,float64,557,5.432937181663837,472,0.0,distribution/shape,wake,wake_phase,kurtosis,True,,True
monitoring_full_wake_pre_sleep_plus_state_plus_aggregate,19,wake_stress_mad,monitoring full v0 plus state and aggregate context,float64,557,5.432937181663837,472,0.0,distribution/shape,wake,wake_phase,mad,True,,True
monitoring_full_wake_pre_sleep_plus_state_plus_aggregate,20,wake_stress_max,monitoring full v0 plus state and aggregate context,float64,557,5.432937181663837,472,0.0,distribution/shape,wake,wake_phase,max,True,,True
monitoring_full_wake_pre_sleep_plus_state_plus_aggregate,21,wake_stress_mean,monitoring full v0 plus state and aggregate context,float64,557,5.432937181663837,472,0.0,distribution/shape,wake,wake_phase,mean,True,,True
monitoring_full_wake_pre_sleep_plus_state_plus_aggregate,22,wake_stress_median,monitoring full v0 plus state and aggregate context,float64,557,5.432937181663837,472,0.0,distribution/shape,wake,wake_phase,median,True,,True
monitoring_full_wake_pre_sleep_plus_state_plus_aggregate,23,wake_stress_min,monitoring full v0 plus state and aggregate context,float64,557,5.432937181663837,472,0.0,distribution/shape,wake,wake_phase,min,True,,True
monitoring_full_wake_pre_sleep_plus_state_plus_aggregate,24,wake_stress_p10,monitoring full v0 plus state and aggregate context,float64,557,5.432937181663837,472,0.0,distribution/shape,wake,wake_phase,p10,True,,True
monitoring_full_wake_pre_sleep_plus_state_plus_aggregate,25,wake_stress_p25,monitoring full v0 plus state and aggregate context,float64,557,5.432937181663837,472,0.0,distribution/shape,wake,wake_phase,p25,True,,True
monitoring_full_wake_pre_sleep_plus_state_plus_aggregate,26,wake_stress_p75,monitoring full v0 plus state and aggregate context,float64,557,5.432937181663837,472,0.0,distribution/shape,wake,wake_phase,p75,True,,True
monitoring_full_wake_pre_sleep_plus_state_plus_aggregate,27,wake_stress_p90,monitoring full v0 plus state and aggregate context,float64,557,5.432937181663837,472,0.0,distribution/shape,wake,wake_phase,p90,True,,True
monitoring_full_wake_pre_sleep_plus_state_plus_aggregate,28,wake_stress_range,monitoring full v0 plus state and aggregate context,float64,557,5.432937181663837,472,0.0,distribution/shape,wake,wake_phase,range,True,,True
monitoring_full_wake_pre_sleep_plus_state_plus_aggregate,29,wake_stress_skewness,monitoring full v0 plus state and aggregate context,float64,557,5.432937181663837,472,0.0,distribution/shape,wake,wake_phase,skewness,True,,True
monitoring_full_wake_pre_sleep_plus_state_plus_aggregate,30,wake_stress_std,monitoring full v0 plus state and aggregate context,float64,557,5.432937181663837,472,0.0,distribution/shape,wake,wake_phase,std,True,,True
monitoring_full_wake_pre_sleep_plus_state_plus_aggregate,31,wake_stress_frac_active,monitoring full v0 plus state and aggregate context,float64,557,5.432937181663837,472,0.0,stress state fractions,wake,wake_phase,frac_active,True,,True
monitoring_full_wake_pre_sleep_plus_state_plus_aggregate,32,wake_stress_frac_high,monitoring full v0 plus state and aggregate context,float64,557,5.432937181663837,472,0.0,stress state fractions,wake,wake_phase,frac_high,True,,True
monitoring_full_wake_pre_sleep_plus_state_plus_aggregate,33,wake_stress_frac_low,monitoring full v0 plus state and aggregate context,float64,557,5.432937181663837,472,0.0,stress state fractions,wake,wake_phase,frac_low,True,,True
monitoring_full_wake_pre_sleep_plus_state_plus_aggregate,34,wake_stress_frac_medium,monitoring full v0 plus state and aggregate context,float64,557,5.432937181663837,472,0.0,stress state fractions,wake,wake_phase,frac_medium,True,,True
monitoring_full_wake_pre_sleep_plus_state_plus_aggregate,35,wake_stress_frac_resting,monitoring full v0 plus state and aggregate context,float64,557,5.432937181663837,472,0.0,stress state fractions,wake,wake_phase,frac_resting,True,,True
monitoring_full_wake_pre_sleep_plus_state_plus_aggregate,36,wake_hr_frac_below_zone1,monitoring full v0 plus state and aggregate context,float64,557,5.432937181663837,472,0.0,HR MHR zones,wake,wake_phase,frac_below_zone1,True,,True
monitoring_full_wake_pre_sleep_plus_state_plus_aggregate,37,wake_hr_frac_zone1,monitoring full v0 plus state and aggregate context,float64,557,5.432937181663837,472,0.0,HR MHR zones,wake,wake_phase,frac_zone1,True,,True
monitoring_full_wake_pre_sleep_plus_state_plus_aggregate,38,wake_hr_frac_zone2,monitoring full v0 plus state and aggregate context,float64,557,5.432937181663837,472,0.0,HR MHR zones,wake,wake_phase,frac_zone2,True,,True
monitoring_full_wake_pre_sleep_plus_state_plus_aggregate,39,wake_hr_frac_zone3,monitoring full v0 plus state and aggregate context,float64,557,5.432937181663837,472,0.0,HR MHR zones,wake,wake_phase,frac_zone3,True,,True
monitoring_full_wake_pre_sleep_plus_state_plus_aggregate,40,wake_hr_frac_zone4,monitoring full v0 plus state and aggregate context,float64,557,5.432937181663837,472,0.0,HR MHR zones,wake,wake_phase,frac_zone4,True,,True
monitoring_full_wake_pre_sleep_plus_state_plus_aggregate,41,wake_hr_frac_zone5,monitoring full v0 plus state and aggregate context,float64,557,5.432937181663837,472,0.0,HR MHR zones,wake,wake_phase,frac_zone5,True,,True
monitoring_full_wake_pre_sleep_plus_state_plus_aggregate,42,wake_hr_max_abs_jump,monitoring full v0 plus state and aggregate context,float64,557,5.432937181663837,472,0.0,variability/gaps,wake,wake_phase,max_abs_jump,True,,True
monitoring_full_wake_pre_sleep_plus_state_plus_aggregate,43,wake_hr_mean_abs_diff,monitoring full v0 plus state and aggregate context,float64,557,5.432937181663837,472,0.0,variability/gaps,wake,wake_phase,mean_abs_diff,True,,True
monitoring_full_wake_pre_sleep_plus_state_plus_aggregate,44,wake_hr_median_abs_diff,monitoring full v0 plus state and aggregate context,float64,557,5.432937181663837,472,0.0,variability/gaps,wake,wake_phase,median_abs_diff,True,,True
monitoring_full_wake_pre_sleep_plus_state_plus_aggregate,45,wake_hr_roughness,monitoring full v0 plus state and aggregate context,float64,557,5.432937181663837,472,0.0,variability/gaps,wake,wake_phase,roughness,True,,True
monitoring_full_wake_pre_sleep_plus_state_plus_aggregate,46,wake_hr_std_diff,monitoring full v0 plus state and aggregate context,float64,557,5.432937181663837,472,0.0,variability/gaps,wake,wake_phase,std_diff,True,,True
monitoring_full_wake_pre_sleep_plus_state_plus_aggregate,47,wake_stress_max_abs_jump,monitoring full v0 plus state and aggregate context,float64,557,5.432937181663837,472,0.0,variability/gaps,wake,wake_phase,max_abs_jump,True,,True
monitoring_full_wake_pre_sleep_plus_state_plus_aggregate,48,wake_stress_mean_abs_diff,monitoring full v0 plus state and aggregate context,float64,557,5.432937181663837,472,0.0,variability/gaps,wake,wake_phase,mean_abs_diff,True,,True
monitoring_full_wake_pre_sleep_plus_state_plus_aggregate,49,wake_stress_median_abs_diff,monitoring full v0 plus state and aggregate context,float64,557,5.432937181663837,472,0.0,variability/gaps,wake,wake_phase,median_abs_diff,True,,True
monitoring_full_wake_pre_sleep_plus_state_plus_aggregate,50,wake_stress_roughness,monitoring full v0 plus state and aggregate context,float64,557,5.432937181663837,472,0.0,variability/gaps,wake,wake_phase,roughness,True,,True
monitoring_full_wake_pre_sleep_plus_state_plus_aggregate,51,wake_stress_std_diff,monitoring full v0 plus state and aggregate context,float64,557,5.432937181663837,472,0.0,variability/gaps,wake,wake_phase,std_diff,True,,True
monitoring_full_wake_pre_sleep_plus_state_plus_aggregate,52,wake_hr_zone2_plus_episode_count,monitoring full v0 plus state and aggregate context,float64,557,5.432937181663837,472,0.0,episodes/state structure,wake,wake_phase,zone2_plus_episode_count,True,,True
monitoring_full_wake_pre_sleep_plus_state_plus_aggregate,53,wake_hr_zone2_plus_fragmentation_index,monitoring full v0 plus state and aggregate context,float64,557,5.432937181663837,472,0.0,episodes/state structure,wake,wake_phase,zone2_plus_fragmentation_index,True,,True
monitoring_full_wake_pre_sleep_plus_state_plus_aggregate,54,wake_hr_zone2_plus_has_event,monitoring full v0 plus state and aggregate context,float64,557,5.432937181663837,472,0.0,episodes/state structure,wake,wake_phase,zone2_plus_has_event,True,,True
monitoring_full_wake_pre_sleep_plus_state_plus_aggregate,55,wake_hr_zone2_plus_max_duration_minutes,monitoring full v0 plus state and aggregate context,float64,557,5.432937181663837,472,0.0,episodes/state structure,wake,wake_phase,zone2_plus_max_duration_minutes,True,,True
monitoring_full_wake_pre_sleep_plus_state_plus_aggregate,56,wake_hr_zone2_plus_mean_duration_minutes,monitoring full v0 plus state and aggregate context,float64,557,5.432937181663837,472,0.0,episodes/state structure,wake,wake_phase,zone2_plus_mean_duration_minutes,True,,True
monitoring_full_wake_pre_sleep_plus_state_plus_aggregate,57,wake_hr_zone2_plus_time_to_first_minutes,monitoring full v0 plus state and aggregate context,float64,459,22.07130730050934,400,15.254237288135593,episodes/state structure,wake,wake_phase,zone2_plus_time_to_first_minutes,True,,True
monitoring_full_wake_pre_sleep_plus_state_plus_aggregate,58,wake_hr_zone2_plus_total_minutes,monitoring full v0 plus state and aggregate context,float64,557,5.432937181663837,472,0.0,episodes/state structure,wake,wake_phase,zone2_plus_total_minutes,True,,True
monitoring_full_wake_pre_sleep_plus_state_plus_aggregate,59,wake_stress_active_episode_count,monitoring full v0 plus state and aggregate context,float64,557,5.432937181663837,472,0.0,episodes/state structure,wake,wake_phase,active_episode_count,True,,True
monitoring_full_wake_pre_sleep_plus_state_plus_aggregate,60,wake_stress_active_fragmentation_index,monitoring full v0 plus state and aggregate context,float64,557,5.432937181663837,472,0.0,episodes/state structure,wake,wake_phase,active_fragmentation_index,True,,True
monitoring_full_wake_pre_sleep_plus_state_plus_aggregate,61,wake_stress_active_max_duration_minutes,monitoring full v0 plus state and aggregate context,float64,557,5.432937181663837,472,0.0,episodes/state structure,wake,wake_phase,active_max_duration_minutes,True,,True
monitoring_full_wake_pre_sleep_plus_state_plus_aggregate,62,wake_stress_active_mean_duration_minutes,monitoring full v0 plus state and aggregate context,float64,557,5.432937181663837,472,0.0,episodes/state structure,wake,wake_phase,active_mean_duration_minutes,True,,True
monitoring_full_wake_pre_sleep_plus_state_plus_aggregate,63,wake_stress_active_time_to_first_minutes,monitoring full v0 plus state and aggregate context,float64,557,5.432937181663837,472,0.0,episodes/state structure,wake,wake_phase,active_time_to_first_minutes,True,,True
monitoring_full_wake_pre_sleep_plus_state_plus_aggregate,64,wake_stress_active_total_minutes,monitoring full v0 plus state and aggregate context,float64,557,5.432937181663837,472,0.0,episodes/state structure,wake,wake_phase,active_total_minutes,True,,True
monitoring_full_wake_pre_sleep_plus_state_plus_aggregate,65,wake_stress_high_episode_count,monitoring full v0 plus state and aggregate context,float64,557,5.432937181663837,472,0.0,episodes/state structure,wake,wake_phase,high_episode_count,True,,True
monitoring_full_wake_pre_sleep_plus_state_plus_aggregate,66,wake_stress_high_fragmentation_index,monitoring full v0 plus state and aggregate context,float64,557,5.432937181663837,472,0.0,episodes/state structure,wake,wake_phase,high_fragmentation_index,True,,True
monitoring_full_wake_pre_sleep_plus_state_plus_aggregate,67,wake_stress_high_has_event,monitoring full v0 plus state and aggregate context,float64,557,5.432937181663837,472,0.0,episodes/state structure,wake,wake_phase,high_has_event,True,,True
monitoring_full_wake_pre_sleep_plus_state_plus_aggregate,68,wake_stress_high_max_duration_minutes,monitoring full v0 plus state and aggregate context,float64,557,5.432937181663837,472,0.0,episodes/state structure,wake,wake_phase,high_max_duration_minutes,True,,True
monitoring_full_wake_pre_sleep_plus_state_plus_aggregate,69,wake_stress_high_mean_duration_minutes,monitoring full v0 plus state and aggregate context,float64,557,5.432937181663837,472,0.0,episodes/state structure,wake,wake_phase,high_mean_duration_minutes,True,,True
monitoring_full_wake_pre_sleep_plus_state_plus_aggregate,70,wake_stress_high_time_to_first_minutes,monitoring full v0 plus state and aggregate context,float64,552,6.281833616298811,472,0.0,episodes/state structure,wake,wake_phase,high_time_to_first_minutes,True,,True
monitoring_full_wake_pre_sleep_plus_state_plus_aggregate,71,wake_stress_high_total_minutes,monitoring full v0 plus state and aggregate context,float64,557,5.432937181663837,472,0.0,episodes/state structure,wake,wake_phase,high_total_minutes,True,,True
monitoring_full_wake_pre_sleep_plus_state_plus_aggregate,72,pre_sleep_4h_hr_early_minus_late,monitoring full v0 plus state and aggregate context,float64,503,14.60101867572156,466,1.2711864406779663,recovery/deactivation,wake/pre-sleep,pre_sleep_4h,early_minus_late,True,,True
monitoring_full_wake_pre_sleep_plus_state_plus_aggregate,73,pre_sleep_4h_hr_mean,monitoring full v0 plus state and aggregate context,float64,523,11.205432937181664,472,0.0,recovery/deactivation,wake/pre-sleep,pre_sleep_4h,mean,True,,True
monitoring_full_wake_pre_sleep_plus_state_plus_aggregate,74,pre_sleep_4h_hr_p90,monitoring full v0 plus state and aggregate context,float64,523,11.205432937181664,472,0.0,recovery/deactivation,wake/pre-sleep,pre_sleep_4h,p90,True,,True
monitoring_full_wake_pre_sleep_plus_state_plus_aggregate,75,pre_sleep_4h_hr_std,monitoring full v0 plus state and aggregate context,float64,523,11.205432937181664,472,0.0,recovery/deactivation,wake/pre-sleep,pre_sleep_4h,std,True,,True
monitoring_full_wake_pre_sleep_plus_state_plus_aggregate,76,pre_sleep_4h_stress_early_minus_late,monitoring full v0 plus state and aggregate context,float64,503,14.60101867572156,466,1.2711864406779663,recovery/deactivation,wake/pre-sleep,pre_sleep_4h,early_minus_late,True,,True
monitoring_full_wake_pre_sleep_plus_state_plus_aggregate,77,pre_sleep_4h_stress_high_fraction,monitoring full v0 plus state and aggregate context,float64,523,11.205432937181664,472,0.0,recovery/deactivation,wake/pre-sleep,pre_sleep_4h,high_fraction,True,,True
monitoring_full_wake_pre_sleep_plus_state_plus_aggregate,78,pre_sleep_4h_stress_mean,monitoring full v0 plus state and aggregate context,float64,523,11.205432937181664,472,0.0,recovery/deactivation,wake/pre-sleep,pre_sleep_4h,mean,True,,True
monitoring_full_wake_pre_sleep_plus_state_plus_aggregate,79,pre_sleep_4h_stress_p90,monitoring full v0 plus state and aggregate context,float64,523,11.205432937181664,472,0.0,recovery/deactivation,wake/pre-sleep,pre_sleep_4h,p90,True,,True
monitoring_full_wake_pre_sleep_plus_state_plus_aggregate,80,pre_sleep_4h_stress_std,monitoring full v0 plus state and aggregate context,float64,523,11.205432937181664,472,0.0,recovery/deactivation,wake/pre-sleep,pre_sleep_4h,std,True,,True
monitoring_full_wake_pre_sleep_plus_state_plus_aggregate,81,wake_q1_hr_mean,monitoring full v0 plus state and aggregate context,float64,537,8.828522920203735,472,0.0,relative windows,wake,wake_q1,hr_mean,True,,True
monitoring_full_wake_pre_sleep_plus_state_plus_aggregate,82,wake_q1_hr_p90,monitoring full v0 plus state and aggregate context,float64,537,8.828522920203735,472,0.0,relative windows,wake,wake_q1,hr_p90,True,,True
monitoring_full_wake_pre_sleep_plus_state_plus_aggregate,83,wake_q1_hr_std,monitoring full v0 plus state and aggregate context,float64,537,8.828522920203735,472,0.0,relative windows,wake,wake_q1,hr_std,True,,True
monitoring_full_wake_pre_sleep_plus_state_plus_aggregate,84,wake_q1_stress_high_fraction,monitoring full v0 plus state and aggregate context,float64,536,8.998302207130731,472,0.0,relative windows,wake,wake_q1,stress_high_fraction,True,,True
monitoring_full_wake_pre_sleep_plus_state_plus_aggregate,85,wake_q1_stress_mean,monitoring full v0 plus state and aggregate context,float64,536,8.998302207130731,472,0.0,relative windows,wake,wake_q1,stress_mean,True,,True
monitoring_full_wake_pre_sleep_plus_state_plus_aggregate,86,wake_q1_stress_p90,monitoring full v0 plus state and aggregate context,float64,536,8.998302207130731,472,0.0,relative windows,wake,wake_q1,stress_p90,True,,True
monitoring_full_wake_pre_sleep_plus_state_plus_aggregate,87,wake_q1_stress_std,monitoring full v0 plus state and aggregate context,float64,536,8.998302207130731,472,0.0,relative windows,wake,wake_q1,stress_std,True,,True
monitoring_full_wake_pre_sleep_plus_state_plus_aggregate,88,wake_q2_hr_mean,monitoring full v0 plus state and aggregate context,float64,528,10.35653650254669,472,0.0,relative windows,wake,wake_q2,hr_mean,True,,True
monitoring_full_wake_pre_sleep_plus_state_plus_aggregate,89,wake_q2_hr_p90,monitoring full v0 plus state and aggregate context,float64,528,10.35653650254669,472,0.0,relative windows,wake,wake_q2,hr_p90,True,,True
monitoring_full_wake_pre_sleep_plus_state_plus_aggregate,90,wake_q2_hr_std,monitoring full v0 plus state and aggregate context,float64,528,10.35653650254669,472,0.0,relative windows,wake,wake_q2,hr_std,True,,True
monitoring_full_wake_pre_sleep_plus_state_plus_aggregate,91,wake_q2_stress_high_fraction,monitoring full v0 plus state and aggregate context,float64,526,10.69609507640068,470,0.423728813559322,relative windows,wake,wake_q2,stress_high_fraction,True,,True
monitoring_full_wake_pre_sleep_plus_state_plus_aggregate,92,wake_q2_stress_mean,monitoring full v0 plus state and aggregate context,float64,526,10.69609507640068,470,0.423728813559322,relative windows,wake,wake_q2,stress_mean,True,,True
monitoring_full_wake_pre_sleep_plus_state_plus_aggregate,93,wake_q2_stress_p90,monitoring full v0 plus state and aggregate context,float64,526,10.69609507640068,470,0.423728813559322,relative windows,wake,wake_q2,stress_p90,True,,True
monitoring_full_wake_pre_sleep_plus_state_plus_aggregate,94,wake_q2_stress_std,monitoring full v0 plus state and aggregate context,float64,526,10.69609507640068,470,0.423728813559322,relative windows,wake,wake_q2,stress_std,True,,True
monitoring_full_wake_pre_sleep_plus_state_plus_aggregate,95,wake_q3_hr_mean,monitoring full v0 plus state and aggregate context,float64,527,10.526315789473683,472,0.0,relative windows,wake,wake_q3,hr_mean,True,,True
monitoring_full_wake_pre_sleep_plus_state_plus_aggregate,96,wake_q3_hr_p90,monitoring full v0 plus state and aggregate context,float64,527,10.526315789473683,472,0.0,relative windows,wake,wake_q3,hr_p90,True,,True
monitoring_full_wake_pre_sleep_plus_state_plus_aggregate,97,wake_q3_hr_std,monitoring full v0 plus state and aggregate context,float64,527,10.526315789473683,472,0.0,relative windows,wake,wake_q3,hr_std,True,,True
monitoring_full_wake_pre_sleep_plus_state_plus_aggregate,98,wake_q3_stress_high_fraction,monitoring full v0 plus state and aggregate context,float64,526,10.69609507640068,472,0.0,relative windows,wake,wake_q3,stress_high_fraction,True,,True
monitoring_full_wake_pre_sleep_plus_state_plus_aggregate,99,wake_q3_stress_mean,monitoring full v0 plus state and aggregate context,float64,526,10.69609507640068,472,0.0,relative windows,wake,wake_q3,stress_mean,True,,True
monitoring_full_wake_pre_sleep_plus_state_plus_aggregate,100,wake_q3_stress_p90,monitoring full v0 plus state and aggregate context,float64,526,10.69609507640068,472,0.0,relative windows,wake,wake_q3,stress_p90,True,,True
monitoring_full_wake_pre_sleep_plus_state_plus_aggregate,101,wake_q3_stress_std,monitoring full v0 plus state and aggregate context,float64,526,10.69609507640068,472,0.0,relative windows,wake,wake_q3,stress_std,True,,True
monitoring_full_wake_pre_sleep_plus_state_plus_aggregate,102,wake_q4_hr_mean,monitoring full v0 plus state and aggregate context,float64,540,8.31918505942275,472,0.0,relative windows,wake,wake_q4,hr_mean,True,,True
monitoring_full_wake_pre_sleep_plus_state_plus_aggregate,103,wake_q4_hr_p90,monitoring full v0 plus state and aggregate context,float64,540,8.31918505942275,472,0.0,relative windows,wake,wake_q4,hr_p90,True,,True
monitoring_full_wake_pre_sleep_plus_state_plus_aggregate,104,wake_q4_hr_std,monitoring full v0 plus state and aggregate context,float64,540,8.31918505942275,472,0.0,relative windows,wake,wake_q4,hr_std,True,,True
monitoring_full_wake_pre_sleep_plus_state_plus_aggregate,105,wake_q4_stress_high_fraction,monitoring full v0 plus state and aggregate context,float64,540,8.31918505942275,472,0.0,relative windows,wake,wake_q4,stress_high_fraction,True,,True
monitoring_full_wake_pre_sleep_plus_state_plus_aggregate,106,wake_q4_stress_mean,monitoring full v0 plus state and aggregate context,float64,540,8.31918505942275,472,0.0,relative windows,wake,wake_q4,stress_mean,True,,True
monitoring_full_wake_pre_sleep_plus_state_plus_aggregate,107,wake_q4_stress_p90,monitoring full v0 plus state and aggregate context,float64,540,8.31918505942275,472,0.0,relative windows,wake,wake_q4,stress_p90,True,,True
monitoring_full_wake_pre_sleep_plus_state_plus_aggregate,108,wake_q4_stress_std,monitoring full v0 plus state and aggregate context,float64,540,8.31918505942275,472,0.0,relative windows,wake,wake_q4,stress_std,True,,True
monitoring_full_wake_pre_sleep_plus_state_plus_aggregate,109,pre_sleep_4h_hr_slope_per_hour,monitoring full v0 plus state and aggregate context,float64,523,11.205432937181664,472,0.0,trends,wake/pre-sleep,pre_sleep_4h,slope_per_hour,True,,True
monitoring_full_wake_pre_sleep_plus_state_plus_aggregate,110,pre_sleep_4h_hr_trend_r2,monitoring full v0 plus state and aggregate context,float64,523,11.205432937181664,472,0.0,trends,wake/pre-sleep,pre_sleep_4h,trend_r2,True,,True
monitoring_full_wake_pre_sleep_plus_state_plus_aggregate,111,pre_sleep_4h_stress_slope_per_hour,monitoring full v0 plus state and aggregate context,float64,523,11.205432937181664,472,0.0,trends,wake/pre-sleep,pre_sleep_4h,slope_per_hour,True,,True
monitoring_full_wake_pre_sleep_plus_state_plus_aggregate,112,pre_sleep_4h_stress_trend_r2,monitoring full v0 plus state and aggregate context,float64,523,11.205432937181664,472,0.0,trends,wake/pre-sleep,pre_sleep_4h,trend_r2,True,,True
monitoring_full_wake_pre_sleep_plus_state_plus_aggregate,113,wake_hr_slope_per_hour,monitoring full v0 plus state and aggregate context,float64,557,5.432937181663837,472,0.0,trends,wake,wake_phase,slope_per_hour,True,,True
monitoring_full_wake_pre_sleep_plus_state_plus_aggregate,114,wake_hr_trend_r2,monitoring full v0 plus state and aggregate context,float64,557,5.432937181663837,472,0.0,trends,wake,wake_phase,trend_r2,True,,True
monitoring_full_wake_pre_sleep_plus_state_plus_aggregate,115,wake_stress_slope_per_hour,monitoring full v0 plus state and aggregate context,float64,557,5.432937181663837,472,0.0,trends,wake,wake_phase,slope_per_hour,True,,True
monitoring_full_wake_pre_sleep_plus_state_plus_aggregate,116,wake_stress_trend_r2,monitoring full v0 plus state and aggregate context,float64,557,5.432937181663837,472,0.0,trends,wake,wake_phase,trend_r2,True,,True
monitoring_full_wake_pre_sleep_plus_state_plus_aggregate,117,wake_frac_hr_below_zone1_stress_high,monitoring full v0 plus state and aggregate context,float64,556,5.602716468590832,472,0.0,HR/stress coupling,wake,wake_phase,wake_frac_hr_below_zone1_stress_high,True,,True
monitoring_full_wake_pre_sleep_plus_state_plus_aggregate,118,wake_frac_hr_zone2_plus_stress_high,monitoring full v0 plus state and aggregate context,float64,556,5.602716468590832,472,0.0,HR/stress coupling,wake,wake_phase,wake_frac_hr_zone2_plus_stress_high,True,,True
monitoring_full_wake_pre_sleep_plus_state_plus_aggregate,119,wake_hr_diff_stress_diff_corr,monitoring full v0 plus state and aggregate context,float64,556,5.602716468590832,472,0.0,HR/stress coupling,wake,wake_phase,diff_stress_diff_corr,True,,True
monitoring_full_wake_pre_sleep_plus_state_plus_aggregate,120,wake_hr_stress_corr,monitoring full v0 plus state and aggregate context,float64,556,5.602716468590832,472,0.0,HR/stress coupling,wake,wake_phase,stress_corr,True,,True
monitoring_full_wake_pre_sleep_plus_state_plus_aggregate,121,wake_stress_hr_r2,monitoring full v0 plus state and aggregate context,float64,556,5.602716468590832,472,0.0,HR/stress coupling,wake,wake_phase,hr_r2,True,,True
monitoring_full_wake_pre_sleep_plus_state_plus_aggregate,122,wake_stress_hr_slope,monitoring full v0 plus state and aggregate context,float64,556,5.602716468590832,472,0.0,HR/stress coupling,wake,wake_phase,hr_slope,True,,True
monitoring_full_wake_pre_sleep_plus_state_plus_aggregate,123,next_sleep_start_hour_local_wrapped,monitoring full v0 plus state and aggregate context,float64,524,11.03565365025467,472,0.0,schedule/context,wake/pre-sleep,next_sleep_boundary,start_hour_local_wrapped,True,,True
monitoring_full_wake_pre_sleep_plus_state_plus_aggregate,124,prev_sleep_hours,monitoring full v0 plus state and aggregate context,float64,556,5.602716468590832,472,0.0,previous sleep context,sleep,previous_sleep,duration_hours,True,,False
monitoring_full_wake_pre_sleep_plus_state_plus_aggregate,125,prev_sleep_avg_stress,monitoring full v0 plus state and aggregate context,float64,556,5.602716468590832,472,0.0,previous sleep context,sleep,previous_sleep,avg_sleep_stress,True,,False
monitoring_full_wake_pre_sleep_plus_state_plus_aggregate,126,prev_sleep_score,monitoring full v0 plus state and aggregate context,Int64,555,5.772495755517826,471,0.211864406779661,previous sleep context,sleep,previous_sleep,overall_score,True,,False
monitoring_full_wake_pre_sleep_plus_state_plus_aggregate,127,prev_sleep_recovery,monitoring full v0 plus state and aggregate context,Int64,555,5.772495755517826,471,0.211864406779661,previous sleep context,sleep,previous_sleep,recovery_score,True,,False
monitoring_full_wake_pre_sleep_plus_state_plus_aggregate,128,prev_sleep_start_hour,monitoring full v0 plus state and aggregate context,float64,556,5.602716468590832,472,0.0,previous sleep context,sleep,previous_sleep,start_hour_local_wrapped,True,,False
monitoring_full_wake_pre_sleep_plus_state_plus_aggregate,129,wake_start_hour,monitoring full v0 plus state and aggregate context,float64,589,0.0,472,0.0,previous sleep context,wake,wake_phase,start_hour_local_wrapped,True,,False
monitoring_full_wake_pre_sleep_plus_state_plus_aggregate,130,prev_sleep_hr_mean,monitoring full v0 plus state and aggregate context,float64,555,5.772495755517826,472,0.0,previous sleep context,sleep,previous_sleep,hr_mean,True,,False
monitoring_full_wake_pre_sleep_plus_state_plus_aggregate,131,prev_sleep_hr_std,monitoring full v0 plus state and aggregate context,float64,555,5.772495755517826,472,0.0,previous sleep context,sleep,previous_sleep,hr_std,True,,False
monitoring_full_wake_pre_sleep_plus_state_plus_aggregate,132,prev_sleep_stress_mean,monitoring full v0 plus state and aggregate context,float64,555,5.772495755517826,472,0.0,previous sleep context,sleep,previous_sleep,stress_mean,True,,False
monitoring_full_wake_pre_sleep_plus_state_plus_aggregate,133,prev_sleep_stress_p90,monitoring full v0 plus state and aggregate context,float64,555,5.772495755517826,472,0.0,previous sleep context,sleep,previous_sleep,stress_p90,True,,False
monitoring_full_wake_pre_sleep_plus_state_plus_aggregate,134,hist3_sleep_avg_stress,monitoring full v0 plus state and aggregate context,float64,588,0.1697792869269949,471,0.211864406779661,recent sleep history,sleep,prior_3_sleep_observations,avg_sleep_stress_mean,True,,False
monitoring_full_wake_pre_sleep_plus_state_plus_aggregate,135,hist7_sleep_avg_stress,monitoring full v0 plus state and aggregate context,float64,588,0.1697792869269949,471,0.211864406779661,recent sleep history,sleep,prior_7_sleep_observations,avg_sleep_stress_mean,True,,False
monitoring_full_wake_pre_sleep_plus_state_plus_aggregate,136,hist3_sleep_score,monitoring full v0 plus state and aggregate context,float64,588,0.1697792869269949,471,0.211864406779661,recent sleep history,sleep,prior_3_sleep_observations,overall_score_mean,True,,False
monitoring_full_wake_pre_sleep_plus_state_plus_aggregate,137,hist7_sleep_score,monitoring full v0 plus state and aggregate context,float64,588,0.1697792869269949,471,0.211864406779661,recent sleep history,sleep,prior_7_sleep_observations,overall_score_mean,True,,False
monitoring_full_wake_pre_sleep_plus_state_plus_aggregate,138,hist3_sleep_recovery,monitoring full v0 plus state and aggregate context,float64,588,0.1697792869269949,471,0.211864406779661,recent sleep history,sleep,prior_3_sleep_observations,recovery_score_mean,True,,False
monitoring_full_wake_pre_sleep_plus_state_plus_aggregate,139,hist7_sleep_recovery,monitoring full v0 plus state and aggregate context,float64,588,0.1697792869269949,471,0.211864406779661,recent sleep history,sleep,prior_7_sleep_observations,recovery_score_mean,True,,False
monitoring_full_wake_pre_sleep_plus_state_plus_aggregate,140,hist3_sleep_hours,monitoring full v0 plus state and aggregate context,float64,588,0.1697792869269949,471,0.211864406779661,recent sleep history,sleep,prior_3_sleep_observations,duration_hours_mean,True,,False
monitoring_full_wake_pre_sleep_plus_state_plus_aggregate,141,hist7_sleep_hours,monitoring full v0 plus state and aggregate context,float64,588,0.1697792869269949,471,0.211864406779661,recent sleep history,sleep,prior_7_sleep_observations,duration_hours_mean,True,,False
monitoring_full_wake_pre_sleep_plus_state_plus_aggregate,142,hist3_sleep_count,monitoring full v0 plus state and aggregate context,int64,589,0.0,472,0.0,recent sleep history,sleep,prior_3_sleep_observations,available_observation_count,True,,False
monitoring_full_wake_pre_sleep_plus_state_plus_aggregate,143,hist7_sleep_count,monitoring full v0 plus state and aggregate context,int64,589,0.0,472,0.0,recent sleep history,sleep,prior_7_sleep_observations,available_observation_count,True,,False
monitoring_full_wake_pre_sleep_plus_state_plus_aggregate,144,dev7_wake_stress_mean,monitoring full v0 plus state and aggregate context,float64,556,5.602716468590832,471,0.211864406779661,current day baseline deviation,wake,wake_phase_minus_prior_7,stress_mean_delta,True,,False
monitoring_full_wake_pre_sleep_plus_state_plus_aggregate,145,dev7_presleep_stress_mean,monitoring full v0 plus state and aggregate context,float64,522,11.37521222410866,471,0.211864406779661,current day baseline deviation,wake/pre-sleep,pre_sleep_4h_minus_prior_7,stress_mean_delta,True,,False
monitoring_full_wake_pre_sleep_plus_state_plus_aggregate,146,dev7_wake_hr_roughness,monitoring full v0 plus state and aggregate context,float64,556,5.602716468590832,471,0.211864406779661,current day baseline deviation,wake,wake_phase_minus_prior_7,hr_roughness_delta,True,,False
monitoring_full_wake_pre_sleep_plus_state_plus_aggregate,147,dev7_wake_high_stress_min,monitoring full v0 plus state and aggregate context,float64,556,5.602716468590832,471,0.211864406779661,current day baseline deviation,wake,wake_phase_minus_prior_7,high_stress_minutes_delta,True,,False
monitoring_full_wake_pre_sleep_plus_state_plus_aggregate,148,hist7_wake_count,monitoring full v0 plus state and aggregate context,int64,589,0.0,472,0.0,current day baseline deviation,wake/pre-sleep,prior_7_wake_observations,available_observation_count,True,,False
monitoring_full_wake_pre_sleep_plus_state_plus_aggregate,149,agg__totalSteps,monitoring full v0 plus state and aggregate context,Int64,582,1.1884550084889642,472,0.0,non_overlapping_day_context,aggregate,day_D,totalSteps,True,non_overlapping_day_context,True
monitoring_full_wake_pre_sleep_plus_state_plus_aggregate,150,agg__totalDistanceMeters,monitoring full v0 plus state and aggregate context,Int64,582,1.1884550084889642,472,0.0,non_overlapping_day_context,aggregate,day_D,totalDistanceMeters,True,non_overlapping_day_context,True
monitoring_full_wake_pre_sleep_plus_state_plus_aggregate,151,agg__activeKilocalories,monitoring full v0 plus state and aggregate context,Int64,582,1.1884550084889642,472,0.0,non_overlapping_day_context,aggregate,day_D,activeKilocalories,True,non_overlapping_day_context,True
monitoring_full_wake_pre_sleep_plus_state_plus_aggregate,152,agg__active_hours,monitoring full v0 plus state and aggregate context,Float64,582,1.1884550084889642,472,0.0,non_overlapping_day_context,aggregate,day_D,active_hours,True,non_overlapping_day_context,True
monitoring_full_wake_pre_sleep_plus_state_plus_aggregate,153,agg__highly_active_hours,monitoring full v0 plus state and aggregate context,Float64,582,1.1884550084889642,472,0.0,non_overlapping_day_context,aggregate,day_D,highly_active_hours,True,non_overlapping_day_context,True
monitoring_full_wake_pre_sleep_plus_state_plus_aggregate,154,agg__restingHeartRate,monitoring full v0 plus state and aggregate context,Int64,581,1.3582342954159592,472,0.0,direct_monitoring_overlap,aggregate,day_D,restingHeartRate,True,direct_monitoring_overlap,False
monitoring_full_wake_pre_sleep_plus_state_plus_aggregate,155,agg__minHeartRate,monitoring full v0 plus state and aggregate context,Int64,582,1.1884550084889642,472,0.0,direct_monitoring_overlap,aggregate,day_D,minHeartRate,True,direct_monitoring_overlap,False
monitoring_full_wake_pre_sleep_plus_state_plus_aggregate,156,agg__maxHeartRate,monitoring full v0 plus state and aggregate context,Int64,582,1.1884550084889642,472,0.0,direct_monitoring_overlap,aggregate,day_D,maxHeartRate,True,direct_monitoring_overlap,False
monitoring_full_wake_pre_sleep_plus_state_plus_aggregate,157,agg__bodyBatteryLowest,monitoring full v0 plus state and aggregate context,Int64,582,1.1884550084889642,472,0.0,non_overlapping_day_context,aggregate,day_D,bodyBatteryLowest,True,non_overlapping_day_context,True
monitoring_full_wake_pre_sleep_plus_state_plus_aggregate,158,agg__bodyBatteryHighest,monitoring full v0 plus state and aggregate context,Int64,582,1.1884550084889642,472,0.0,non_overlapping_day_context,aggregate,day_D,bodyBatteryHighest,True,non_overlapping_day_context,True
monitoring_full_wake_pre_sleep_plus_state_plus_aggregate,159,agg__bodyBattery_chargedValue,monitoring full v0 plus state and aggregate context,Int64,582,1.1884550084889642,472,0.0,non_overlapping_day_context,aggregate,day_D,bodyBattery_chargedValue,True,non_overlapping_day_context,True
monitoring_full_wake_pre_sleep_plus_state_plus_aggregate,160,agg__bodyBattery_drainedValue,monitoring full v0 plus state and aggregate context,Int64,582,1.1884550084889642,472,0.0,non_overlapping_day_context,aggregate,day_D,bodyBattery_drainedValue,True,non_overlapping_day_context,True
monitoring_full_wake_pre_sleep_plus_state_plus_aggregate,161,agg__bodyBatteryNetBalance,monitoring full v0 plus state and aggregate context,Int64,582,1.1884550084889642,472,0.0,non_overlapping_day_context,aggregate,day_D,bodyBatteryNetBalance,True,non_overlapping_day_context,True
monitoring_full_wake_pre_sleep_plus_state_plus_aggregate,162,agg__floorsAscendedInMeters,monitoring full v0 plus state and aggregate context,Float64,582,1.1884550084889642,472,0.0,non_overlapping_day_context,aggregate,day_D,floorsAscendedInMeters,True,non_overlapping_day_context,True
monitoring_full_wake_pre_sleep_plus_state_plus_aggregate,163,agg__floorsDescendedInMeters,monitoring full v0 plus state and aggregate context,Float64,582,1.1884550084889642,472,0.0,non_overlapping_day_context,aggregate,day_D,floorsDescendedInMeters,True,non_overlapping_day_context,True
monitoring_full_wake_pre_sleep_plus_state_plus_aggregate,164,agg__weekday_name,monitoring full v0 plus state and aggregate context,str,582,1.1884550084889642,472,0.0,non_overlapping_day_context,aggregate,day_D,weekday_name,True,non_overlapping_day_context,True
monitoring_full_wake_pre_sleep_plus_state_plus_aggregate,165,agg__awakeAverageStressLevel,monitoring full v0 plus state and aggregate context,Int64,582,1.1884550084889642,472,0.0,direct_monitoring_overlap,aggregate,day_D,awakeAverageStressLevel,True,direct_monitoring_overlap,False
monitoring_full_wake_pre_sleep_plus_state_plus_aggregate,166,agg__awakeActivityHours,monitoring full v0 plus state and aggregate context,Float64,582,1.1884550084889642,472,0.0,direct_monitoring_overlap,aggregate,day_D,awakeActivityHours,True,direct_monitoring_overlap,False
monitoring_full_wake_pre_sleep_plus_state_plus_aggregate,167,agg__awakeLowStressHours,monitoring full v0 plus state and aggregate context,Float64,582,1.1884550084889642,472,0.0,direct_monitoring_overlap,aggregate,day_D,awakeLowStressHours,True,direct_monitoring_overlap,False
monitoring_full_wake_pre_sleep_plus_state_plus_aggregate,168,agg__awakeMediumStressHours,monitoring full v0 plus state and aggregate context,Float64,582,1.1884550084889642,472,0.0,direct_monitoring_overlap,aggregate,day_D,awakeMediumStressHours,True,direct_monitoring_overlap,False
monitoring_full_wake_pre_sleep_plus_state_plus_aggregate,169,agg__awakeHighStressHours,monitoring full v0 plus state and aggregate context,Float64,581,1.3582342954159592,472,0.0,direct_monitoring_overlap,aggregate,day_D,awakeHighStressHours,True,direct_monitoring_overlap,False
monitoring_full_wake_pre_sleep_plus_state_plus_aggregate,170,agg__awakeRestHours,monitoring full v0 plus state and aggregate context,Float64,572,2.886247877758913,469,0.6355932203389831,direct_monitoring_overlap,aggregate,day_D,awakeRestHours,True,direct_monitoring_overlap,False
monitoring_full_wake_pre_sleep_plus_state_plus_aggregate,171,agg__awakeUncatHours,monitoring full v0 plus state and aggregate context,Float64,581,1.3582342954159592,472,0.0,direct_monitoring_overlap,aggregate,day_D,awakeUncatHours,True,direct_monitoring_overlap,False
monitoring_full_wake_pre_sleep_plus_state_plus_aggregate,172,agg__awakeMeasuredHours,monitoring full v0 plus state and aggregate context,Float64,582,1.1884550084889642,472,0.0,direct_monitoring_overlap,aggregate,day_D,awakeMeasuredHours,True,direct_monitoring_overlap,False
monitoring_full_wake_pre_sleep_plus_state_plus_aggregate,173,agg__awakeActivityShare,monitoring full v0 plus state and aggregate context,float64,582,1.1884550084889642,472,0.0,direct_monitoring_overlap,aggregate,day_D,awakeActivityShare,True,direct_monitoring_overlap,False
monitoring_full_wake_pre_sleep_plus_state_plus_aggregate,174,agg__awakeLowStressShare,monitoring full v0 plus state and aggregate context,float64,582,1.1884550084889642,472,0.0,direct_monitoring_overlap,aggregate,day_D,awakeLowStressShare,True,direct_monitoring_overlap,False
monitoring_full_wake_pre_sleep_plus_state_plus_aggregate,175,agg__awakeMediumStressShare,monitoring full v0 plus state and aggregate context,float64,582,1.1884550084889642,472,0.0,direct_monitoring_overlap,aggregate,day_D,awakeMediumStressShare,True,direct_monitoring_overlap,False
monitoring_full_wake_pre_sleep_plus_state_plus_aggregate,176,agg__awakeHighStressShare,monitoring full v0 plus state and aggregate context,float64,581,1.3582342954159592,472,0.0,direct_monitoring_overlap,aggregate,day_D,awakeHighStressShare,True,direct_monitoring_overlap,False
monitoring_full_wake_pre_sleep_plus_state_plus_aggregate,177,agg__awakeRestShare,monitoring full v0 plus state and aggregate context,float64,572,2.886247877758913,469,0.6355932203389831,direct_monitoring_overlap,aggregate,day_D,awakeRestShare,True,direct_monitoring_overlap,False
monitoring_full_wake_pre_sleep_plus_state_plus_aggregate,178,agg__awakeUncatShare,monitoring full v0 plus state and aggregate context,float64,581,1.3582342954159592,472,0.0,direct_monitoring_overlap,aggregate,day_D,awakeUncatShare,True,direct_monitoring_overlap,False
monitoring_full_wake_pre_sleep_plus_state_plus_aggregate,179,agg__moderateIntensityMinutes,monitoring full v0 plus state and aggregate context,Int64,582,1.1884550084889642,472,0.0,non_overlapping_day_context,aggregate,day_D,moderateIntensityMinutes,True,non_overlapping_day_context,True
monitoring_full_wake_pre_sleep_plus_state_plus_aggregate,180,agg__vigorousIntensityMinutes,monitoring full v0 plus state and aggregate context,Int64,582,1.1884550084889642,472,0.0,non_overlapping_day_context,aggregate,day_D,vigorousIntensityMinutes,True,non_overlapping_day_context,True
